id,freshness_label,posting_date,posting_date_precision,priority_score,company,exact_role_title,normalized_role_type,location,country,remote_or_hybrid,term,official_url,canonical_url,requisition_id,ats_platform,source_names,status,applied_status,requires_us_citizenship,requires_us_work_auth,requires_export_control,eligibility_notes,first_found_at,last_seen_at,agent_only,application_deadline,notes
769,Fresh,2026-07-19T16:30:53+00:00,relative,6,Orion Health,Software Engineering Summer Internships 2026/27,Software Engineer Intern,"Auckland, New Zealand +1",,Onsite,,https://apply.workable.com/orion-health/j/9046F1E366/,https://apply.workable.com/orion-health/j/9046F1E366,,,SpeedyApply 2027 SWE Intl,Unverified,Not applied,0,0,0,,2026-07-20T16:31:26+00:00,2026-07-20T16:31:26+00:00,0,,
286,Late discovery,2026-07-17T23:01:29+00:00,relative,4,Virtu Financial,Internship - Software Engineer,Software Engineer Intern,Singapore,,Onsite,,https://job-boards.greenhouse.io/virturecruitinghidden/jobs/8089215002,https://job-boards.greenhouse.io/virturecruitinghidden/jobs/8089215002,,,SpeedyApply 2027 SWE Intl,Open,Not applied,0,0,0,,2026-07-18T23:04:31+00:00,2026-07-20T16:31:26+00:00,0,,
776,Late discovery,2026-07-17T16:30:53+00:00,relative,4,Intel,AI Software Engineering Intern,Software Engineer Intern,"Hillsboro, OR +1",,Onsite,,https://intel.wd1.myworkdayjobs.com/en-US/external/job/US-Oregon-Hillsboro/AI-Software-Engineering-Intern_JR0282639,https://intel.wd1.myworkdayjobs.com/en-US/external/job/US-Oregon-Hillsboro/AI-Software-Engineering-Intern_JR0282639,0282639,workday,SpeedyApply 2027 AI,Open,Not applied,0,0,0,,2026-07-20T16:31:26+00:00,2026-07-20T16:31:26+00:00,0,,
770,Late discovery,2026-07-17T16:30:53+00:00,relative,2,ASML,GenAI Software Developer Internship,Software Developer Intern,"Shenzhen, China",,Onsite,,https://asml.wd3.myworkdayjobs.com/en-US/asmlext1/job/Shenzhen-China/GenAI-Software-Developer-Internship_J-00347662,https://asml.wd3.myworkdayjobs.com/en-US/asmlext1/job/Shenzhen-China/GenAI-Software-Developer-Internship_J-00347662,,workday,SpeedyApply 2027 SWE Intl,Open,Not applied,0,0,0,,2026-07-20T16:31:26+00:00,2026-07-20T16:31:26+00:00,0,,
771,Late discovery,2026-07-17T16:30:53+00:00,relative,2,HP,Cloud Engineering Intern,Cloud Engineer Intern,"Tlaquepaque, Mexico",,Onsite,,https://hp.wd5.myworkdayjobs.com/en-US/externalcareersite/job/Tlaquepaque-Jalisco-Mexico/Cloud-Engineering-Intern_3166173-1,https://hp.wd5.myworkdayjobs.com/en-US/externalcareersite/job/Tlaquepaque-Jalisco-Mexico/Cloud-Engineering-Intern_3166173-1,,workday,SpeedyApply 2027 SWE Intl,Open,Not applied,0,0,0,,2026-07-20T16:31:26+00:00,2026-07-20T16:31:26+00:00,0,,
763,Late discovery,2026-07-17T01:44:00+00:00,relative,1,Citadel Securities,Software Engineer - Intern - Europe,Software Engineer Intern,"London, United Kingdom",,Onsite,,https://www.citadelsecurities.com/careers/details/software-engineer-intern-europe/,https://www.citadelsecurities.com/careers/details/software-engineer-intern-europe,,,SpeedyApply 2027 SWE Intl,Unverified,Not applied,0,0,0,,2026-07-19T01:44:08+00:00,2026-07-20T16:31:26+00:00,0,,
287,Late discovery,2026-07-16T23:01:29+00:00,relative,5,Genesys,Software Developer - Test Intern - 12mos,Software Developer Intern,"Toronto, Canada",Canada,Onsite,,https://genesys.wd1.myworkdayjobs.com/en-US/genesys/job/Toronto-Flexible/Software-Developer--Test-Intern--12mos-_JR109267-1,https://genesys.wd1.myworkdayjobs.com/en-US/genesys/job/Toronto-Flexible/Software-Developer--Test-Intern--12mos-_JR109267-1,,,SpeedyApply 2027 SWE Intl,Open,Not applied,0,0,0,,2026-07-18T23:04:31+00:00,2026-07-20T16:31:26+00:00,0,,
238,Late discovery,2026-07-16T23:01:29+00:00,relative,4,Netic,Full-Stack Software Engineer - Product - Intern - 2026-2027,Software Engineer Intern,"San Francisco, CA",United States,Onsite,,https://www.netic.ai/,https://www.netic.ai,,,SpeedyApply 2027 SWE,Open,Not applied,0,0,0,,2026-07-18T23:04:31+00:00,2026-07-18T23:16:08+00:00,0,,
240,Late discovery,2026-07-16T23:01:29+00:00,relative,4,The Trade Desk,2027 North America Software Engineering Internship,Software Engineer Intern,"Denver, CO +2",,Onsite,,https://www.thetradedesk.com/,https://thetradedesk.com,,,SpeedyApply 2027 SWE,Open,Not applied,0,0,0,,2026-07-18T23:04:31+00:00,2026-07-18T23:16:08+00:00,0,,
239,Late discovery,2026-07-16T23:01:29+00:00,relative,2,Old Mission Capital,Software Engineer - 2027 Internship Program - June Start,Software Engineer Intern,"Chicago, IL",United States,Onsite,,https://www.oldmissioncapital.com/careers/?gh_jid=7796180003,https://www.oldmissioncapital.com/careers?gh_jid=7796180003,,,SpeedyApply 2027 SWE,Open,Not applied,0,0,0,,2026-07-18T23:04:31+00:00,2026-07-20T16:31:26+00:00,0,,
288,Late discovery,2026-07-16T23:01:29+00:00,relative,1,Lilly,Intern - Full Stack Engineer,Full Stack Engineer Intern,"Bengaluru, India",,Onsite,,https://lilly.wd115.myworkdayjobs.com/en-US/lly/job/India-Bangalore/Intern---Full-Stack-Engineer_R-108598-1,https://lilly.wd115.myworkdayjobs.com/en-US/lly/job/India-Bangalore/Intern---Full-Stack-Engineer_R-108598-1,,,SpeedyApply 2027 SWE Intl,Unverified,Not applied,0,0,0,,2026-07-18T23:04:31+00:00,2026-07-20T16:31:26+00:00,0,,Official verification failed (HTTP 403); Verification failed HTTP 403
289,Late discovery,2026-07-16T23:01:29+00:00,relative,-1,Orion Innovation,Software Engineer Intern - Bioinformatics & Genomics,Software Engineer Intern,"Remote - Belgrade, Serbia",,Remote,,https://www.orioninc.com/careers/job/?gh_jid=4697184006,https://www.orioninc.com/careers/job?gh_jid=4697184006,,,SpeedyApply 2027 SWE Intl,Unverified,Not applied,0,0,0,,2026-07-18T23:04:31+00:00,2026-07-20T16:31:26+00:00,0,,Official verification failed (HTTP 403); Verification failed HTTP 403
237,Late discovery,2026-07-16T23:01:29+00:00,relative,-1,Chevron,2026-2027 Information Technology - Software Engineer - Intern,Software Engineer Intern,"Houston, TX",United States,Onsite,,https://chevron.wd5.myworkdayjobs.com/en-US/university/job/Houston-Texas-United-States-of-America/XMLNAME-2026-2027-Information-Technology---Software-Engineer---Intern_R000072398-1,https://chevron.wd5.myworkdayjobs.com/en-US/university/job/Houston-Texas-United-States-of-America/XMLNAME-2026-2027-Information-Technology---Software-Engineer---Intern_R000072398-1,,,SpeedyApply 2027 SWE,Unverified,Not applied,0,0,0,,2026-07-18T23:04:31+00:00,2026-07-20T16:31:26+00:00,0,,Official verification failed (HTTP 403); Verification failed HTTP 403
359,Late discovery,2026-07-16T23:01:29+00:00,relative,-1,Arkansas Center for Data Sciences,AI Software Engineer Intern- Bastazo,Software Engineer Intern,"Bentonville, AR",,Onsite,,https://jobs.lever.co/acds/65b739c3-02ad-4814-ad24-24abecbc83f4,https://jobs.lever.co/acds/65b739c3-02ad-4814-ad24-24abecbc83f4,,,SpeedyApply 2027 AI,Unverified,Not applied,0,0,0,,2026-07-18T23:04:31+00:00,2026-07-20T16:31:26+00:00,0,,Official verification failed (HTTP 0); Verification failed HTTP 0
1,Late discovery,2026-07-16T23:01:25+00:00,relative,4,Western Digital,Software Engineering Co-op,Software Developer Co-op,"Rochester, MN",,Onsite,Winter 2027,https://jobs.smartrecruiters.com/WesternDigital/744000138184309?utm_source=Simplify&amp;ref=Simplify,https://jobs.smartrecruiters.com/WesternDigital/744000138184309?amp;ref=Simplify,,smartrecruiters,Simplify Off-Season,Open,Not applied,0,0,0,,2026-07-18T23:04:31+00:00,2026-07-18T23:04:31+00:00,0,,
764,Late discovery,2026-07-16T01:44:00+00:00,relative,1,Citadel,Software Engineer - Intern - Europe,Software Engineer Intern,"London, United Kingdom",,Onsite,,https://www.citadel.com/careers/details/software-engineer-intern-europe/,https://www.citadel.com/careers/details/software-engineer-intern-europe,,,SpeedyApply 2027 SWE Intl,Unverified,Not applied,0,0,0,,2026-07-19T01:44:08+00:00,2026-07-20T16:31:26+00:00,0,,
765,Late discovery,2026-07-16T01:44:00+00:00,relative,1,Citadel,Software Engineer - Intern - Asia,Software Engineer Intern,Hong Kong +1,,Onsite,,https://www.citadel.com/careers/details/software-engineer-intern-asia/,https://www.citadel.com/careers/details/software-engineer-intern-asia,,,SpeedyApply 2027 SWE Intl,Unverified,Not applied,0,0,0,,2026-07-19T01:44:08+00:00,2026-07-20T16:31:26+00:00,0,,
766,Late discovery,2026-07-16T01:44:00+00:00,relative,1,Citadel Securities,Software Engineer - Intern - Australia,Software Engineer Intern,"Sydney, Australia",,Onsite,,https://www.citadelsecurities.com/careers/details/software-engineer-intern-australia/,https://www.citadelsecurities.com/careers/details/software-engineer-intern-australia,,,SpeedyApply 2027 SWE Intl,Unverified,Not applied,0,0,0,,2026-07-19T01:44:08+00:00,2026-07-20T16:31:26+00:00,0,,
767,Late discovery,2026-07-16T01:44:00+00:00,relative,1,Citadel Securities,Software Engineer - Intern - Asia,Software Engineer Intern,Hong Kong +1,,Onsite,,https://www.citadelsecurities.com/careers/details/software-engineer-intern-asia/,https://www.citadelsecurities.com/careers/details/software-engineer-intern-asia,,,SpeedyApply 2027 SWE Intl,Unverified,Not applied,0,0,0,,2026-07-19T01:44:08+00:00,2026-07-20T16:31:26+00:00,0,,
573,Late discovery,2026-07-16T00:00:00+00:00,date,2,[Cybernetic Labs](https://jobs.ashbyhq.com/netic/f291394a-f3c5-4f46-9b87-77aea3d487ef/application?embed=true),Full-Stack Software Engineer Intern - Product,Software Engineer Intern,SF,United States,Onsite,"Winter 2026, Spring 2026, Summer 2026, Fall 2026, Winter 2027, Spring 2027, Summer 2027",https://jobs.ashbyhq.com/netic/f291394a-f3c5-4f46-9b87-77aea3d487ef/application?embed=true,https://jobs.ashbyhq.com/netic/f291394a-f3c5-4f46-9b87-77aea3d487ef/application?embed=true,f291394a-f3c5-4f46-9b87-77aea3d487ef,ashby,Internship Tracker SWE; SpeedyApply 2027 SWE; Cursor Agent Monitor,Open,Not applied,0,0,0,,2026-07-18T23:16:08+00:00,2026-07-20T16:37:00+00:00,0,,
290,Late discovery,2026-07-15T23:01:29+00:00,relative,5,CAE,C-MAD-100 Test Software Developer Intern,Software Developer Intern,"Montréal, Canada +1",Canada,Onsite,,https://cae.wd3.myworkdayjobs.com/en-US/career/job/Montreal-St-Laurent/XMLNAME----C-MAD-100-Test-Software-Developer-Intern_122512,https://cae.wd3.myworkdayjobs.com/en-US/career/job/Montreal-St-Laurent/XMLNAME----C-MAD-100-Test-Software-Developer-Intern_122512,,,SpeedyApply 2027 SWE Intl,Open,Not applied,0,0,0,,2026-07-18T23:04:31+00:00,2026-07-20T16:31:26+00:00,0,,
241,Late discovery,2026-07-15T23:01:29+00:00,relative,2,Copart,Software Engineering Intern,Software Engineer Intern,"Dallas, TX",United States,Onsite,,https://copart.wd12.myworkdayjobs.com/en-US/copart/job/Dallas-TX---Headquarters/Software-Engineering-Intern_JR109689,https://copart.wd12.myworkdayjobs.com/en-US/copart/job/Dallas-TX---Headquarters/Software-Engineering-Intern_JR109689,,,SpeedyApply 2027 SWE,Open,Not applied,0,0,0,,2026-07-18T23:04:31+00:00,2026-07-20T16:31:26+00:00,0,,
234,Late discovery,2026-07-15T23:01:29+00:00,relative,2,Five Rings,Summer Intern 2027 - Software Developer,Software Developer Intern,"New York City, NY",United States,Onsite,,https://job-boards.greenhouse.io/fiveringsllc/jobs/5349707008,https://job-boards.greenhouse.io/fiveringsllc/jobs/5349707008,,,SpeedyApply 2027 SWE,Open,Not applied,0,0,0,,2026-07-18T23:04:31+00:00,2026-07-20T16:31:26+00:00,0,,
292,Late discovery,2026-07-15T23:01:29+00:00,relative,2,Reonic,Software Engineering Intern - Greentech - m/f/d,Software Engineer Intern,"Berlin, Germany",,Onsite,,https://jobs.ashbyhq.com/reonic/dd26ab09-62de-4d27-9e11-64eccb2e33df,https://jobs.ashbyhq.com/reonic/dd26ab09-62de-4d27-9e11-64eccb2e33df,,,SpeedyApply 2027 SWE Intl,Open,Not applied,0,0,0,,2026-07-18T23:04:31+00:00,2026-07-20T16:31:26+00:00,0,,
242,Late discovery,2026-07-15T23:01:29+00:00,relative,2,SEL,Software Engineer Intern,Software Engineer Intern,"Washington, DC +1",,Onsite,,https://selinc.wd1.myworkdayjobs.com/en-US/sel/job/Washington---Pullman/Software-Engineer-Intern_2026-21720,https://selinc.wd1.myworkdayjobs.com/en-US/sel/job/Washington---Pullman/Software-Engineer-Intern_2026-21720,,,SpeedyApply 2027 SWE,Open,Not applied,0,0,0,,2026-07-18T23:04:31+00:00,2026-07-20T16:31:26+00:00,0,,
293,Late discovery,2026-07-15T23:01:29+00:00,relative,2,Sysco,Intern - Software Engineering,Software Engineer Intern,Sri Lanka,,Onsite,,https://sysco.wd5.myworkdayjobs.com/en-US/syscocareers/job/Sysco-LABS-----Sri-Lanka/Intern---Software-Engineering_R258865,https://sysco.wd5.myworkdayjobs.com/en-US/syscocareers/job/Sysco-LABS-----Sri-Lanka/Intern---Software-Engineering_R258865,,,SpeedyApply 2027 SWE Intl,Open,Not applied,0,0,0,,2026-07-18T23:04:31+00:00,2026-07-20T16:31:26+00:00,0,,
232,Late discovery,2026-07-15T23:01:29+00:00,relative,1,Citadel,Software Engineer - Intern - US,Software Engineer Intern,"Houston, TX +2",United States,Onsite,,https://www.citadel.com/careers,https://www.citadel.com/careers,,,SpeedyApply 2027 SWE; SpeedyApply 2027 SWE Intl,Unverified,Not applied,0,0,0,,2026-07-18T23:04:31+00:00,2026-07-19T00:45:40+00:00,0,,Official verification failed (HTTP 403); Verification failed HTTP 403
233,Late discovery,2026-07-15T23:01:29+00:00,relative,1,Citadel Securities,Software Engineer - Intern - US,Software Engineer Intern,"Miami, FL +1",,Onsite,,https://www.citadelsecurities.com/careers/details/software-engineer-intern-us/,https://www.citadelsecurities.com/careers/details/software-engineer-intern-us,,,SpeedyApply 2027 SWE; SpeedyApply 2027 SWE Intl,Unverified,Not applied,0,0,0,,2026-07-18T23:04:31+00:00,2026-07-20T16:31:26+00:00,0,,Official verification failed (HTTP 403); Verification failed HTTP 403
291,Late discovery,2026-07-15T23:01:29+00:00,relative,0,NXP Semiconductors,Intern - f/m/d Embedded Software & Automotive Networking,Embedded Software Intern,"Munich, Germany +2",,Onsite,,https://nxp.wd3.myworkdayjobs.com/en-US/careers/job/Munich/Intern--f-m-d--Embedded-Software---Automotive-Networking_R-10065362,https://nxp.wd3.myworkdayjobs.com/en-US/careers/job/Munich/Intern--f-m-d--Embedded-Software---Automotive-Networking_R-10065362,,,SpeedyApply 2027 SWE Intl,Open,Not applied,0,0,0,,2026-07-18T23:04:31+00:00,2026-07-20T16:31:26+00:00,0,,
574,Late discovery,2026-07-15T00:00:00+00:00,date,2,[The Trade Desk](https://job-boards.greenhouse.io/thetradedesk/jobs/5187605007),Software Engineering Intern,Software Engineer Intern,"Seattle, WA, Irvine, CA, NYC, Bellevue, WA, Denver, CO, Boulder, CO",United States,Onsite,"Winter 2027, Spring 2027, Summer 2027, Fall 2027, Winter 2028, Spring 2028, Summer 2028",https://job-boards.greenhouse.io/thetradedesk/jobs/5187605007,https://job-boards.greenhouse.io/thetradedesk/jobs/5187605007,5187605007,greenhouse,Internship Tracker SWE; SpeedyApply 2027 SWE,Open,Not applied,0,0,0,,2026-07-18T23:16:08+00:00,2026-07-20T16:31:26+00:00,0,,
790,Late discovery,2026-07-15T00:00:00,date,-2,Blue Origin,Software Developer Intern - Graduate (Spring 2027),Software Developer Intern,"Greater Seattle Area, WA",United States,Onsite,Spring 2027,https://blueorigin.wd5.myworkdayjobs.com/en-US/BlueOrigin/job/Spring-2027--Software-Developer-Internship---Graduate_R66409,https://blueorigin.wd5.myworkdayjobs.com/en-US/BlueOrigin/job/Spring-2027--Software-Developer-Internship---Graduate_R66409,,workday,Cursor Agent Monitor,Open,Not applied,1,1,1,US citizenship likely required for export-controlled work; U.S. citizenship required,2026-07-20T16:37:00+00:00,2026-07-20T16:37:00+00:00,1,,from 20260720T163628Z.json; duckduckgo_ats→workday_resolve; Graduate-level internship; R66409; new listing not previously in DB; freshness_hint=Fresh
791,Late discovery,2026-07-15T00:00:00,date,-2,Blue Origin,Avionics Software Internship - Graduate (Spring 2027),Software Engineer Intern,"Greater Seattle Area, WA",United States,Onsite,Spring 2027,https://blueorigin.wd5.myworkdayjobs.com/en-US/BlueOrigin/job/Spring-2027-Avionics-Software-Internship---Graduate_R66209,https://blueorigin.wd5.myworkdayjobs.com/en-US/BlueOrigin/job/Spring-2027-Avionics-Software-Internship---Graduate_R66209,,workday,Cursor Agent Monitor,Open,Not applied,1,1,1,US citizenship likely required for export-controlled avionics work; U.S. citizenship required,2026-07-20T16:37:00+00:00,2026-07-20T16:37:00+00:00,1,,from 20260720T163628Z.json; duckduckgo_ats→workday_resolve; Graduate-level avionics software internship; R66209; new listing not previously in DB; freshness_hint=Fresh
568,Late discovery,2026-07-14T23:16:08+00:00,relative,6,Jane Street,Data Engineer Summer Internship,Data Engineering Intern,"New York City, NY",United States,Onsite,,https://www.janestreet.com/join-jane-street/position/8631973002,https://www.janestreet.com/join-jane-street/position/8631973002,,,SpeedyApply 2027 AI,Open,Not applied,0,0,0,,2026-07-18T23:16:08+00:00,2026-07-20T16:31:26+00:00,0,,
542,Late discovery,2026-07-14T23:16:08+00:00,relative,5,DRW,Software Developer Intern,Software Developer Intern,"Montréal, Canada",Canada,Onsite,Summer 2028,https://job-boards.greenhouse.io/drweng/jobs/7991196,https://job-boards.greenhouse.io/drweng/jobs/7991196,7991196,greenhouse,SpeedyApply 2027 SWE Intl; Internship Tracker SWE; Company ATS:DRW,Open,Not applied,0,0,0,,2026-07-18T23:16:08+00:00,2026-07-20T16:31:26+00:00,0,,
543,Late discovery,2026-07-14T23:16:08+00:00,relative,2,Motorola Solutions,Intern Software Developer - C/C++,Software Developer Intern,"Kraków, Poland",,Onsite,,https://motorolasolutions.wd5.myworkdayjobs.com/en-US/careers/job/Krakow-Poland/Intern-Software-Developer--C-C---_R65919,https://motorolasolutions.wd5.myworkdayjobs.com/en-US/careers/job/Krakow-Poland/Intern-Software-Developer--C-C---_R65919,,workday,SpeedyApply 2027 SWE Intl,Open,Not applied,0,0,0,,2026-07-18T23:16:08+00:00,2026-07-20T16:31:26+00:00,0,,
295,Late discovery,2026-07-14T23:01:29+00:00,relative,5,TMX,Software Engineer Intern - Java,Software Engineer Intern,"Toronto, Canada",Canada,Onsite,,https://tmx.wd3.myworkdayjobs.com/en-US/tmx_careers/job/Toronto---100-Adelaide-St-W/Software-Engineer-Intern--Java-_R-6219,https://tmx.wd3.myworkdayjobs.com/en-US/tmx_careers/job/Toronto---100-Adelaide-St-W/Software-Engineer-Intern--Java-_R-6219,,,SpeedyApply 2027 SWE Intl,Open,Not applied,0,0,0,,2026-07-18T23:04:31+00:00,2026-07-20T16:31:26+00:00,0,,
243,Late discovery,2026-07-14T23:01:29+00:00,relative,2,DRW,Software Developer Intern,Software Developer Intern,"Chicago, IL",United States,Onsite,,https://www.drw.com/,https://drw.com,,,SpeedyApply 2027 SWE; SpeedyApply 2027 SWE Intl,Open,Not applied,0,0,0,,2026-07-18T23:04:31+00:00,2026-07-18T23:16:08+00:00,0,,
244,Late discovery,2026-07-14T23:01:29+00:00,relative,2,Joby Aviation,Software Engineer Intern - Air Taxi,Software Engineer Intern,"San Carlos, CA",United States,Onsite,,https://careers-jobyaviation.icims.com/jobs/5168/software-engineer-intern----air-taxi/job,https://careers-jobyaviation.icims.com/jobs/5168/software-engineer-intern----air-taxi/job,,,SpeedyApply 2027 SWE,Open,Not applied,0,0,0,,2026-07-18T23:04:31+00:00,2026-07-20T16:31:26+00:00,0,,
246,Late discovery,2026-07-14T23:01:29+00:00,relative,2,Serval,Software Engineer Intern,Software Engineer Intern,"San Francisco, CA",United States,Onsite,,https://www.serval.com/,https://www.serval.com,,,SpeedyApply 2027 SWE,Open,Not applied,0,0,0,,2026-07-18T23:04:31+00:00,2026-07-18T23:16:08+00:00,0,,
294,Late discovery,2026-07-14T23:01:29+00:00,relative,2,Bosch,Extracurricular Internship: Embedded Software Engineer for Room Controls - f/m/div.,Embedded Software Intern,"Aveiro, Portugal",,Onsite,,https://jobs.smartrecruiters.com/BoschGroup/744000137631169-extracurricular-internship-embedded-software-engineer-for-room-controls-f-m-div-?oga=true,https://jobs.smartrecruiters.com/BoschGroup/744000137631169-extracurricular-internship-embedded-software-engineer-for-room-controls-f-m-div-?oga=true,,,SpeedyApply 2027 SWE Intl,Open,Not applied,0,0,0,,2026-07-18T23:04:31+00:00,2026-07-20T16:31:26+00:00,0,,
245,Late discovery,2026-07-14T23:01:29+00:00,relative,2,Persona AI,Teleoperation Software Engineering Internship,Software Engineer Intern,"Pensacola, FL +1",,Onsite,,https://persona.ai/,http://persona.ai,,,SpeedyApply 2027 SWE,Open,Not applied,0,0,0,,2026-07-18T23:04:31+00:00,2026-07-18T23:04:31+00:00,0,,
712,Late discovery,2026-07-13T23:16:25+00:00,relative,4,Jump Trading,Campus Software Engineer - Intern,Software Engineer Intern,"London, United Kingdom",,Onsite,,https://www.jumptrading.com/hr/job?gh_jid=7975026,https://www.jumptrading.com/hr/job?gh_jid=7975026,7975026,,SpeedyApply 2027 SWE Intl; Company ATS:Jump Trading,Open,Not applied,0,0,0,,2026-07-18T23:16:25+00:00,2026-07-20T16:31:26+00:00,0,,
541,Late discovery,2026-07-13T23:16:08+00:00,relative,4,Jump Trading,Campus UI Software Engineer - Intern,Software Engineer Intern,"London, United Kingdom",,Onsite,,https://www.jumptrading.com/hr/job?gh_jid=7974943,https://www.jumptrading.com/hr/job?gh_jid=7974943,7974943,,SpeedyApply 2027 SWE Intl; Company ATS:Jump Trading,Open,Not applied,0,0,0,,2026-07-18T23:16:08+00:00,2026-07-20T16:31:26+00:00,0,,
544,Late discovery,2026-07-13T23:16:08+00:00,relative,2,DRW,Software Developer Intern,Software Developer Intern,"Amsterdam, The Netherlands",,Onsite,,https://job-boards.greenhouse.io/drweng/jobs/8020364,https://job-boards.greenhouse.io/drweng/jobs/8020364,8020364,greenhouse,SpeedyApply 2027 SWE Intl; Company ATS:DRW,Open,Not applied,0,0,0,,2026-07-18T23:16:08+00:00,2026-07-20T16:31:26+00:00,0,,
545,Late discovery,2026-07-13T23:16:08+00:00,relative,2,DRW,Software Developer Intern,Software Developer Intern,"London, United Kingdom",,Onsite,Summer 2026,https://job-boards.greenhouse.io/drweng/jobs/7942281,https://job-boards.greenhouse.io/drweng/jobs/7942281,7942281,greenhouse,SpeedyApply 2027 SWE Intl; Internship Tracker SWE; Company ATS:DRW,Open,Not applied,0,0,0,,2026-07-18T23:16:08+00:00,2026-07-20T16:31:26+00:00,0,,
546,Late discovery,2026-07-13T23:16:08+00:00,relative,2,DRW,Software Developer Intern - C++,Software Developer Intern,Singapore,,Onsite,,https://job-boards.greenhouse.io/drweng/jobs/8014910,https://job-boards.greenhouse.io/drweng/jobs/8014910,8014910,greenhouse,SpeedyApply 2027 SWE Intl; Company ATS:DRW,Open,Not applied,0,0,0,,2026-07-18T23:16:08+00:00,2026-07-20T16:31:26+00:00,0,,
547,Late discovery,2026-07-13T23:16:08+00:00,relative,0,GE HealthCare,Intern Firmware,Firmware Intern,,,Onsite,,https://gehc.wd5.myworkdayjobs.com/en-US/gehc_externalsite/job/IND19-01-Bengaluru-EPIP-122-Phase-II/Intern-Firmware_R4039981-1,https://gehc.wd5.myworkdayjobs.com/en-US/gehc_externalsite/job/IND19-01-Bengaluru-EPIP-122-Phase-II/Intern-Firmware_R4039981-1,,workday,SpeedyApply 2027 SWE Intl,Open,Not applied,0,0,0,,2026-07-18T23:16:08+00:00,2026-07-20T16:31:26+00:00,0,,
296,Late discovery,2026-07-13T23:01:29+00:00,relative,4,Formlabs,Software Engineer Intern - Full stack,Full Stack Engineer Intern,"Budapest, Hungary",,Onsite,,https://careers.formlabs.com/job/8059424/apply/?gh_jid=8059424,https://careers.formlabs.com/job/8059424/apply?gh_jid=8059424,,,SpeedyApply 2027 SWE Intl,Open,Not applied,0,0,0,,2026-07-18T23:04:31+00:00,2026-07-20T16:31:26+00:00,0,,
297,Late discovery,2026-07-13T23:01:29+00:00,relative,2,GE HealthCare,Software Intern,Software Engineer Intern,"Bengaluru, India",,Onsite,,https://gehc.wd5.myworkdayjobs.com/en-US/gehc_externalsite/job/Bengaluru/Software-Intern_R4041235-1,https://gehc.wd5.myworkdayjobs.com/en-US/gehc_externalsite/job/Bengaluru/Software-Intern_R4041235-1,,,SpeedyApply 2027 SWE Intl,Open,Not applied,0,0,0,,2026-07-18T23:04:31+00:00,2026-07-20T16:31:26+00:00,0,,
131,Late discovery,2026-07-13T23:01:26+00:00,relative,1,Nextiva,AI Engineer Intern,AI Engineering Intern,"Scottsdale, AZ",,Onsite,"Winter 2026, Spring 2026",https://simplify.jobs/c/Nextiva?utm_source=GHList&amp;utm_medium=company,https://simplify.jobs/c/Nextiva?amp;utm_medium=company,,,Simplify Off-Season,Unverified,Not applied,0,0,0,,2026-07-18T23:04:31+00:00,2026-07-18T23:16:08+00:00,0,,Aggregator URL only
2,Late discovery,2026-07-13T23:01:25+00:00,relative,2,Persona AI,Teleoperation Software Engineering Internship,Software Engineer Intern,"Houston, TX Pensacola, FL",United States,Onsite,"Fall 2026, Spring 2027",https://jobs.ashbyhq.com/persona.ai/6078fafd-ba34-4c89-b260-7eb15be3cb9c/application?utm_source=Simplify&amp;ref=Simplify,https://jobs.ashbyhq.com/persona.ai/6078fafd-ba34-4c89-b260-7eb15be3cb9c/application?amp;ref=Simplify,6078fafd-ba34-4c89-b260-7eb15be3cb9c,ashby,Simplify Off-Season; SpeedyApply 2027 SWE; Internship Tracker SWE,Open,Not applied,0,0,0,,2026-07-18T23:04:31+00:00,2026-07-20T16:31:26+00:00,0,,
576,Late discovery,2026-07-13T00:00:00+00:00,date,1,[Jump Trading](https://boards.greenhouse.io/embed/job_app?token=7975026),Campus Software Engineer Intern,Software Engineer Intern,"London, UK",,Onsite,Summer 2026,https://boards.greenhouse.io/embed/job_app?token=7975026,https://boards.greenhouse.io/embed/job_app?token=7975026,,greenhouse,Internship Tracker SWE,Open,Not applied,0,0,0,,2026-07-18T23:16:08+00:00,2026-07-20T16:31:26+00:00,0,,
575,Late discovery,2026-07-13T00:00:00+00:00,date,-1,[DRW](https://job-boards.greenhouse.io/drweng/jobs/7992936),Software Developer Intern,Software Developer Intern,"Chicago, IL",United States,Onsite,Summer 2026,https://job-boards.greenhouse.io/drweng/jobs/7992936,https://job-boards.greenhouse.io/drweng/jobs/7992936,7992936,greenhouse,Internship Tracker SWE; SpeedyApply 2027 SWE; Company ATS:DRW,Open,Not applied,0,0,0,,2026-07-18T23:16:08+00:00,2026-07-20T16:31:26+00:00,0,,
548,Late discovery,2026-07-12T23:16:08+00:00,relative,-1,GE Vernova,Grid Automation & Software Intern,Software Engineer Intern,"Cairo, Egypt",,Onsite,,https://gevernova.wd5.myworkdayjobs.com/en-US/only_confidential_executive_recruiting/job/Cairo/Grid-Automation---Software-Intern_R5041905-1,https://gevernova.wd5.myworkdayjobs.com/en-US/only_confidential_executive_recruiting/job/Cairo/Grid-Automation---Software-Intern_R5041905-1,,workday,SpeedyApply 2027 SWE Intl,Open,Not applied,0,0,0,,2026-07-18T23:16:08+00:00,2026-07-20T16:31:26+00:00,0,,
571,Late discovery,2026-07-11T23:16:08+00:00,relative,1,Exowatt,Software Engineering Intern - Agent Platform - AI,Platform Engineer Intern,"Miami, FL",,Onsite,,https://jobs.lever.co/exowatt/2623555d-8b81-4f95-8bca-de9fafd2381c,https://jobs.lever.co/exowatt/2623555d-8b81-4f95-8bca-de9fafd2381c,2623555d-8b81-4f95-8bca-de9fafd2381c,lever,SpeedyApply 2027 AI,Open,Not applied,0,0,0,,2026-07-18T23:16:08+00:00,2026-07-20T16:31:26+00:00,0,,
248,Late discovery,2026-07-11T23:01:29+00:00,relative,-1,Exowatt,Software Engineering Intern - Inventory Automation & IoT/Robotics,Software Engineer Intern,"Austin, TX",United States,Onsite,,https://jobs.lever.co/exowatt/46c8f4fd-f059-4ad6-a5f4-4fcd55d84f9c,https://jobs.lever.co/exowatt/46c8f4fd-f059-4ad6-a5f4-4fcd55d84f9c,,,SpeedyApply 2027 SWE; SpeedyApply 2027 AI,Open,Not applied,0,0,0,,2026-07-18T23:04:31+00:00,2026-07-20T16:31:26+00:00,0,,
249,Late discovery,2026-07-11T23:01:29+00:00,relative,-1,Pylon,Software Engineer - Intern,Software Engineer Intern,"San Francisco, CA",United States,Onsite,,https://jobs.ashbyhq.com/pylon-labs/fcea8b52-81f1-4b0c-b575-d7b180faec4d,https://jobs.ashbyhq.com/pylon-labs/fcea8b52-81f1-4b0c-b575-d7b180faec4d,,,SpeedyApply 2027 SWE,Open,Not applied,0,0,0,,2026-07-18T23:04:31+00:00,2026-07-20T16:31:26+00:00,0,,
247,Late discovery,2026-07-11T23:01:29+00:00,relative,-3,Black Cape,US Military Skillbridge Internship - Software Engineer_Arlington - VA,Software Engineer Intern,"Arlington, VA",,Onsite,,http://blackcape.applytojob.com/apply/7o6mmAYryt/US-Military-Skillbridge-Internship-Software-EngineerArlington-VA,http://blackcape.applytojob.com/apply/7o6mmAYryt/US-Military-Skillbridge-Internship-Software-EngineerArlington-VA,,,SpeedyApply 2027 SWE,Open,Not applied,0,0,1,Export-control eligibility required,2026-07-18T23:04:31+00:00,2026-07-20T16:31:26+00:00,0,,
533,Late discovery,2026-07-10T23:16:08+00:00,relative,1,TikTok,Backend Software Engineer Intern - TikTok Foundation - 2027 Start - BS/MS,Backend Engineer Intern,"Sydney, Australia",,Onsite,,https://lifeattiktok.com/search/7660769587276892469,https://lifeattiktok.com/search/7660769587276892469,,,SpeedyApply 2027 SWE Intl,Open,Not applied,0,0,0,,2026-07-18T23:16:08+00:00,2026-07-20T16:31:26+00:00,0,,
534,Late discovery,2026-07-10T23:16:08+00:00,relative,-1,TikTok,Frontend Software Engineer Intern - TikTok Foundation - 2027 Start - BS/MS,Frontend Engineer Intern,"Sydney, Australia",,Onsite,,https://lifeattiktok.com/search/7660767857640802565,https://lifeattiktok.com/search/7660767857640802565,,,SpeedyApply 2027 SWE Intl,Open,Not applied,0,0,0,,2026-07-18T23:16:08+00:00,2026-07-20T16:31:26+00:00,0,,
535,Late discovery,2026-07-10T23:16:08+00:00,relative,-1,TikTok,Software Engineer Intern - Multimedia Framework - C++ - 2027 Start - BS/MS,Software Engineer Intern,"Sydney, Australia",,Onsite,,https://lifeattiktok.com/search/7660769585826154805,https://lifeattiktok.com/search/7660769585826154805,,,SpeedyApply 2027 SWE Intl,Open,Not applied,0,0,0,,2026-07-18T23:16:08+00:00,2026-07-20T16:31:26+00:00,0,,
282,Late discovery,2026-07-10T23:01:29+00:00,relative,1,Stripe,Software Engineer - Intern,Software Engineer Intern,"Bengaluru, India",,Onsite,,https://stripe.com/en-ca,https://www.stripe.com,,,SpeedyApply 2027 SWE Intl,Open,Not applied,0,0,0,,2026-07-18T23:04:31+00:00,2026-07-19T00:45:26+00:00,0,,
298,Late discovery,2026-07-10T23:01:29+00:00,relative,-1,Tencent,Cloud Engineer Intern,Cloud Engineer Intern,,,Onsite,,https://tencent.wd1.myworkdayjobs.com/en-US/tencent_careers/job/Singapore-CapitaSky/Cloud-Engineer-Intern_R107771,https://tencent.wd1.myworkdayjobs.com/en-US/tencent_careers/job/Singapore-CapitaSky/Cloud-Engineer-Intern_R107771,,,SpeedyApply 2027 SWE Intl,Open,Not applied,0,0,0,,2026-07-18T23:04:31+00:00,2026-07-20T16:31:26+00:00,0,,
569,Late discovery,2026-07-09T23:16:08+00:00,relative,3,Jump Trading,Campus Data Engineer - Intern,Data Engineering Intern,"Chicago, IL",United States,Onsite,,https://www.jumptrading.com/hr/job?gh_jid=8002998,https://www.jumptrading.com/hr/job?gh_jid=8002998,8002998,,SpeedyApply 2027 AI; Company ATS:Jump Trading,Open,Not applied,0,0,0,,2026-07-18T23:16:08+00:00,2026-07-20T16:31:26+00:00,0,,
549,Late discovery,2026-07-09T23:16:08+00:00,relative,-1,Bosch,Extracurricular Internship: Embedded Software Engineer - eBike - f/m/div.,Embedded Software Intern,"Ovar, Portugal",,Onsite,,https://jobs.smartrecruiters.com/BoschGroup/744000136783559-extracurricular-internship-embedded-software-engineer-ebike-f-m-div-?oga=true,https://jobs.smartrecruiters.com/BoschGroup/744000136783559-extracurricular-internship-embedded-software-engineer-ebike-f-m-div-?oga=true,,smartrecruiters,SpeedyApply 2027 SWE Intl,Open,Not applied,0,0,0,,2026-07-18T23:16:08+00:00,2026-07-20T16:31:26+00:00,0,,
300,Late discovery,2026-07-09T23:01:29+00:00,relative,2,Amgen,Undergraduate Co-op Student - Software Engineer - Large Molecule Discovery - Technology,Software Developer Co-op,Canada +1,Canada,Onsite,,https://amgen.wd1.myworkdayjobs.com/en-US/careers/job/Canada---Burnaby/Undergraduate--Co-op-Student---Software-Engineer---Large-Molecule-Discovery---Technology_R-249424,https://amgen.wd1.myworkdayjobs.com/en-US/careers/job/Canada---Burnaby/Undergraduate--Co-op-Student---Software-Engineer---Large-Molecule-Discovery---Technology_R-249424,,,SpeedyApply 2027 SWE Intl,Open,Not applied,0,0,0,,2026-07-18T23:04:31+00:00,2026-07-20T16:31:26+00:00,0,,
360,Late discovery,2026-07-09T23:01:29+00:00,relative,1,Cotiviti,Intern - AI Engineer,AI Engineering Intern,Remote - USA,United States,Remote,,https://careers-cotiviti.icims.com/jobs/19531/intern---ai-engineer/job,https://careers-cotiviti.icims.com/jobs/19531/intern---ai-engineer/job,,,SpeedyApply 2027 AI,Open,Not applied,0,0,0,,2026-07-18T23:04:31+00:00,2026-07-20T16:31:26+00:00,0,,
235,Late discovery,2026-07-09T23:01:29+00:00,relative,-1,Jump Trading,Campus Software Engineer - Intern,Software Engineer Intern,"Chicago, IL",United States,Onsite,,https://www.jumptrading.com,https://www.jumptrading.com,,,SpeedyApply 2027 SWE; SpeedyApply 2027 SWE Intl; SpeedyApply 2027 AI,Open,Not applied,0,0,0,,2026-07-18T23:04:31+00:00,2026-07-18T23:04:31+00:00,0,,
299,Late discovery,2026-07-09T23:01:29+00:00,relative,-3,Alcon,Internship Front End Engineering,Frontend Engineer Intern,"Johor Bahru, Malaysia",,Onsite,,https://alcon.wd5.myworkdayjobs.com/en-US/careers_alcon/job/Johor-Malaysia/Internship-Front-End-Engineering_R-2026-48279,https://alcon.wd5.myworkdayjobs.com/en-US/careers_alcon/job/Johor-Malaysia/Internship-Front-End-Engineering_R-2026-48279,,,SpeedyApply 2027 SWE Intl,Open,Not applied,0,0,0,,2026-07-18T23:04:31+00:00,2026-07-20T16:31:26+00:00,0,,
197,Late discovery,2026-07-09T00:00:00+00:00,date,1,Jump Trading Group,Campus UI Software Engineer Intern,Software Engineer Intern,"Chicago, IL",United States,Onsite,,https://www.jumptrading.com/hr/job?gh_jid=8003019&utm_source=github-vansh-ouckah,https://www.jumptrading.com/hr/job?gh_jid=8003019,8003019,,Vansh Summer2027; SpeedyApply 2027 SWE; Company ATS:Jump Trading,Open,Not applied,0,0,0,,2026-07-18T23:04:31+00:00,2026-07-20T16:31:26+00:00,0,,
198,Late discovery,2026-07-09T00:00:00+00:00,date,-1,↳,Software Engineer Intern,Software Engineer Intern,"Chicago, IL",United States,Onsite,,https://www.jumptrading.com/hr/job?gh_jid=8002989&utm_source=github-vansh-ouckah,https://www.jumptrading.com/hr/job?gh_jid=8002989,8002989,,Vansh Summer2027; SpeedyApply 2027 SWE; Company ATS:Jump Trading,Open,Not applied,0,0,0,,2026-07-18T23:04:31+00:00,2026-07-20T16:31:26+00:00,0,,
196,Late discovery,2026-07-09T00:00:00+00:00,date,-1,Rakuten International,Software Engineer Intern,Software Engineer Intern,"San Mateo, California",,Onsite,,https://rakuten.wd1.myworkdayjobs.com/en-US/RakutenAmericas/job/San-Mateo-California/Intern---Software-Engineer--AI-User-Experience_1033171?utm_source=github-vansh-ouckah,https://rakuten.wd1.myworkdayjobs.com/en-US/RakutenAmericas/job/San-Mateo-California/Intern---Software-Engineer--AI-User-Experience_1033171,,workday,Vansh Summer2027,Open,Not applied,0,0,0,,2026-07-18T23:04:31+00:00,2026-07-20T16:31:26+00:00,0,,
707,Late discovery,2026-07-08T23:16:25+00:00,relative,-1,TikTok,Software Engineer Intern - Multimedia Arch-Live - 2027 Start - BS/MS,Software Engineer Intern,"Sydney, Australia",,Onsite,,https://lifeattiktok.com/search/7659948535374776629,https://lifeattiktok.com/search/7659948535374776629,,,SpeedyApply 2027 SWE Intl,Open,Not applied,0,0,0,,2026-07-18T23:16:25+00:00,2026-07-20T16:31:26+00:00,0,,
301,Late discovery,2026-07-08T23:01:29+00:00,relative,-1,Activate Interactive Pte,Software Engineering Intern - IN26005,Software Engineer Intern,"Singapore, Singapore",,Onsite,,https://apply.workable.com/activate-interactive-pte-ltd/j/1AD6CF565A/,https://apply.workable.com/activate-interactive-pte-ltd/j/1AD6CF565A,,,SpeedyApply 2027 SWE Intl,Open,Not applied,0,0,0,,2026-07-18T23:04:31+00:00,2026-07-20T16:31:26+00:00,0,,
302,Late discovery,2026-07-08T23:01:29+00:00,relative,-4,Caterpillar,Software Intern,Software Engineer Intern,"Wuxi, China",,Onsite,,https://www.caterpillar.com,https://www.caterpillar.com,,,SpeedyApply 2027 SWE Intl,Unverified,Not applied,0,0,0,,2026-07-18T23:04:31+00:00,2026-07-19T01:48:15+00:00,0,,Official verification failed (HTTP 0); Verification failed HTTP 0
577,Late discovery,2026-07-08T00:00:00+00:00,date,1,[Jump Trading](https://boards.greenhouse.io/embed/job_app?token=8002989),Campus Software Engineer Intern,Software Engineer Intern,"Chicago, IL",United States,Onsite,Summer 2026,https://boards.greenhouse.io/embed/job_app?token=8002989,https://boards.greenhouse.io/embed/job_app?token=8002989,,greenhouse,Internship Tracker SWE,Open,Not applied,0,0,0,,2026-07-18T23:16:08+00:00,2026-07-20T16:31:26+00:00,0,,
570,Late discovery,2026-07-07T23:16:08+00:00,relative,3,Jane Street,Machine Learning Engineer Summer Internship,ML Engineering Intern,"New York City, NY",United States,Onsite,,https://www.janestreet.com/join-jane-street/position/8611307002,https://www.janestreet.com/join-jane-street/position/8611307002,,,SpeedyApply 2027 AI,Open,Not applied,0,0,0,,2026-07-18T23:16:08+00:00,2026-07-20T16:31:26+00:00,0,,
526,Late discovery,2026-07-07T23:16:08+00:00,relative,1,Jane Street,Software Engineer Winter Co-Op,Software Developer Co-op,"New York City, NY",United States,Onsite,,https://www.janestreet.com/join-jane-street/position/8419303002,https://www.janestreet.com/join-jane-street/position/8419303002,,,SpeedyApply 2027 SWE,Open,Not applied,0,0,0,,2026-07-18T23:16:08+00:00,2026-07-20T16:31:26+00:00,0,,
550,Late discovery,2026-07-07T23:16:08+00:00,relative,-1,Tencent,Software Engineering Intern,Software Engineer Intern,,,Onsite,,https://tencent.wd1.myworkdayjobs.com/en-US/tencent_careers/job/United-Kindom-London/Software-Engineering-Intern_R107162-1,https://tencent.wd1.myworkdayjobs.com/en-US/tencent_careers/job/United-Kindom-London/Software-Engineering-Intern_R107162-1,,workday,SpeedyApply 2027 SWE Intl,Open,Not applied,0,0,0,,2026-07-18T23:16:08+00:00,2026-07-20T16:31:26+00:00,0,,
303,Late discovery,2026-07-07T23:01:29+00:00,relative,2,Ada,Software Engineering Intern,Software Engineer Intern,Remote - Canada,Canada,Remote,,https://job-boards.greenhouse.io/ada18/jobs/5180710007,https://job-boards.greenhouse.io/ada18/jobs/5180710007,,,SpeedyApply 2027 SWE Intl,Unverified,Not applied,0,0,0,,2026-07-18T23:04:31+00:00,2026-07-20T16:31:26+00:00,0,,Official verification failed (HTTP 403); Verification failed HTTP 403
236,Late discovery,2026-07-07T23:01:29+00:00,relative,1,Jane Street,Software Engineer Summer Internship,Software Engineer Intern,"New York City, NY",United States,Onsite,,https://www.janestreet.com/join-jane-street/position/8599644002,https://www.janestreet.com/join-jane-street/position/8599644002,,,SpeedyApply 2027 SWE; SpeedyApply 2027 AI,Open,Not applied,0,0,0,,2026-07-18T23:04:31+00:00,2026-07-20T16:31:26+00:00,0,,
305,Late discovery,2026-07-07T23:01:29+00:00,relative,1,GeoComply,Software Engineer Intern - Backend,Backend Engineer Intern,"Ho Chi Minh City, Vietnam",,Onsite,,https://jobs.lever.co/geocomply-2/b98890bb-ce91-4535-830c-085fd915bfb0,https://jobs.lever.co/geocomply-2/b98890bb-ce91-4535-830c-085fd915bfb0,,,SpeedyApply 2027 SWE Intl,Open,Not applied,0,0,0,,2026-07-18T23:04:31+00:00,2026-07-20T16:31:26+00:00,0,,
307,Late discovery,2026-07-07T23:01:29+00:00,relative,0,Rockwell Automation,Intern - Firmware Engineering,Firmware Intern,"Cambridge, Canada",Canada,Onsite,,https://rockwellautomation.wd1.myworkdayjobs.com/en-US/external_rockwell_automation/job/Cambridge-Ontario-Canada/Intern--Firmware-Engineering_R26-4530-1,https://rockwellautomation.wd1.myworkdayjobs.com/en-US/external_rockwell_automation/job/Cambridge-Ontario-Canada/Intern--Firmware-Engineering_R26-4530-1,,,SpeedyApply 2027 SWE Intl,Open,Not applied,0,0,0,,2026-07-18T23:04:31+00:00,2026-07-20T16:31:26+00:00,0,,
308,Late discovery,2026-07-07T23:01:29+00:00,relative,-1,Trimble,Software Engineering Intern,Software Engineer Intern,Remote - Lithuania +1,,Remote,,https://trimble.wd1.myworkdayjobs.com/en-US/trimblecareers/job/Lithuania---Vilnius/Software-Engineering-Intern_R56614,https://trimble.wd1.myworkdayjobs.com/en-US/trimblecareers/job/Lithuania---Vilnius/Software-Engineering-Intern_R56614,,,SpeedyApply 2027 SWE Intl,Open,Not applied,0,0,0,,2026-07-18T23:04:31+00:00,2026-07-20T16:31:26+00:00,0,,
304,Late discovery,2026-07-07T23:01:29+00:00,relative,-1,Endava,Software Developer Intern - 5G,Software Developer Intern,"Ho Chi Minh City, Vietnam",,Onsite,,https://jobs.smartrecruiters.com/Endava/744000136186869-software-developer-intern-5g-?oga=true,https://jobs.smartrecruiters.com/Endava/744000136186869-software-developer-intern-5g-?oga=true,,,SpeedyApply 2027 SWE Intl,Open,Not applied,0,0,0,,2026-07-18T23:04:31+00:00,2026-07-20T16:31:26+00:00,0,,
306,Late discovery,2026-07-07T23:01:29+00:00,relative,-1,Hitachi,Software Engineer Intern - Simulation & Validator Systems,Software Engineer Intern,"Singapore, Singapore",,Onsite,,https://hitachi.wd1.myworkdayjobs.com/en-US/hitachi/job/Singapore-Central-Singapore-Singapore/Software-Engineer-Intern--Simulation---Validator-Systems-_R1012820-1,https://hitachi.wd1.myworkdayjobs.com/en-US/hitachi/job/Singapore-Central-Singapore-Singapore/Software-Engineer-Intern--Simulation---Validator-Systems-_R1012820-1,,,SpeedyApply 2027 SWE Intl,Open,Not applied,0,0,0,,2026-07-18T23:04:31+00:00,2026-07-20T16:31:26+00:00,0,,
309,Late discovery,2026-07-07T23:01:29+00:00,relative,-3,WindBorne Systems,Firmware Intern,Firmware Intern,,,Onsite,,https://jobs.ashbyhq.com/windborne-systems/75c5c65c-8179-4ca0-9659-39bf0f8f7b8b,https://jobs.ashbyhq.com/windborne-systems/75c5c65c-8179-4ca0-9659-39bf0f8f7b8b,,,SpeedyApply 2027 SWE Intl,Open,Not applied,0,0,0,,2026-07-18T23:04:31+00:00,2026-07-20T16:31:26+00:00,0,,
205,Late discovery,2026-07-07T00:00:00+00:00,date,1,Anduril,Software Engineer Intern,Software Engineer Intern,"**6 locations** Atlanta, GA Boston, MA Costa Mesa, CA Irvine, CA Reston, VA Seattle, WA",United States,Onsite,,https://job-boards.greenhouse.io/andurilindustries/jobs/5148079007?gh_jid=5148079007&utm_source=github-vansh-ouckah,https://job-boards.greenhouse.io/andurilindustries/jobs/5148079007?gh_jid=5148079007,5148079007,greenhouse,Vansh Summer2027; sndsh404 Summer2027; SpeedyApply 2027 SWE; Company ATS:Anduril,Open,Not applied,0,0,0,U.S. citizenship required,2026-07-18T23:04:31+00:00,2026-07-20T16:31:26+00:00,0,,
199,Late discovery,2026-07-07T00:00:00+00:00,date,1,Optiver,Software Engineer Intern,Software Engineer Intern,"Chicago, IL",United States,Onsite,,https://www.optiver.com/join-us/jobs/technology/chicago/software-engineer-intern-summer-2027-chicago/?utm_source=github-vansh-ouckah,https://www.optiver.com/join-us/jobs/technology/chicago/software-engineer-intern-summer-2027-chicago,,,Vansh Summer2027; sndsh404 Summer2027,Open,Not applied,0,0,0,,2026-07-18T23:04:31+00:00,2026-07-20T16:31:26+00:00,0,,
204,Late discovery,2026-07-07T00:00:00+00:00,date,-1,Aquatic,Software Engineer Intern,Software Engineer Intern,"Chicago, IL",United States,Onsite,,https://job-boards.greenhouse.io/aquaticcapitalmanagement/jobs/8489233002?utm_source=github-vansh-ouckah,https://job-boards.greenhouse.io/aquaticcapitalmanagement/jobs/8489233002,8489233002,greenhouse,Vansh Summer2027; sndsh404 Summer2027,Open,Not applied,0,0,0,,2026-07-18T23:04:31+00:00,2026-07-20T16:31:26+00:00,0,,
202,Late discovery,2026-07-07T00:00:00+00:00,date,-1,DE Shaw,Software Developer Intern,Software Developer Intern,"New York, NY",United States,Onsite,,https://www.deshaw.com/careers/software-developer-intern-new-york-summer-2027-5894?utm_source=github-vansh-ouckah,https://www.deshaw.com/careers/software-developer-intern-new-york-summer-2027-5894,,,Vansh Summer2027; sndsh404 Summer2027,Open,Not applied,0,0,0,,2026-07-18T23:04:31+00:00,2026-07-20T16:31:26+00:00,0,,
201,Late discovery,2026-07-07T00:00:00+00:00,date,-1,IMC,Software Engineer Intern,Software Engineer Intern,"Chicago, IL",United States,Onsite,,https://job-boards.eu.greenhouse.io/imc/jobs/4823924101,https://job-boards.eu.greenhouse.io/imc/jobs/4823924101,4823924101,,Vansh Summer2027; sndsh404 Summer2027,Open,Not applied,0,0,0,,2026-07-18T23:04:31+00:00,2026-07-20T16:31:26+00:00,0,,
200,Late discovery,2026-07-07T00:00:00+00:00,date,-1,↳,Software Engineer Intern,Software Engineer Intern,"Austin, TX",United States,Onsite,,https://www.optiver.com/join-us/jobs/technology/austin/software-engineer-intern-summer-2027-austin/?utm_source=github-vansh-ouckah,https://www.optiver.com/join-us/jobs/technology/austin/software-engineer-intern-summer-2027-austin,,,Vansh Summer2027; sndsh404 Summer2027,Open,Not applied,0,0,0,,2026-07-18T23:04:31+00:00,2026-07-20T16:31:26+00:00,0,,
203,Late discovery,2026-07-07T00:00:00+00:00,date,-2,Citadel,Software Engineer Intern,Software Engineer Intern,"**4 locations** New York, NY Greenwich, CT Miami, FL Houston, TX",United States,Onsite,Summer 2026,https://www.citadel.com/careers/details/software-engineer-intern-us/?utm_source=github-vansh-ouckah,https://www.citadel.com/careers/details/software-engineer-intern-us,,,Vansh Summer2027; Internship Tracker SWE; SpeedyApply 2027 SWE,Unverified,Not applied,0,0,0,,2026-07-18T23:04:31+00:00,2026-07-20T16:31:26+00:00,0,,Official verification failed (HTTP 403); Verification failed HTTP 403
708,Late discovery,2026-07-06T23:16:25+00:00,relative,-1,TikTok,Software Engineer Intern - TikTok Live - 2027 Start - BS/MS,Software Engineer Intern,"Sydney, Australia",,Onsite,,https://lifeattiktok.com/search/7659284975782611253,https://lifeattiktok.com/search/7659284975782611253,,,SpeedyApply 2027 SWE Intl,Open,Not applied,0,0,0,,2026-07-18T23:16:25+00:00,2026-07-20T16:31:26+00:00,0,,
310,Late discovery,2026-07-06T23:01:29+00:00,relative,-1,Johnson & Johnson,Intern R&D Software Engineer,Software Engineer Intern,"Aachen, Germany",,Onsite,,https://www.jnj.com,https://www.jnj.com,,,SpeedyApply 2027 SWE Intl,Open,Not applied,0,0,0,,2026-07-18T23:04:31+00:00,2026-07-19T01:48:15+00:00,0,,
578,Late discovery,2026-07-06T00:00:00+00:00,date,1,[Jane Street](https://job-boards.greenhouse.io/janestreet/jobs/8419303002),Software Engineering Intern,Software Engineer Intern,NYC,,Onsite,N/A,https://job-boards.greenhouse.io/janestreet/jobs/8419303002,https://job-boards.greenhouse.io/janestreet/jobs/8419303002,8419303002,greenhouse,Internship Tracker SWE,Open,Not applied,0,0,0,,2026-07-18T23:16:08+00:00,2026-07-20T16:31:26+00:00,0,,
283,Late discovery,2026-07-03T23:01:29+00:00,relative,1,Microsoft,Software Engineering INTERN,Software Engineer Intern,Brazil,,Onsite,,https://apply.careers.microsoft.com/careers/job/1970393556875247,https://apply.careers.microsoft.com/careers/job/1970393556875247,,,SpeedyApply 2027 SWE Intl,Open,Not applied,0,0,0,,2026-07-18T23:04:31+00:00,2026-07-20T16:31:26+00:00,0,,
311,Late discovery,2026-07-03T23:01:29+00:00,relative,-1,Moloco,Software Engineer Intern - 3-month internship,Software Engineer Intern,"Seoul, South Korea",,Onsite,,https://job-boards.greenhouse.io/moloco/jobs/7793407003,https://job-boards.greenhouse.io/moloco/jobs/7793407003,,,SpeedyApply 2027 SWE Intl,Open,Not applied,0,0,0,,2026-07-18T23:04:31+00:00,2026-07-20T16:31:26+00:00,0,,
713,Late discovery,2026-07-02T23:16:25+00:00,relative,-1,Motorola Solutions,Intern Software Developer - Java,Software Developer Intern,"Kraków, Poland",,Onsite,,https://motorolasolutions.wd5.myworkdayjobs.com/en-US/careers/job/Krakow-Poland/Intern-Software-Developer--Java-_R66205,https://motorolasolutions.wd5.myworkdayjobs.com/en-US/careers/job/Krakow-Poland/Intern-Software-Developer--Java-_R66205,,workday,SpeedyApply 2027 SWE Intl,Open,Not applied,0,0,0,,2026-07-18T23:16:25+00:00,2026-07-20T16:31:26+00:00,0,,
536,Late discovery,2026-07-02T23:16:08+00:00,relative,1,TikTok,Backend Software Engineer Intern - Platform Engineering - 2027 Start - BS/MS,Platform Engineer Intern,"Sydney, Australia",,Onsite,,https://lifeattiktok.com/search/7657823445841955125,https://lifeattiktok.com/search/7657823445841955125,,,SpeedyApply 2027 SWE Intl,Open,Not applied,0,0,0,,2026-07-18T23:16:08+00:00,2026-07-20T16:31:26+00:00,0,,
551,Late discovery,2026-07-02T23:16:08+00:00,relative,-3,NXP Semiconductors,Internship: Embedded Software - Crypto Libraries - m/f/d,Embedded Software Intern,"Gratkorn, Austria",,Onsite,,https://nxp.wd3.myworkdayjobs.com/en-US/careers/job/Gratkorn/Internship--Embedded-Software--Crypto-Libraries---m-f-d-_R-10064789-1,https://nxp.wd3.myworkdayjobs.com/en-US/careers/job/Gratkorn/Internship--Embedded-Software--Crypto-Libraries---m-f-d-_R-10064789-1,,workday,SpeedyApply 2027 SWE Intl,Open,Not applied,0,0,0,,2026-07-18T23:16:08+00:00,2026-07-20T16:31:26+00:00,0,,
312,Late discovery,2026-07-02T23:01:29+00:00,relative,1,Intel,Development Tools Software Intern,Software Engineer Intern,"Guadalajara, Mexico",,Onsite,,https://intel.wd1.myworkdayjobs.com/en-US/external/job/Mexico-Guadalajara/Development-Tools-Software-Intern_JR0285211,https://intel.wd1.myworkdayjobs.com/en-US/external/job/Mexico-Guadalajara/Development-Tools-Software-Intern_JR0285211,,,SpeedyApply 2027 SWE Intl,Open,Not applied,0,0,0,,2026-07-18T23:04:31+00:00,2026-07-20T16:31:26+00:00,0,,
250,Late discovery,2026-07-02T23:01:29+00:00,relative,1,Palantir,Forward Deployed Software Engineer - Internship - Intel,Software Engineer Intern,"Washington, DC",,Onsite,,https://www.palantir.com,https://www.palantir.com,,,SpeedyApply 2027 SWE; SpeedyApply 2027 SWE Intl,Open,Not applied,0,0,0,Export-control eligibility required,2026-07-18T23:04:31+00:00,2026-07-18T23:16:08+00:00,0,,
313,Late discovery,2026-07-02T23:01:29+00:00,relative,-1,SAP Fioneer,Cloud-Native Frontend Developer Intern - f/m/d,Cloud Engineer Intern,"Munich, Germany +3",,Onsite,,https://apply.workable.com/fioneer/j/44D612236D/,https://apply.workable.com/fioneer/j/44D612236D,,,SpeedyApply 2027 SWE Intl,Open,Not applied,0,0,0,,2026-07-18T23:04:31+00:00,2026-07-20T16:31:26+00:00,0,,
3,Late discovery,2026-07-02T23:01:25+00:00,relative,1,Palantir,Forward Deployed Software Engineer Intern - Intel,Software Engineer Intern,"Washington, DC",,Onsite,"Winter 2027, Spring 2028",https://jobs.lever.co/palantir/9e40d77f-b07c-437b-98e7-def9b0184d89/apply?utm_source=Simplify&amp;ref=Simplify,https://jobs.lever.co/palantir/9e40d77f-b07c-437b-98e7-def9b0184d89/apply?amp;ref=Simplify,9e40d77f-b07c-437b-98e7-def9b0184d89,lever,Simplify Off-Season; SpeedyApply 2027 SWE; Internship Tracker SWE; Cursor Agent Monitor,Open,Not applied,0,0,0,,2026-07-18T23:04:31+00:00,2026-07-20T16:37:00+00:00,0,,
527,Late discovery,2026-07-01T23:16:08+00:00,relative,1,Palantir,Forward Deployed Software Engineer - Internship - Commercial,Software Engineer Intern,"Chicago, IL",United States,Onsite,"Winter 2027, Spring 2027, Summer 2027, Fall 2027, Winter 2028, Spring 2028",https://jobs.lever.co/palantir/d5486403-c050-4920-b2e0-91b69b61ebb2,https://jobs.lever.co/palantir/d5486403-c050-4920-b2e0-91b69b61ebb2,d5486403-c050-4920-b2e0-91b69b61ebb2,lever,SpeedyApply 2027 SWE; sndsh404 Summer2027; Internship Tracker SWE,Open,Not applied,0,0,0,Export-control eligibility required,2026-07-18T23:16:08+00:00,2026-07-20T16:31:26+00:00,0,,
537,Late discovery,2026-07-01T23:16:08+00:00,relative,1,Microsoft,Software Engineering INTERN,Software Engineer Intern,India,,Onsite,,https://apply.careers.microsoft.com/careers/job/1970393556911730,https://apply.careers.microsoft.com/careers/job/1970393556911730,1970393556911730,,SpeedyApply 2027 SWE Intl,Open,Not applied,0,0,0,,2026-07-18T23:16:08+00:00,2026-07-20T16:31:26+00:00,0,,
361,Late discovery,2026-07-01T23:01:29+00:00,relative,1,Nelnet,Intern - AI Engineer,AI Engineering Intern,"Lincoln, NE",,Onsite,,https://nelnet.wd1.myworkdayjobs.com/en-US/mynelnet/job/Lincoln-NE/Intern---AI-Engineer_R22763,https://nelnet.wd1.myworkdayjobs.com/en-US/mynelnet/job/Lincoln-NE/Intern---AI-Engineer_R22763,,,SpeedyApply 2027 AI,Open,Not applied,0,0,0,,2026-07-18T23:04:31+00:00,2026-07-20T16:31:26+00:00,0,,
315,Late discovery,2026-07-01T23:01:29+00:00,relative,0,Perplexity,Internship - Search Backend Infra Engineer,Backend Engineer Intern,"Belgrade, Serbia",,Onsite,,https://jobs.ashbyhq.com/perplexity/be94e89b-89d5-4f2a-a58b-7929c8d97f92,https://jobs.ashbyhq.com/perplexity/be94e89b-89d5-4f2a-a58b-7929c8d97f92,,,SpeedyApply 2027 SWE Intl,Unverified,Not applied,0,0,0,,2026-07-18T23:04:31+00:00,2026-07-20T16:31:26+00:00,0,,Official verification failed (HTTP 403); Verification failed HTTP 403
314,Late discovery,2026-07-01T23:01:29+00:00,relative,-1,Centific,Software Intern,Software Engineer Intern,Malaysia,,Onsite,,https://centific.wd1.myworkdayjobs.com/en-US/centific_global/job/Malaysia-Office--Penang/Software-Intern_JR107680-4,https://centific.wd1.myworkdayjobs.com/en-US/centific_global/job/Malaysia-Office--Penang/Software-Intern_JR107680-4,,,SpeedyApply 2027 SWE Intl,Open,Not applied,0,0,0,,2026-07-18T23:04:31+00:00,2026-07-20T16:31:26+00:00,0,,
251,Late discovery,2026-07-01T23:01:29+00:00,relative,-4,Sony,Software Engineer Intern,Software Engineer Intern,"San Diego, CA",United States,Onsite,,https://sonyglobal.wd1.myworkdayjobs.com/en-US/sonyglobalcareers/job/San-Diego/Software-Engineer-Intern_JR-119282,https://sonyglobal.wd1.myworkdayjobs.com/en-US/sonyglobalcareers/job/San-Diego/Software-Engineer-Intern_JR-119282,,,SpeedyApply 2027 SWE,Unverified,Not applied,0,0,0,,2026-07-18T23:04:31+00:00,2026-07-20T16:31:26+00:00,0,,Official verification failed (HTTP 403); Verification failed HTTP 403
7,Late discovery,2026-07-01T23:01:25+00:00,relative,-4,GE Appliances,Software Engineering Co-op,Software Developer Co-op,"Louisville, KY",,Onsite,Spring 2027,https://haier.wd3.myworkdayjobs.com/GE_Appliances/job/USA-Louisville-KY/Software-Engineering-Co-op-Spring-2027_REQ-26147,https://haier.wd3.myworkdayjobs.com/GE_Appliances/job/USA-Louisville-KY/Software-Engineering-Co-op-Spring-2027_REQ-26147,,,Simplify Off-Season; sndsh404 Summer2027,Unverified,Not applied,0,0,0,,2026-07-18T23:04:31+00:00,2026-07-20T16:31:26+00:00,0,,Aggregator URL only
513,Late discovery,2026-06-30T23:16:07+00:00,relative,0,The Home Depot,Firmware Developer Intern,Firmware Intern,"Toronto, ON, Canada",Canada,Onsite,Fall 2027,https://simplify.jobs/c/The-Home-Depot?utm_source=GHList&utm_medium=company,https://simplify.jobs/c/The-Home-Depot,,,Simplify Off-Season,Open,Not applied,0,0,0,,2026-07-18T23:16:08+00:00,2026-07-20T16:31:26+00:00,0,,
316,Late discovery,2026-06-30T23:01:29+00:00,relative,1,Covestro,PSRA Full Stack Developer Intern,Full Stack Engineer Intern,"Pudong, China",,Onsite,,https://covestro.wd3.myworkdayjobs.com/en-US/cov_external/job/Pudong-Shanghai-China/PSRA-Full-Stack-Developer-Intern_JR-2026-01117,https://covestro.wd3.myworkdayjobs.com/en-US/cov_external/job/Pudong-Shanghai-China/PSRA-Full-Stack-Developer-Intern_JR-2026-01117,,,SpeedyApply 2027 SWE Intl,Open,Not applied,0,0,0,,2026-07-18T23:04:31+00:00,2026-07-20T16:31:26+00:00,0,,
8,Late discovery,2026-06-30T23:01:25+00:00,relative,1,The Home Depot,Full Stack Software Developer Intern,Full Stack Engineer Intern,"Toronto, ON, Canada",Canada,Onsite,Fall 2027,https://simplify.jobs/c/The-Home-Depot?utm_source=GHList&amp;utm_medium=company,https://simplify.jobs/c/The-Home-Depot?amp;utm_medium=company,,,Simplify Off-Season,Unverified,Not applied,0,0,0,,2026-07-18T23:04:31+00:00,2026-07-18T23:16:08+00:00,0,,Aggregator URL only
579,Late discovery,2026-06-30T00:00:00+00:00,date,-3,[Susquehanna International Group (SIG)](https://careers-sig.icims.com/jobs/11137/job?mobile=true&needsRedirect=false),Financial Reporting AI Co-op,Software Developer Co-op,"Ardmore, PA",,Onsite,Summer 2026,https://careers-sig.icims.com/jobs/11137/job?mobile=true&needsRedirect=false,https://careers-sig.icims.com/jobs/11137/job?mobile=true&needsRedirect=false,11137,icims,Internship Tracker SWE,Open,Not applied,0,0,0,,2026-07-18T23:16:08+00:00,2026-07-20T16:31:26+00:00,0,,
552,Late discovery,2026-06-29T23:16:08+00:00,relative,-1,Motorola Solutions,Software Engineer Intern,Software Engineer Intern,"George Town, Malaysia",,Onsite,,https://motorolasolutions.wd5.myworkdayjobs.com/en-US/careers/job/Penang-Malaysia/Software-Engineer-Intern_R66328,https://motorolasolutions.wd5.myworkdayjobs.com/en-US/careers/job/Penang-Malaysia/Software-Engineer-Intern_R66328,,workday,SpeedyApply 2027 SWE Intl,Open,Not applied,0,0,0,,2026-07-18T23:16:08+00:00,2026-07-20T16:31:26+00:00,0,,
553,Late discovery,2026-06-29T23:16:08+00:00,relative,-3,Nidec,Firmware Engineering Intern,Firmware Intern,,,Onsite,,https://nidec.wd1.myworkdayjobs.com/en-US/nidec/job/EuropeGREMarkopoulo---Roboteq-Greece-IKE/Firmware-Engineering-Intern_R0016296,https://nidec.wd1.myworkdayjobs.com/en-US/nidec/job/EuropeGREMarkopoulo---Roboteq-Greece-IKE/Firmware-Engineering-Intern_R0016296,,workday,SpeedyApply 2027 SWE Intl,Open,Not applied,0,0,0,,2026-07-18T23:16:08+00:00,2026-07-20T16:31:26+00:00,0,,
362,Late discovery,2026-06-29T23:01:29+00:00,relative,1,Halo Industries,Software Engineer Intern - Machine Learning Workflow,ML Engineering Intern,"Santa Clara, CA",United States,Onsite,,https://apply.workable.com/halo-industries/j/29728B1DAF/,https://apply.workable.com/halo-industries/j/29728B1DAF,,,SpeedyApply 2027 AI,Open,Not applied,0,0,0,,2026-07-18T23:04:31+00:00,2026-07-20T16:31:26+00:00,0,,
317,Late discovery,2026-06-29T23:01:29+00:00,relative,-1,GlobalFoundries,Software Engineer Intern - Diploma,Software Engineer Intern,Singapore +1,,Onsite,,https://globalfoundries.wd1.myworkdayjobs.com/en-US/external/job/SGP---Woodlands/XMLNAME-2H-University-Intern---CMP-Module-Engineering_JR-2502765,https://globalfoundries.wd1.myworkdayjobs.com/en-US/external/job/SGP---Woodlands/XMLNAME-2H-University-Intern---CMP-Module-Engineering_JR-2502765,,,SpeedyApply 2027 SWE Intl,Open,Not applied,0,0,0,,2026-07-18T23:04:31+00:00,2026-07-20T16:31:26+00:00,0,,
318,Late discovery,2026-06-29T23:01:29+00:00,relative,-1,Grab,Software Engineer Intern,Software Engineer Intern,"Beijing, China",,Onsite,,https://jobs.smartrecruiters.com/Grab/744000134684719-software-engineer-intern?oga=true,https://jobs.smartrecruiters.com/Grab/744000134684719-software-engineer-intern?oga=true,,,SpeedyApply 2027 SWE Intl,Open,Not applied,0,0,0,,2026-07-18T23:04:31+00:00,2026-07-20T16:31:26+00:00,0,,
319,Late discovery,2026-06-29T23:01:29+00:00,relative,-2,Manulife,Full Stack Engineer Intern,Full Stack Engineer Intern,"Makati City, Philippines",,Onsite,,https://manulife.wd3.myworkdayjobs.com/en-US/mfcjh_jobs/job/Makati-City/Full-Stack-Engineer-Intern_JR26061875-1,https://manulife.wd3.myworkdayjobs.com/en-US/mfcjh_jobs/job/Makati-City/Full-Stack-Engineer-Intern_JR26061875-1,,,SpeedyApply 2027 SWE Intl,Unverified,Not applied,0,0,0,,2026-07-18T23:04:31+00:00,2026-07-20T16:31:26+00:00,0,,Official verification failed (HTTP 403); Verification failed HTTP 403
580,Late discovery,2026-06-29T00:00:00+00:00,date,4,[Remarcable](https://jobs.ashbyhq.com/remarcable-inc/38e76aaf-d0b3-40c7-8055-cb7e11ed26cd/application),Full Stack Developer Co-op,Full Stack Engineer Intern,"Vancouver, BC, Canada",Canada,Onsite,Summer 2026,https://jobs.ashbyhq.com/remarcable-inc/38e76aaf-d0b3-40c7-8055-cb7e11ed26cd/application,https://jobs.ashbyhq.com/remarcable-inc/38e76aaf-d0b3-40c7-8055-cb7e11ed26cd/application,38e76aaf-d0b3-40c7-8055-cb7e11ed26cd,ashby,Internship Tracker SWE,Open,Not applied,0,0,0,,2026-07-18T23:16:08+00:00,2026-07-20T16:31:26+00:00,0,,
581,Late discovery,2026-06-29T00:00:00+00:00,date,3,[Palantir](https://jobs.lever.co/palantir/373367a9-3160-49d8-b7af-2efec062fad1/apply),Software Engineer Intern - Production Infrastructure,Infrastructure Engineer Intern,"Seattle, WA",United States,Onsite,"Winter 2028, Spring 2028, Summer 2028",https://jobs.lever.co/palantir/373367a9-3160-49d8-b7af-2efec062fad1/apply,https://jobs.lever.co/palantir/373367a9-3160-49d8-b7af-2efec062fad1/apply,373367a9-3160-49d8-b7af-2efec062fad1,lever,Internship Tracker SWE; sndsh404 Summer2027,Open,Not applied,0,0,0,,2026-07-18T23:16:08+00:00,2026-07-20T16:31:26+00:00,0,,
582,Late discovery,2026-06-29T00:00:00+00:00,date,3,[Palantir](https://jobs.lever.co/palantir/f221738b-e97c-4ce3-a12a-17ada2b855e4/apply),Software Engineer Intern - Infrastructure,Infrastructure Engineer Intern,"Palo Alto, CA",United States,Onsite,"Winter 2028, Spring 2028, Summer 2028",https://jobs.lever.co/palantir/f221738b-e97c-4ce3-a12a-17ada2b855e4/apply,https://jobs.lever.co/palantir/f221738b-e97c-4ce3-a12a-17ada2b855e4/apply,f221738b-e97c-4ce3-a12a-17ada2b855e4,lever,Internship Tracker SWE,Open,Not applied,0,0,0,,2026-07-18T23:16:08+00:00,2026-07-20T16:31:26+00:00,0,,
583,Late discovery,2026-06-29T00:00:00+00:00,date,3,[Palantir](https://jobs.lever.co/palantir/37964982-9b4c-471e-a1d8-fb8f45d7f116/apply),Software Engineer Intern - Production Infrastructure,Infrastructure Engineer Intern,NYC,,Onsite,"Winter 2028, Spring 2028, Summer 2028",https://jobs.lever.co/palantir/37964982-9b4c-471e-a1d8-fb8f45d7f116/apply,https://jobs.lever.co/palantir/37964982-9b4c-471e-a1d8-fb8f45d7f116/apply,37964982-9b4c-471e-a1d8-fb8f45d7f116,lever,Internship Tracker SWE,Open,Not applied,0,0,0,,2026-07-18T23:16:08+00:00,2026-07-20T16:31:26+00:00,0,,
584,Late discovery,2026-06-29T00:00:00+00:00,date,3,[Palantir](https://jobs.lever.co/palantir/3ab9e715-1ea9-4c6c-ad50-7340eac14e86/apply),Software Engineer Intern - Production Infrastructure,Infrastructure Engineer Intern,"Washington, DC",,Onsite,"Winter 2028, Spring 2028, Summer 2028",https://jobs.lever.co/palantir/3ab9e715-1ea9-4c6c-ad50-7340eac14e86/apply,https://jobs.lever.co/palantir/3ab9e715-1ea9-4c6c-ad50-7340eac14e86/apply,3ab9e715-1ea9-4c6c-ad50-7340eac14e86,lever,Internship Tracker SWE,Open,Not applied,0,0,0,,2026-07-18T23:16:08+00:00,2026-07-20T16:31:26+00:00,0,,
585,Late discovery,2026-06-29T00:00:00+00:00,date,1,[Palantir](https://jobs.lever.co/palantir/a483f41b-0da9-42ea-8ed6-cbf6eb93cc6d/apply),Software Engineer Intern - Defense Tech,Software Engineer Intern,"Palo Alto, CA",United States,Onsite,"Winter 2028, Spring 2028, Summer 2028",https://jobs.lever.co/palantir/a483f41b-0da9-42ea-8ed6-cbf6eb93cc6d/apply,https://jobs.lever.co/palantir/a483f41b-0da9-42ea-8ed6-cbf6eb93cc6d/apply,a483f41b-0da9-42ea-8ed6-cbf6eb93cc6d,lever,Internship Tracker SWE,Open,Not applied,0,0,0,,2026-07-18T23:16:08+00:00,2026-07-20T16:31:26+00:00,0,,
590,Late discovery,2026-06-29T00:00:00+00:00,date,1,[Palantir](https://jobs.lever.co/palantir/09846827-b931-4a9f-bd64-c3bb8860187b/apply),Privacy and Civil Liberties Software Engineer Intern,Software Engineer Intern,NYC,,Onsite,"Winter 2027, Spring 2027, Summer 2027, Fall 2027",https://jobs.lever.co/palantir/09846827-b931-4a9f-bd64-c3bb8860187b/apply,https://jobs.lever.co/palantir/09846827-b931-4a9f-bd64-c3bb8860187b/apply,09846827-b931-4a9f-bd64-c3bb8860187b,lever,Internship Tracker SWE,Open,Not applied,0,0,0,,2026-07-18T23:16:08+00:00,2026-07-20T16:31:26+00:00,0,,
587,Late discovery,2026-06-29T00:00:00+00:00,date,1,[Palantir](https://jobs.lever.co/palantir/373eb939-6f57-4836-8479-be79a5e07249/apply),Software Engineer Intern,Software Engineer Intern,"Denver, CO",,Onsite,"Winter 2028, Spring 2028, Summer 2028",https://jobs.lever.co/palantir/373eb939-6f57-4836-8479-be79a5e07249/apply,https://jobs.lever.co/palantir/373eb939-6f57-4836-8479-be79a5e07249/apply,373eb939-6f57-4836-8479-be79a5e07249,lever,Internship Tracker SWE,Open,Not applied,0,0,0,,2026-07-18T23:16:08+00:00,2026-07-20T16:31:26+00:00,0,,
591,Late discovery,2026-06-29T00:00:00+00:00,date,1,[Palantir](https://jobs.lever.co/palantir/4d29249a-d7e8-4c39-880d-3b35d7b2f6f6/apply),Forward Deployed Software Engineer Intern - Commercial,Software Engineer Intern,NYC,,Onsite,"Winter 2027, Spring 2028, Summer 2028",https://jobs.lever.co/palantir/4d29249a-d7e8-4c39-880d-3b35d7b2f6f6/apply,https://jobs.lever.co/palantir/4d29249a-d7e8-4c39-880d-3b35d7b2f6f6/apply,4d29249a-d7e8-4c39-880d-3b35d7b2f6f6,lever,Internship Tracker SWE,Open,Not applied,0,0,0,,2026-07-18T23:16:08+00:00,2026-07-20T16:31:26+00:00,0,,
589,Late discovery,2026-06-29T00:00:00+00:00,date,1,[Palantir](https://jobs.lever.co/palantir/7d69cf8a-06fd-4f05-bd84-27149db29c4d/apply),Software Engineer Intern,Software Engineer Intern,NYC,,Onsite,"Winter 2028, Spring 2028, Summer 2028",https://jobs.lever.co/palantir/7d69cf8a-06fd-4f05-bd84-27149db29c4d/apply,https://jobs.lever.co/palantir/7d69cf8a-06fd-4f05-bd84-27149db29c4d/apply,7d69cf8a-06fd-4f05-bd84-27149db29c4d,lever,Internship Tracker SWE,Open,Not applied,0,0,0,,2026-07-18T23:16:08+00:00,2026-07-20T16:31:26+00:00,0,,
588,Late discovery,2026-06-29T00:00:00+00:00,date,1,[Palantir](https://jobs.lever.co/palantir/8bcf4f33-0a79-4248-bbfd-49ac4be9dd8e/apply),Software Engineer Intern - Defense Tech,Software Engineer Intern,NYC,,Onsite,"Winter 2028, Spring 2028, Summer 2028",https://jobs.lever.co/palantir/8bcf4f33-0a79-4248-bbfd-49ac4be9dd8e/apply,https://jobs.lever.co/palantir/8bcf4f33-0a79-4248-bbfd-49ac4be9dd8e/apply,8bcf4f33-0a79-4248-bbfd-49ac4be9dd8e,lever,Internship Tracker SWE,Open,Not applied,0,0,0,,2026-07-18T23:16:08+00:00,2026-07-20T16:31:26+00:00,0,,
586,Late discovery,2026-06-29T00:00:00+00:00,date,1,[Palantir](https://jobs.lever.co/palantir/bdcfb29f-4f27-42de-933f-7f83a359b9f0/apply),Software Engineer Intern,Software Engineer Intern,"Washington, DC",,Onsite,"Winter 2028, Spring 2028, Summer 2028",https://jobs.lever.co/palantir/bdcfb29f-4f27-42de-933f-7f83a359b9f0/apply,https://jobs.lever.co/palantir/bdcfb29f-4f27-42de-933f-7f83a359b9f0/apply,bdcfb29f-4f27-42de-933f-7f83a359b9f0,lever,Internship Tracker SWE,Open,Not applied,0,0,0,,2026-07-18T23:16:08+00:00,2026-07-20T16:31:26+00:00,0,,
320,Late discovery,2026-06-27T23:01:29+00:00,relative,-4,OPSWAT,Software Developer Intern,Software Developer Intern,"Timişoara, Romania",,Onsite,,https://www.opswat.com/jobs/4625141005?gh_jid=4625141005,https://www.opswat.com/jobs/4625141005?gh_jid=4625141005,,,SpeedyApply 2027 SWE Intl,Unverified,Not applied,0,0,0,,2026-07-18T23:04:31+00:00,2026-07-20T16:31:26+00:00,0,,Official verification failed (HTTP 403); Verification failed HTTP 403
321,Late discovery,2026-06-26T23:01:29+00:00,relative,-1,Philips,Software Intern,Software Engineer Intern,,,Onsite,,https://philips.wd3.myworkdayjobs.com/en-US/jobs-and-careers/job/Suzhou/Software-Intern_586709,https://philips.wd3.myworkdayjobs.com/en-US/jobs-and-careers/job/Suzhou/Software-Intern_586709,,,SpeedyApply 2027 SWE Intl,Open,Not applied,0,0,0,,2026-07-18T23:04:31+00:00,2026-07-20T16:31:26+00:00,0,,
594,Late discovery,2026-06-26T00:00:00+00:00,date,-1,[Espa AI](https://jobs.ashbyhq.com/espa/6fa2d441-971f-44c4-9a4e-3304ea041cc8/application),Software Engineer Intern,Software Engineer Intern,SF,United States,Onsite,"Winter 2026, Spring 2026, Summer 2026",https://jobs.ashbyhq.com/espa/6fa2d441-971f-44c4-9a4e-3304ea041cc8/application,https://jobs.ashbyhq.com/espa/6fa2d441-971f-44c4-9a4e-3304ea041cc8/application,6fa2d441-971f-44c4-9a4e-3304ea041cc8,ashby,Internship Tracker SWE,Open,Not applied,0,0,0,,2026-07-18T23:16:08+00:00,2026-07-20T16:31:26+00:00,0,,
593,Late discovery,2026-06-26T00:00:00+00:00,date,-1,[Maxima](https://jobs.ashbyhq.com/maxima/c0204f04-af26-4a57-9658-64ee6d4beb74/application),Software Engineer Intern,Software Engineer Intern,"San Mateo, CA",United States,Onsite,Summer 2026,https://jobs.ashbyhq.com/maxima/c0204f04-af26-4a57-9658-64ee6d4beb74/application,https://jobs.ashbyhq.com/maxima/c0204f04-af26-4a57-9658-64ee6d4beb74/application,c0204f04-af26-4a57-9658-64ee6d4beb74,ashby,Internship Tracker SWE,Open,Not applied,0,0,0,,2026-07-18T23:16:08+00:00,2026-07-20T16:31:26+00:00,0,,
592,Late discovery,2026-06-26T00:00:00+00:00,date,-1,[kos.ai](https://jobs.ashbyhq.com/kos.ai/efab6ffb-9658-47f7-8b5f-a295c55957d3/application),Software Engineer Intern,Software Engineer Intern,SF,United States,Onsite,Summer 2026,https://jobs.ashbyhq.com/kos.ai/efab6ffb-9658-47f7-8b5f-a295c55957d3/application,https://jobs.ashbyhq.com/kos.ai/efab6ffb-9658-47f7-8b5f-a295c55957d3/application,efab6ffb-9658-47f7-8b5f-a295c55957d3,ashby,Internship Tracker SWE; SpeedyApply 2027 SWE,Open,Not applied,0,0,0,,2026-07-18T23:16:08+00:00,2026-07-20T16:31:26+00:00,0,,
322,Late discovery,2026-06-25T23:01:29+00:00,relative,2,Kabam,Software Engineer - Gameplay Co-op,Software Developer Co-op,"Vancouver, Canada",Canada,Onsite,,https://jobs.lever.co/kabam/ad42a9d4-838d-443e-be94-e18b9097851e,https://jobs.lever.co/kabam/ad42a9d4-838d-443e-be94-e18b9097851e,,,SpeedyApply 2027 SWE Intl,Open,Not applied,0,0,0,,2026-07-18T23:04:31+00:00,2026-07-20T16:31:26+00:00,0,,
284,Late discovery,2026-06-25T23:01:29+00:00,relative,1,NVIDIA,Robotics Software Intern - Deployment and Humanoids - 2026,Software Engineer Intern,"Shanghai, China",,Onsite,,https://nvidia.wd5.myworkdayjobs.com/en-US/nvidiaexternalcareersite/job/China-Shanghai/Robotics-Software-Intern--Deployment-and-Humanoids---2026_JR2019641,https://nvidia.wd5.myworkdayjobs.com/en-US/nvidiaexternalcareersite/job/China-Shanghai/Robotics-Software-Intern--Deployment-and-Humanoids---2026_JR2019641,,,SpeedyApply 2027 SWE Intl,Open,Not applied,0,0,0,,2026-07-18T23:04:31+00:00,2026-07-20T16:31:26+00:00,0,,
252,Late discovery,2026-06-25T23:01:29+00:00,relative,-1,Binance.US,Software Engineering Intern,Software Engineer Intern,USA,United States,Onsite,,https://www.binance.us/,https://www.binance.us,,,SpeedyApply 2027 SWE,Open,Not applied,0,0,0,,2026-07-18T23:04:31+00:00,2026-07-18T23:16:08+00:00,0,,
595,Late discovery,2026-06-25T00:00:00+00:00,date,-1,[Binance](https://jobs.ashbyhq.com/binance.us/c23e9aa3-0daa-4170-a5a7-b03aaa031895/application),Software Engineer Intern,Software Engineer Intern,Remote in USA,United States,Remote,Summer 2026,https://jobs.ashbyhq.com/binance.us/c23e9aa3-0daa-4170-a5a7-b03aaa031895/application,https://jobs.ashbyhq.com/binance.us/c23e9aa3-0daa-4170-a5a7-b03aaa031895/application,c23e9aa3-0daa-4170-a5a7-b03aaa031895,ashby,Internship Tracker SWE; SpeedyApply 2027 SWE,Open,Not applied,0,0,0,,2026-07-18T23:16:08+00:00,2026-07-20T16:31:26+00:00,0,,
253,Late discovery,2026-06-24T23:01:29+00:00,relative,-1,Altasciences,Process Innovation - Software Engineering Intern,Software Engineer Intern,"Overland Park, KS",,Onsite,,https://altasciences.wd1.myworkdayjobs.com/en-US/careers/job/Overland-Park-Kansas/Process-Innovation---Software-Engineering-Intern_R102750,https://altasciences.wd1.myworkdayjobs.com/en-US/careers/job/Overland-Park-Kansas/Process-Innovation---Software-Engineering-Intern_R102750,,,SpeedyApply 2027 SWE,Open,Not applied,0,0,0,,2026-07-18T23:04:31+00:00,2026-07-20T16:31:26+00:00,0,,
323,Late discovery,2026-06-24T23:01:29+00:00,relative,-1,Auctane,Software Engineer Intern,Software Engineer Intern,"Wrocław, Poland",,Onsite,,https://job-boards.greenhouse.io/auctane/jobs/7781233003,https://job-boards.greenhouse.io/auctane/jobs/7781233003,,,SpeedyApply 2027 SWE Intl,Open,Not applied,0,0,0,,2026-07-18T23:04:31+00:00,2026-07-20T16:31:26+00:00,0,,
324,Late discovery,2026-06-24T23:01:29+00:00,relative,-1,Harmattan AI,Embedded Software Engineer Intern,Embedded Software Intern,"Paris, France",,Onsite,,https://jobs.ashbyhq.com/harmattan-ai/aed0cdba-ba9f-4740-9935-78bffc18cb39,https://jobs.ashbyhq.com/harmattan-ai/aed0cdba-ba9f-4740-9935-78bffc18cb39,,,SpeedyApply 2027 SWE Intl,Open,Not applied,0,0,0,,2026-07-18T23:04:31+00:00,2026-07-20T16:31:26+00:00,0,,
597,Late discovery,2026-06-24T00:00:00+00:00,date,1,[Palantir](https://jobs.lever.co/palantir/75cc1c09-8ebd-44c8-b3bc-d122cd1fecb3/apply),Palantir Software Engineer Intern - Forward Deployed Software Engineer - Commercial,Software Engineer Intern,"Chicago, IL",United States,Onsite,Summer 2026,https://jobs.lever.co/palantir/75cc1c09-8ebd-44c8-b3bc-d122cd1fecb3/apply,https://jobs.lever.co/palantir/75cc1c09-8ebd-44c8-b3bc-d122cd1fecb3/apply,75cc1c09-8ebd-44c8-b3bc-d122cd1fecb3,lever,Internship Tracker SWE; SpeedyApply 2027 SWE; sndsh404 Summer2027,Open,Not applied,0,0,0,Export-control eligibility required,2026-07-18T23:16:08+00:00,2026-07-20T16:31:26+00:00,0,,
596,Late discovery,2026-06-24T00:00:00+00:00,date,-1,[AfterQuery](https://jobs.ashbyhq.com/AfterQuery/83ca470d-b1f7-41d6-935f-c1f2b8243e4b/application),Software Engineer Intern,Software Engineer Intern,SF,United States,Onsite,Summer 2026,https://jobs.ashbyhq.com/AfterQuery/83ca470d-b1f7-41d6-935f-c1f2b8243e4b/application,https://jobs.ashbyhq.com/AfterQuery/83ca470d-b1f7-41d6-935f-c1f2b8243e4b/application,83ca470d-b1f7-41d6-935f-c1f2b8243e4b,ashby,Internship Tracker SWE,Open,Not applied,0,0,0,,2026-07-18T23:16:08+00:00,2026-07-20T16:31:26+00:00,0,,
714,Late discovery,2026-06-23T23:16:25+00:00,relative,2,Ciena,Embedded Software Engineer Intern - 4 months - September 2026,Embedded Software Intern,"Ottawa, Canada",Canada,Onsite,,https://ciena.wd5.myworkdayjobs.com/en-US/careers/job/Ottawa/Embedded-Software-Engineer-Intern--4-months---September-2026-_R031232,https://ciena.wd5.myworkdayjobs.com/en-US/careers/job/Ottawa/Embedded-Software-Engineer-Intern--4-months---September-2026-_R031232,,workday,SpeedyApply 2027 SWE Intl,Open,Not applied,0,0,0,,2026-07-18T23:16:25+00:00,2026-07-20T16:31:26+00:00,0,,
326,Late discovery,2026-06-23T23:01:29+00:00,relative,1,Hong Leong Bank,Intern - IT Application Backend,Backend Engineer Intern,,,Onsite,,https://hlb.wd3.myworkdayjobs.com/en-US/hlbcareers/job/HLT-Hong-Leong-Tower/Intern--IT-Application-Backend_JR0000025244,https://hlb.wd3.myworkdayjobs.com/en-US/hlbcareers/job/HLT-Hong-Leong-Tower/Intern--IT-Application-Backend_JR0000025244,,,SpeedyApply 2027 SWE Intl,Open,Not applied,0,0,0,,2026-07-18T23:04:31+00:00,2026-07-20T16:31:26+00:00,0,,
325,Late discovery,2026-06-23T23:01:29+00:00,relative,-1,Ciena,Embedded Software Engineer Intern - 12-16 months - September 2026,Embedded Software Intern,"Ottawa, Canada",Canada,Onsite,,https://ciena.wd5.myworkdayjobs.com/en-US/careers/job/Ottawa/Embedded-Software-Engineer-Intern--4-months---September-2026-_R031219,https://ciena.wd5.myworkdayjobs.com/en-US/careers/job/Ottawa/Embedded-Software-Engineer-Intern--4-months---September-2026-_R031219,,,SpeedyApply 2027 SWE Intl,Unverified,Not applied,0,0,0,,2026-07-18T23:04:31+00:00,2026-07-20T16:31:26+00:00,0,,Official verification failed (HTTP 403); Verification failed HTTP 403
230,Late discovery,2026-06-23T23:01:29+00:00,relative,-1,TikTok,Frontend Software Engineer Project Intern - Global CRM - 2026 Start（BS/MS）,Frontend Engineer Intern,"San Jose, CA",United States,Onsite,,https://lifeattiktok.com/search/7654431844394322229,https://lifeattiktok.com/search/7654431844394322229,,,SpeedyApply 2027 SWE; SpeedyApply 2027 SWE Intl; SpeedyApply 2027 AI,Open,Not applied,0,0,0,,2026-07-18T23:04:31+00:00,2026-07-20T16:31:26+00:00,0,,
327,Late discovery,2026-06-23T23:01:29+00:00,relative,-1,ReversingLabs,Software Engineer - Student Internship,Software Engineer Intern,"Zagreb, Croatia",,Onsite,,https://apply.workable.com/reversinglabs/j/C65CFF1E96/,https://apply.workable.com/reversinglabs/j/C65CFF1E96,,,SpeedyApply 2027 SWE Intl,Open,Not applied,0,0,0,,2026-07-18T23:04:31+00:00,2026-07-20T16:31:26+00:00,0,,
554,Late discovery,2026-06-22T23:16:08+00:00,relative,-1,Grab,Intern - Software Engineer - Mobile - Android,Mobile Engineer Intern,"Petaling Jaya, Malaysia",,Onsite,,https://jobs.smartrecruiters.com/Grab/744000133290649-intern-software-engineer-mobile-android-?oga=true,https://jobs.smartrecruiters.com/Grab/744000133290649-intern-software-engineer-mobile-android-?oga=true,,smartrecruiters,SpeedyApply 2027 SWE Intl,Open,Not applied,0,0,0,,2026-07-18T23:16:08+00:00,2026-07-20T16:31:26+00:00,0,,
329,Late discovery,2026-06-22T23:01:29+00:00,relative,2,Clio,Software Developer - Co-op,Software Developer Co-op,"Toronto, Canada +1",Canada,Onsite,,https://www.clio.com/,https://www.clio.com,,,SpeedyApply 2027 SWE Intl,Unverified,Not applied,0,0,0,,2026-07-18T23:04:31+00:00,2026-07-18T23:04:31+00:00,0,,Official verification failed (HTTP 403); Verification failed HTTP 403
328,Late discovery,2026-06-22T23:01:29+00:00,relative,-1,ASML,Software Engineering Internship: Python tool development,Software Engineer Intern,"Veldhoven, The Netherlands",,Onsite,,https://asml.wd3.myworkdayjobs.com/en-US/asmlext1/job/Veldhoven-Netherlands/Software-Engineering-Internship--Python-tool-development_J-00337347,https://asml.wd3.myworkdayjobs.com/en-US/asmlext1/job/Veldhoven-Netherlands/Software-Engineering-Internship--Python-tool-development_J-00337347,,,SpeedyApply 2027 SWE Intl,Open,Not applied,0,0,0,,2026-07-18T23:04:31+00:00,2026-07-20T16:31:26+00:00,0,,
330,Late discovery,2026-06-22T23:01:29+00:00,relative,-1,Taktile,Software Engineer Intern,Software Engineer Intern,"Iaşi, Romania +1",,Onsite,,https://jobs.ashbyhq.com/taktile/bce11078-1da2-4826-a70e-7eccfd702dd1,https://jobs.ashbyhq.com/taktile/bce11078-1da2-4826-a70e-7eccfd702dd1,,,SpeedyApply 2027 SWE Intl,Open,Not applied,0,0,0,,2026-07-18T23:04:31+00:00,2026-07-20T16:31:26+00:00,0,,
331,Late discovery,2026-06-19T23:01:29+00:00,relative,-4,Marvell,Software Engineer Intern,Software Engineer Intern,"Madrid, Spain",,Onsite,,https://marvell.wd1.myworkdayjobs.com/en-US/marvellcareers/job/Madrid/Software-Engineer-Intern_2502346,https://marvell.wd1.myworkdayjobs.com/en-US/marvellcareers/job/Madrid/Software-Engineer-Intern_2502346,,,SpeedyApply 2027 SWE Intl,Unverified,Not applied,0,0,0,,2026-07-18T23:04:31+00:00,2026-07-20T16:31:26+00:00,0,,Official verification failed (HTTP 403); Verification failed HTTP 403
514,Late discovery,2026-06-18T23:16:07+00:00,relative,-1,Blue Origin,Software Developer Intern - Undergraduate,Software Developer Intern,"Seattle, WA LA Denver, CO",United States,Onsite,Spring 2027,https://simplify.jobs/c/Blue-Origin?utm_source=GHList&utm_medium=company,https://simplify.jobs/c/Blue-Origin,,,Simplify Off-Season,Open,Not applied,0,0,0,,2026-07-18T23:16:08+00:00,2026-07-20T16:31:26+00:00,0,,
503,Late discovery,2026-06-18T23:16:06+00:00,relative,3,Rippling,Machine Learning Software Engineer Intern,ML Engineering Intern,SF,United States,Onsite,Winter 2027,https://ats.rippling.com/rippling/jobs/82c13e8f-ae96-4c60-a872-c0ddf9eb0781?utm_source=Simplify&ref=Simplify,https://ats.rippling.com/rippling/jobs/82c13e8f-ae96-4c60-a872-c0ddf9eb0781,,,Simplify Off-Season; Cursor Agent Monitor,Open,Not applied,0,0,0,,2026-07-18T23:16:08+00:00,2026-07-20T16:37:00+00:00,0,,
332,Late discovery,2026-06-18T23:01:29+00:00,relative,2,Magna,Software Engineering Co-op,Software Developer Co-op,"Newmarket, Canada",Canada,Onsite,,https://magna.wd3.myworkdayjobs.com/en-US/magna/job/Newmarket-Ontario-CA/Software-Engineering-Co-op_R00244013,https://magna.wd3.myworkdayjobs.com/en-US/magna/job/Newmarket-Ontario-CA/Software-Engineering-Co-op_R00244013,,,SpeedyApply 2027 SWE Intl,Open,Not applied,0,0,0,,2026-07-18T23:04:31+00:00,2026-07-20T16:31:26+00:00,0,,
363,Late discovery,2026-06-18T23:01:29+00:00,relative,-1,Agilent,Intern - R&D Software Engineering - AI & Test Automation,Software Engineer Intern,"Wilmington, DE",,Onsite,,https://agilent.wd5.myworkdayjobs.com/en-US/agilent_student_careers/job/US-DE-Wilmington/Intern---R-D-Software-Engineering--AI---Test-Automation-_4038437,https://agilent.wd5.myworkdayjobs.com/en-US/agilent_student_careers/job/US-DE-Wilmington/Intern---R-D-Software-Engineering--AI---Test-Automation-_4038437,,,SpeedyApply 2027 AI,Open,Not applied,0,0,0,,2026-07-18T23:04:31+00:00,2026-07-20T16:31:26+00:00,0,,
254,Late discovery,2026-06-18T23:01:29+00:00,relative,-3,Generac,Intern Firmware Engineering,Firmware Intern,"Reno, NV +1",,Onsite,,https://generac.wd5.myworkdayjobs.com/en-US/external/job/Reno-NV---USA/Intern-Firmware-Engineering_JR14674,https://generac.wd5.myworkdayjobs.com/en-US/external/job/Reno-NV---USA/Intern-Firmware-Engineering_JR14674,,,SpeedyApply 2027 SWE,Open,Not applied,0,0,0,,2026-07-18T23:04:31+00:00,2026-07-20T16:31:26+00:00,0,,
160,Late discovery,2026-06-18T23:01:26+00:00,relative,-1,Kepler Communications,Embedded Software Engineer Intern,Embedded Software Intern,"Toronto, ON, Canada",Canada,Onsite,Fall 2025,https://jobs.lever.co/kepler/afe34c63-ab6d-42a6-8571-dab052ee9c41/apply?utm_source=Simplify&amp;ref=Simplify,https://jobs.lever.co/kepler/afe34c63-ab6d-42a6-8571-dab052ee9c41/apply?amp;ref=Simplify,afe34c63-ab6d-42a6-8571-dab052ee9c41,lever,Simplify Off-Season,Unverified,Not applied,0,0,0,,2026-07-18T23:04:31+00:00,2026-07-20T16:31:26+00:00,0,,
4,Late discovery,2026-06-18T23:01:25+00:00,relative,2,Clio,Software Developer Co-op,Software Developer Co-op,"Toronto, ON, Canada Calgary, AB, Canada Vancouver, BC, Canada",Canada,Onsite,"Fall 2026, Winter 2026, Spring 2027",https://clio.wd3.myworkdayjobs.com/en-US/ClioCareerSite/job/Toronto/Software-Developer--Co-op_REQ-1577?utm_source=Simplify&amp;ref=Simplify,https://clio.wd3.myworkdayjobs.com/en-US/ClioCareerSite/job/Toronto/Software-Developer--Co-op_REQ-1577?amp;ref=Simplify,1577,workday,Simplify Off-Season; SpeedyApply 2027 SWE Intl; Internship Tracker SWE,Open,Not applied,0,0,0,,2026-07-18T23:04:31+00:00,2026-07-20T16:31:26+00:00,0,,
6,Late discovery,2026-06-18T23:01:25+00:00,relative,1,↳,Software Engineer Intern - Backend Focused,Backend Engineer Intern,"Seattle, WA SF NYC",United States,Onsite,Winter 2027,https://ats.rippling.com/rippling/jobs/00cbc991-d2fb-452c-a8b6-2978f109a484?utm_source=Simplify&amp;ref=Simplify,https://ats.rippling.com/rippling/jobs/00cbc991-d2fb-452c-a8b6-2978f109a484?amp;ref=Simplify,00cbc991-d2fb-452c-a8b6-2978f109a484,rippling,Simplify Off-Season; sndsh404 Summer2027; Internship Tracker SWE; Cursor Agent Monitor,Open,Not applied,0,0,0,,2026-07-18T23:04:31+00:00,2026-07-20T16:37:00+00:00,0,,
5,Late discovery,2026-06-18T23:01:25+00:00,relative,0,Rippling,Full Stack Software Engineer Intern,Full Stack Engineer Intern,"Seattle, WA SF NYC",United States,Onsite,Winter 2027,https://simplify.jobs/c/Rippling?utm_source=GHList&amp;utm_medium=company,https://simplify.jobs/c/Rippling?amp;utm_medium=company,,,Simplify Off-Season,Unverified,Not applied,0,0,0,,2026-07-18T23:04:31+00:00,2026-07-20T16:31:26+00:00,0,,Aggregator URL only
11,Late discovery,2026-06-18T23:01:25+00:00,relative,-1,Cerebras,Software Engineer Intern,Software Engineer Intern,"Toronto, ON, Canada",Canada,Onsite,"Winter 2027, Spring 2027, Fall 2026",https://simplify.jobs/c/Cerebras-Systems?utm_source=GHList&amp;utm_medium=company,https://simplify.jobs/c/Cerebras-Systems?amp;utm_medium=company,,,Simplify Off-Season; Cursor Agent Monitor,Unverified,Not applied,0,0,0,,2026-07-18T23:04:31+00:00,2026-07-20T16:37:00+00:00,0,,Aggregator URL only
10,Late discovery,2026-06-18T23:01:25+00:00,relative,-1,↳,Avionics Software Intern,Software Engineer Intern,"4 locations Seattle, WA LA Longmont, CO Denver, CO",United States,Onsite,Spring 2027,https://github.com/SimplifyJobs/Summer2026-Internships/blob/dev/README-Off-Season.md,https://github.com/SimplifyJobs/Summer2026-Internships/blob/dev/README-Off-Season.md,,,Simplify Off-Season,Open,Not applied,0,0,0,,2026-07-18T23:04:31+00:00,2026-07-20T16:31:26+00:00,0,,
13,Late discovery,2026-06-18T23:01:25+00:00,relative,-4,Leidos,Software Developer Intern,Software Developer Intern,"Remote in USA Reston, VA",United States,Remote,Spring 2026,https://simplify.jobs/c/Leidos?utm_source=GHList&amp;utm_medium=company,https://simplify.jobs/c/Leidos?amp;utm_medium=company,,,Simplify Off-Season,Unverified,Not applied,0,0,0,,2026-07-18T23:04:31+00:00,2026-07-18T23:16:08+00:00,0,,Aggregator URL only
9,Late discovery,2026-06-18T23:01:25+00:00,relative,-4,Blue Origin,Avionics Software Intern,Software Engineer Intern,"Seattle, WA LA Denver, CO",United States,Onsite,Spring 2027,https://simplify.jobs/c/Blue-Origin?utm_source=GHList&amp;utm_medium=company,https://simplify.jobs/c/Blue-Origin?amp;utm_medium=company,,,Simplify Off-Season,Unverified,Not applied,0,0,0,,2026-07-18T23:04:31+00:00,2026-07-18T23:16:08+00:00,0,,Aggregator URL only
12,Late discovery,2026-06-18T23:01:25+00:00,relative,-6,Vanguard,Mobile Engineer Co-op,Mobile Engineer Intern,"Charlotte, NC",,Onsite,"Fall 2026, Winter 2027, Spring 2027",https://simplify.jobs/c/Vanguard?utm_source=GHList&amp;utm_medium=company,https://simplify.jobs/c/Vanguard?amp;utm_medium=company,,,Simplify Off-Season; Cursor Agent Monitor,Unverified,Not applied,0,0,0,,2026-07-18T23:04:31+00:00,2026-07-20T16:37:00+00:00,0,,Aggregator URL only
333,Late discovery,2026-06-17T23:01:29+00:00,relative,-1,Thales,Software Developer Intern - Open also to Protected Categories - Law 68/99,Software Developer Intern,"Gorgonzola, Italy",,Onsite,,https://thales.wd3.myworkdayjobs.com/en-US/careers/job/Gorgonzola/Software-Developer-Intern--Open-also-to-Protected-Categories--Law-68-99-_R0331969,https://thales.wd3.myworkdayjobs.com/en-US/careers/job/Gorgonzola/Software-Developer-Intern--Open-also-to-Protected-Categories--Law-68-99-_R0331969,,,SpeedyApply 2027 SWE Intl,Open,Not applied,0,0,0,,2026-07-18T23:04:31+00:00,2026-07-20T16:31:26+00:00,0,,
334,Late discovery,2026-06-17T23:01:29+00:00,relative,-1,Viridien,Software Engineering Intern,Software Engineer Intern,"Crawley, United Kingdom",,Onsite,,https://cgg.wd103.myworkdayjobs.com/en-US/viridiencareers/job/Crawley-United-Kingdom/Software-Engineering-Intern_JR101336-1,https://cgg.wd103.myworkdayjobs.com/en-US/viridiencareers/job/Crawley-United-Kingdom/Software-Engineering-Intern_JR101336-1,,,SpeedyApply 2027 SWE Intl,Open,Not applied,0,0,0,,2026-07-18T23:04:31+00:00,2026-07-20T16:31:26+00:00,0,,
598,Late discovery,2026-06-17T00:00:00+00:00,date,-1,[Beyondsoft](https://careers-beyondsoft.icims.com/jobs/10912/job?mobile=true&needsRedirect=false),Software Engineer Intern,Software Engineer Intern,United States,United States,Onsite,Summer 2026,https://careers-beyondsoft.icims.com/jobs/10912/job?mobile=true&needsRedirect=false,https://careers-beyondsoft.icims.com/jobs/10912/job?mobile=true&needsRedirect=false,10912,icims,Internship Tracker SWE,Open,Not applied,0,0,0,,2026-07-18T23:16:08+00:00,2026-07-20T16:31:26+00:00,0,,
599,Late discovery,2026-06-17T00:00:00+00:00,date,-1,[Sony](https://sonyglobal.wd1.myworkdayjobs.com/SonyGlobalCareers/job/San-Diego/Software-Engineer-Intern_JR-119282),Software Engineer Intern,Software Engineer Intern,"San Diego, CA",United States,Onsite,Summer 2026,https://sonyglobal.wd1.myworkdayjobs.com/SonyGlobalCareers/job/San-Diego/Software-Engineer-Intern_JR-119282,https://sonyglobal.wd1.myworkdayjobs.com/SonyGlobalCareers/job/San-Diego/Software-Engineer-Intern_JR-119282,,workday,Internship Tracker SWE,Open,Not applied,0,0,0,,2026-07-18T23:16:08+00:00,2026-07-20T16:31:26+00:00,0,,
555,Late discovery,2026-06-16T23:16:08+00:00,relative,1,Grab,Software Engineer - Backend - Intern,Backend Engineer Intern,"Beijing, China",,Onsite,,https://jobs.smartrecruiters.com/Grab/744000132319232-software-engineer-backend-intern-?oga=true,https://jobs.smartrecruiters.com/Grab/744000132319232-software-engineer-backend-intern-?oga=true,,smartrecruiters,SpeedyApply 2027 SWE Intl,Open,Not applied,0,0,0,,2026-07-18T23:16:08+00:00,2026-07-20T16:31:26+00:00,0,,
364,Late discovery,2026-06-16T23:01:29+00:00,relative,1,Campbell Soup,Agentic AI Engineer Co-Op,AI Engineering Intern,Remote - USA,United States,Remote,,https://campbellsoup.wd5.myworkdayjobs.com/en-US/externalcareers_globalsite/job/USA---Remote/Agentic-AI-Engineer-Co-Op_Req-66015,https://campbellsoup.wd5.myworkdayjobs.com/en-US/externalcareers_globalsite/job/USA---Remote/Agentic-AI-Engineer-Co-Op_Req-66015,,,SpeedyApply 2027 AI,Open,Not applied,0,0,0,,2026-07-18T23:04:31+00:00,2026-07-20T16:31:26+00:00,0,,
600,Late discovery,2026-06-16T00:00:00+00:00,date,1,[Palantir](https://jobs.lever.co/palantir/cccfe1bd-f15b-4fe5-b044-c793e7961c1b/apply),Forward Deployed Software Engineer Intern - Defense Tech,Software Engineer Intern,"Washington, DC",,Onsite,"Winter 2028, Spring 2028, Summer 2028",https://jobs.lever.co/palantir/cccfe1bd-f15b-4fe5-b044-c793e7961c1b/apply,https://jobs.lever.co/palantir/cccfe1bd-f15b-4fe5-b044-c793e7961c1b/apply,cccfe1bd-f15b-4fe5-b044-c793e7961c1b,lever,Internship Tracker SWE,Open,Not applied,0,0,0,,2026-07-18T23:16:08+00:00,2026-07-20T16:31:26+00:00,0,,
601,Late discovery,2026-06-16T00:00:00+00:00,date,1,[Palantir](https://jobs.lever.co/palantir/e6ff8bf2-135e-474d-ad37-24f490ae1dd2/apply),Forward Deployed Software Engineer Intern - US Government,Software Engineer Intern,"Washington, DC",,Onsite,"Winter 2028, Spring 2028, Summer 2028",https://jobs.lever.co/palantir/e6ff8bf2-135e-474d-ad37-24f490ae1dd2/apply,https://jobs.lever.co/palantir/e6ff8bf2-135e-474d-ad37-24f490ae1dd2/apply,e6ff8bf2-135e-474d-ad37-24f490ae1dd2,lever,Internship Tracker SWE,Open,Not applied,0,0,0,,2026-07-18T23:16:08+00:00,2026-07-20T16:31:26+00:00,0,,
715,Late discovery,2026-06-15T23:16:25+00:00,relative,-1,Wingtra AG,Robotics Firmware Intern - Drone Platform & Systems,Firmware Intern,"Zurich, Switzerland",,Onsite,,https://jobs.lever.co/wingtra-2/45a54b09-c92c-4607-b17f-9254de177c16,https://jobs.lever.co/wingtra-2/45a54b09-c92c-4607-b17f-9254de177c16,45a54b09-c92c-4607-b17f-9254de177c16,lever,SpeedyApply 2027 SWE Intl,Open,Not applied,0,0,0,,2026-07-18T23:16:25+00:00,2026-07-20T16:31:26+00:00,0,,
335,Late discovery,2026-06-15T23:01:29+00:00,relative,-3,Wingtra AG,Robotics Firmware Intern - GNC focus,Firmware Intern,"Zurich, Switzerland",,Onsite,,https://jobs.lever.co/wingtra-2/516a1b2b-961a-41dd-bc22-f82fd0ba86b4,https://jobs.lever.co/wingtra-2/516a1b2b-961a-41dd-bc22-f82fd0ba86b4,,,SpeedyApply 2027 SWE Intl,Open,Not applied,0,0,0,,2026-07-18T23:04:31+00:00,2026-07-20T16:31:26+00:00,0,,
604,Late discovery,2026-06-15T00:00:00+00:00,date,1,[TikTok](https://lifeattiktok.com/search/7530513185797359880),Software Engineer Project Intern - Platform efficiency,Platform Engineer Intern,"San Jose, CA",United States,Onsite,Summer 2026,https://lifeattiktok.com/search/7530513185797359880,https://lifeattiktok.com/search/7530513185797359880,,,Internship Tracker SWE,Open,Not applied,0,0,0,,2026-07-18T23:16:08+00:00,2026-07-20T16:31:26+00:00,0,,
607,Late discovery,2026-06-15T00:00:00+00:00,date,1,[TikTok](https://lifeattiktok.com/search/7534536157456058632),Software Engineer Intern - Capital Platform,Platform Engineer Intern,"San Jose, CA",United States,Onsite,Summer 2026,https://lifeattiktok.com/search/7534536157456058632,https://lifeattiktok.com/search/7534536157456058632,,,Internship Tracker SWE,Open,Not applied,0,0,0,,2026-07-18T23:16:08+00:00,2026-07-20T16:31:26+00:00,0,,
603,Late discovery,2026-06-15T00:00:00+00:00,date,1,[TikTok](https://lifeattiktok.com/search/7538301580093720840),Backend Software Engineer Intern - Media Platform,Platform Engineer Intern,"San Jose, CA",United States,Onsite,Summer 2026,https://lifeattiktok.com/search/7538301580093720840,https://lifeattiktok.com/search/7538301580093720840,,,Internship Tracker SWE,Open,Not applied,0,0,0,,2026-07-18T23:16:08+00:00,2026-07-20T16:31:26+00:00,0,,
605,Late discovery,2026-06-15T00:00:00+00:00,date,-1,[TikTok](https://lifeattiktok.com/search/7532444719809628424),Software Engineer/Mobile Engineer Intern - Monetization Technology - Ads Core Demonstration,Mobile Engineer Intern,"San Jose, CA",United States,Onsite,Summer 2026,https://lifeattiktok.com/search/7532444719809628424,https://lifeattiktok.com/search/7532444719809628424,,,Internship Tracker SWE,Open,Not applied,0,0,0,,2026-07-18T23:16:08+00:00,2026-07-20T16:31:26+00:00,0,,
602,Late discovery,2026-06-15T00:00:00+00:00,date,-1,[TikTok](https://lifeattiktok.com/search/7532460740410738952),Software Engineer Intern - Monetization Technology - Ads Creative,Software Engineer Intern,"San Jose, CA",United States,Onsite,Summer 2026,https://lifeattiktok.com/search/7532460740410738952,https://lifeattiktok.com/search/7532460740410738952,,,Internship Tracker SWE,Open,Not applied,0,0,0,,2026-07-18T23:16:08+00:00,2026-07-20T16:31:26+00:00,0,,
606,Late discovery,2026-06-15T00:00:00+00:00,date,-1,[TikTok](https://lifeattiktok.com/search/7561941583777941813),Software Engineer Intern - Monetization Technology,Software Engineer Intern,"San Jose, CA",United States,Onsite,Summer 2026,https://lifeattiktok.com/search/7561941583777941813,https://lifeattiktok.com/search/7561941583777941813,,,Internship Tracker SWE,Open,Not applied,0,0,0,,2026-07-18T23:16:08+00:00,2026-07-20T16:31:26+00:00,0,,
336,Late discovery,2026-06-13T23:01:29+00:00,relative,-1,OfferUp,Software Engineering Intern - Summer 2026 - Hybrid @ Bellevue - WA,Software Engineer Intern,,United States,Hybrid,,https://offerup.com/,http://offerup.com,,,SpeedyApply 2027 SWE Intl,Open,Not applied,0,0,0,,2026-07-18T23:04:31+00:00,2026-07-18T23:16:08+00:00,0,,
608,Late discovery,2026-06-13T00:00:00+00:00,date,-1,[OfferUp](https://job-boards.greenhouse.io/offerup/jobs/8004171),Software Engineer Intern,Software Engineer Intern,"Bellevue, WA",United States,Onsite,Summer 2026,https://job-boards.greenhouse.io/offerup/jobs/8004171,https://job-boards.greenhouse.io/offerup/jobs/8004171,8004171,greenhouse,Internship Tracker SWE; SpeedyApply 2027 SWE Intl,Open,Not applied,0,0,0,,2026-07-18T23:16:08+00:00,2026-07-20T16:31:26+00:00,0,,
777,Late discovery,2026-06-12T16:30:53+00:00,relative,1,Campbell Soup,Data Engineer - DA&AI Co-Op,Data Engineering Intern,USA,United States,Onsite,,https://campbellsoup.wd5.myworkdayjobs.com/en-US/externalcareers_globalsite/job/USA---NJ---Camden/Data-Engineer--DA-AI-Co-Op_Req-65839,https://campbellsoup.wd5.myworkdayjobs.com/en-US/externalcareers_globalsite/job/USA---NJ---Camden/Data-Engineer--DA-AI-Co-Op_Req-65839,65839,workday,SpeedyApply 2027 AI,Open,Not applied,0,0,0,,2026-07-20T16:31:26+00:00,2026-07-20T16:31:26+00:00,0,,
716,Late discovery,2026-06-11T23:16:25+00:00,relative,-1,Grab,Intern - Software Engineer Mobile - iOS,Mobile Engineer Intern,"Petaling Jaya, Malaysia",,Onsite,,https://jobs.smartrecruiters.com/Grab/744000131508859-intern-software-engineer-mobile-ios-?oga=true,https://jobs.smartrecruiters.com/Grab/744000131508859-intern-software-engineer-mobile-ios-?oga=true,,smartrecruiters,SpeedyApply 2027 SWE Intl,Open,Not applied,0,0,0,,2026-07-18T23:16:25+00:00,2026-07-20T16:31:26+00:00,0,,
255,Late discovery,2026-06-11T23:01:29+00:00,relative,-1,Anduril,2027 Software Engineer Intern,Software Engineer Intern,"Atlanta, GA +5",,Onsite,,https://www.anduril.com,https://www.anduril.com,,,SpeedyApply 2027 SWE,Open,Not applied,0,0,0,,2026-07-18T23:04:31+00:00,2026-07-18T23:04:31+00:00,0,,
609,Late discovery,2026-06-11T00:00:00+00:00,date,1,[Intel](https://intel.wd1.myworkdayjobs.com/en-us/external/job/US-Arizona-Phoenix/AI-Software-Engineering-Intern_JR0282641),AI Software Engineer Intern,Software Engineer Intern,"Phoenix, AZ",,Onsite,Summer 2026,https://intel.wd1.myworkdayjobs.com/en-us/external/job/US-Arizona-Phoenix/AI-Software-Engineering-Intern_JR0282641,https://intel.wd1.myworkdayjobs.com/en-us/external/job/US-Arizona-Phoenix/AI-Software-Engineering-Intern_JR0282641,0282641,workday,Internship Tracker SWE; SpeedyApply 2027 AI,Open,Not applied,0,0,0,,2026-07-18T23:16:08+00:00,2026-07-20T16:31:26+00:00,0,,
285,Late discovery,2026-06-10T23:01:29+00:00,relative,2,Rivian,Software Engineer Intern - Android Connectivity - Fall-Spring Co-op,Mobile Engineer Intern,"Vancouver, Canada",Canada,Onsite,,https://jobs.ashbyhq.com/rivianvw.tech/75874976-540a-4e5c-aa72-1b23669c5211,https://jobs.ashbyhq.com/rivianvw.tech/75874976-540a-4e5c-aa72-1b23669c5211,,,SpeedyApply 2027 SWE Intl,Open,Not applied,0,0,0,,2026-07-18T23:04:31+00:00,2026-07-20T16:31:26+00:00,0,,
337,Late discovery,2026-06-10T23:01:29+00:00,relative,-1,TribalScale,Agile Software Engineer - Co-op,Software Developer Co-op,"Toronto, Canada",Canada,Onsite,,https://tribalscale.com,https://tribalscale.com,,,SpeedyApply 2027 SWE Intl,Unverified,Not applied,0,0,0,,2026-07-18T23:04:31+00:00,2026-07-18T23:16:08+00:00,0,,Official verification failed (HTTP 0); Verification failed HTTP 0
256,Late discovery,2026-06-10T23:01:29+00:00,relative,-1,Centerfield,Software Engineer Intern,Software Engineer Intern,"Los Angeles, CA",United States,Onsite,,https://www.centerfield.com/,https://www.centerfield.com,,,SpeedyApply 2027 SWE,Open,Not applied,0,0,0,,2026-07-18T23:04:31+00:00,2026-07-18T23:16:08+00:00,0,,
556,Late discovery,2026-06-09T23:16:08+00:00,relative,-3,NXP Semiconductors,2026 Intern - Embedded Software Development - UWB,Embedded Software Intern,"Shanghai, China",,Onsite,,https://nxp.wd3.myworkdayjobs.com/en-US/careers/job/Shanghai-JingAn/XMLNAME-2026-Intern---Embedded-Software-Development---UWB_R-10063941,https://nxp.wd3.myworkdayjobs.com/en-US/careers/job/Shanghai-JingAn/XMLNAME-2026-Intern---Embedded-Software-Development---UWB_R-10063941,,workday,SpeedyApply 2027 SWE Intl,Open,Not applied,0,0,0,,2026-07-18T23:16:08+00:00,2026-07-20T16:31:26+00:00,0,,
338,Late discovery,2026-06-09T23:01:29+00:00,relative,1,Emergence Software,Fullstack Developer - Intern,Full Stack Engineer Intern,India,,Onsite,,https://jobs.ashbyhq.com/emergence/7df5a5c3-3d1a-43f5-a2a2-4eaa7e467323,https://jobs.ashbyhq.com/emergence/7df5a5c3-3d1a-43f5-a2a2-4eaa7e467323,,,SpeedyApply 2027 SWE Intl,Open,Not applied,0,0,0,,2026-07-18T23:04:31+00:00,2026-07-20T16:31:26+00:00,0,,
257,Late discovery,2026-06-09T23:01:29+00:00,relative,-1,GE Vernova,Grid Automation & Software Intern,Software Engineer Intern,Remote,,Remote,,https://gevernova.wd5.myworkdayjobs.com/en-US/only_confidential_executive_recruiting/job/Remote/Grid-Automation---Software-Intern_R5041706-3,https://gevernova.wd5.myworkdayjobs.com/en-US/only_confidential_executive_recruiting/job/Remote/Grid-Automation---Software-Intern_R5041706-3,,,SpeedyApply 2027 SWE; SpeedyApply 2027 SWE Intl,Open,Not applied,0,0,0,,2026-07-18T23:04:31+00:00,2026-07-20T16:31:26+00:00,0,,
339,Late discovery,2026-06-09T23:01:29+00:00,relative,-1,Kinaxis,Intern Software Developer Quality Assurance,Software Developer Intern,,,Onsite,,https://careers-kinaxis.icims.com/jobs/34900/intern-software-developer-quality-assurance/job,https://careers-kinaxis.icims.com/jobs/34900/intern-software-developer-quality-assurance/job,,,SpeedyApply 2027 SWE Intl,Open,Not applied,0,0,0,,2026-07-18T23:04:31+00:00,2026-07-20T16:31:26+00:00,0,,
258,Late discovery,2026-06-09T23:01:29+00:00,relative,-4,Nidec,Software Engineer Co-Op,Software Developer Co-op,"WPE, MO",,Onsite,,https://nidec.wd1.myworkdayjobs.com/en-US/nidec/job/North-AmericaUSAMissouriSt-Louis---WPE-MO/Software-Engineer-Co-Op_R0015871,https://nidec.wd1.myworkdayjobs.com/en-US/nidec/job/North-AmericaUSAMissouriSt-Louis---WPE-MO/Software-Engineer-Co-Op_R0015871,,,SpeedyApply 2027 SWE; SpeedyApply 2027 SWE Intl,Unverified,Not applied,0,0,0,,2026-07-18T23:04:31+00:00,2026-07-20T16:31:26+00:00,0,,Official verification failed (HTTP 404); Verification failed HTTP 404
610,Late discovery,2026-06-09T00:00:00+00:00,date,2,[TribalScale](https://job-boards.greenhouse.io/tribalscale/jobs/4687337006),Agile Software Engineer Co-op,Software Developer Co-op,"Toronto, ON, Canada",Canada,Onsite,Summer 2026,https://job-boards.greenhouse.io/tribalscale/jobs/4687337006,https://job-boards.greenhouse.io/tribalscale/jobs/4687337006,4687337006,greenhouse,Internship Tracker SWE; SpeedyApply 2027 SWE Intl,Open,Not applied,0,0,0,,2026-07-18T23:16:08+00:00,2026-07-20T16:31:26+00:00,0,,
611,Late discovery,2026-06-09T00:00:00+00:00,date,-1,[Centerfield](https://jobs.ashbyhq.com/centerfield/3279e803-56ab-4e12-8168-c2fd60bc8e60/application),Software Engineer Intern,Software Engineer Intern,LA,,Onsite,Summer 2026,https://jobs.ashbyhq.com/centerfield/3279e803-56ab-4e12-8168-c2fd60bc8e60/application,https://jobs.ashbyhq.com/centerfield/3279e803-56ab-4e12-8168-c2fd60bc8e60/application,3279e803-56ab-4e12-8168-c2fd60bc8e60,ashby,Internship Tracker SWE; SpeedyApply 2027 SWE,Open,Not applied,0,0,0,,2026-07-18T23:16:08+00:00,2026-07-20T16:31:26+00:00,0,,
365,Late discovery,2026-06-08T23:01:29+00:00,relative,1,Ancestry,Machine Learning Engineer - Co-op,ML Engineering Intern,Remote,,Remote,,https://ancestry.wd501.myworkdayjobs.com/en-US/careers/job/Remote/Machine-Learning-Engineer--Co-op_R003378,https://ancestry.wd501.myworkdayjobs.com/en-US/careers/job/Remote/Machine-Learning-Engineer--Co-op_R003378,,,SpeedyApply 2027 AI,Open,Not applied,0,0,0,,2026-07-18T23:04:31+00:00,2026-07-20T16:31:26+00:00,0,,
612,Late discovery,2026-06-07T00:00:00+00:00,date,3,[Tesla](https://www.tesla.com/careers/search/job/260382),Software Engineer Intern - Software Engineer - AI Hardware Infrastructure,Infrastructure Engineer Intern,"Palo Alto, CA",United States,Onsite,"Fall 2026, Summer 2026, Winter 2027, Spring 2027",https://www.tesla.com/careers/search/job/260382,https://www.tesla.com/careers/search/job/260382,260382,,Internship Tracker SWE,Open,Not applied,0,0,0,,2026-07-18T23:16:08+00:00,2026-07-20T16:31:26+00:00,0,,
557,Late discovery,2026-06-05T23:16:08+00:00,relative,-3,Marvell,Firmware Engineering Intern,Firmware Intern,"Pavia, Italy",,Onsite,,https://marvell.wd1.myworkdayjobs.com/en-US/marvellcareers/job/Pavia-Italy/Firmware-Engineering-Intern_2601124,https://marvell.wd1.myworkdayjobs.com/en-US/marvellcareers/job/Pavia-Italy/Firmware-Engineering-Intern_2601124,,workday,SpeedyApply 2027 SWE Intl,Open,Not applied,0,0,0,,2026-07-18T23:16:08+00:00,2026-07-20T16:31:26+00:00,0,,
366,Late discovery,2026-06-05T23:01:29+00:00,relative,1,Peraton,Generative AI Engineering Intern - Graduate,AI Engineering Intern,USA,United States,Onsite,,https://careers-peraton.icims.com/jobs/167460/generative-ai-engineering-intern-%28graduate%29/job,https://careers-peraton.icims.com/jobs/167460/generative-ai-engineering-intern-%28graduate%29/job,,,SpeedyApply 2027 AI,Open,Not applied,0,0,0,,2026-07-18T23:04:31+00:00,2026-07-20T16:31:26+00:00,0,,
613,Late discovery,2026-06-05T00:00:00+00:00,date,3,[Rippling](https://ats.rippling.com/rippling/jobs/35b3ba25-ff2e-4b68-a2d7-61be26f2b24a),Full Stack Software Engineer Intern,Full Stack Engineer Intern,"Seattle, WA, SF, NYC",United States,Onsite,Winter 2027,https://ats.rippling.com/rippling/jobs/35b3ba25-ff2e-4b68-a2d7-61be26f2b24a,https://ats.rippling.com/rippling/jobs/35b3ba25-ff2e-4b68-a2d7-61be26f2b24a,35b3ba25-ff2e-4b68-a2d7-61be26f2b24a,rippling,Internship Tracker SWE; Cursor Agent Monitor,Open,Not applied,0,0,0,,2026-07-18T23:16:08+00:00,2026-07-20T16:37:00+00:00,0,,
614,Late discovery,2026-06-05T00:00:00+00:00,date,2,[Solink](https://jobs.ashbyhq.com/solink/df855bdc-1d59-4af5-b7dc-5e23801aeb30/application),Software Engineer Co-op - R&D- Data Integrations,Software Developer Co-op,"Ottawa, ON, Canada",Canada,Onsite,Summer 2026,https://jobs.ashbyhq.com/solink/df855bdc-1d59-4af5-b7dc-5e23801aeb30/application,https://jobs.ashbyhq.com/solink/df855bdc-1d59-4af5-b7dc-5e23801aeb30/application,df855bdc-1d59-4af5-b7dc-5e23801aeb30,ashby,Internship Tracker SWE,Open,Not applied,0,0,0,,2026-07-18T23:16:08+00:00,2026-07-20T16:31:26+00:00,0,,
615,Late discovery,2026-06-05T00:00:00+00:00,date,-1,[Clarity Innovations](https://job-boards.greenhouse.io/clarityinnovates/jobs/5155449007),Junior Software Engineer Intern,Software Engineer Intern,"Reston, VA",,Onsite,Summer 2026,https://job-boards.greenhouse.io/clarityinnovates/jobs/5155449007,https://job-boards.greenhouse.io/clarityinnovates/jobs/5155449007,5155449007,greenhouse,Internship Tracker SWE,Open,Not applied,0,0,0,,2026-07-18T23:16:08+00:00,2026-07-20T16:31:26+00:00,0,,
538,Late discovery,2026-06-04T23:16:08+00:00,relative,2,Rivian,Software Engineering Intern - Applications - Fall-Spring Co-op,Software Developer Co-op,"Toronto, Canada +1",Canada,Onsite,,https://jobs.ashbyhq.com/rivianvw.tech/259f1a7c-3102-47a3-9919-c1174d9be89c,https://jobs.ashbyhq.com/rivianvw.tech/259f1a7c-3102-47a3-9919-c1174d9be89c,259f1a7c-3102-47a3-9919-c1174d9be89c,ashby,SpeedyApply 2027 SWE Intl,Open,Not applied,0,0,0,,2026-07-18T23:16:08+00:00,2026-07-20T16:31:26+00:00,0,,
616,Late discovery,2026-06-04T00:00:00+00:00,date,1,[ByteDance](https://jobs.bytedance.com/en/position/7595707875767699765/detail),Software Engineer Intern - Developer Infrastructure,Infrastructure Engineer Intern,"San Jose, CA",United States,Onsite,Summer 2026,https://jobs.bytedance.com/en/position/7595707875767699765/detail,https://jobs.bytedance.com/en/position/7595707875767699765/detail,,,Internship Tracker SWE,Open,Not applied,0,0,0,,2026-07-18T23:16:08+00:00,2026-07-20T16:31:26+00:00,0,,
717,Late discovery,2026-06-03T23:16:25+00:00,relative,2,Ciena,Embedded Software Engineer - Intern,Embedded Software Intern,"Ottawa, Canada",Canada,Onsite,,https://ciena.wd5.myworkdayjobs.com/en-US/careers/job/Ottawa/Embedded-Software-Engineer---Intern_R031146,https://ciena.wd5.myworkdayjobs.com/en-US/careers/job/Ottawa/Embedded-Software-Engineer---Intern_R031146,,workday,SpeedyApply 2027 SWE Intl,Open,Not applied,0,0,0,,2026-07-18T23:16:25+00:00,2026-07-20T16:31:26+00:00,0,,
539,Late discovery,2026-06-03T23:16:08+00:00,relative,2,Rivian,Software Engineering Intern - Vehicle Controls - Fall-Spring Co-op,Software Developer Co-op,"Vancouver, Canada",Canada,Onsite,,https://jobs.ashbyhq.com/rivianvw.tech/a706bc73-8c3d-41b0-8bc5-874926a4af3e,https://jobs.ashbyhq.com/rivianvw.tech/a706bc73-8c3d-41b0-8bc5-874926a4af3e,a706bc73-8c3d-41b0-8bc5-874926a4af3e,ashby,SpeedyApply 2027 SWE Intl,Open,Not applied,0,0,0,,2026-07-18T23:16:08+00:00,2026-07-20T16:31:26+00:00,0,,
558,Late discovery,2026-06-03T23:16:08+00:00,relative,-3,Bosch,EMC Intern for Embedded Software - C++/Java/Python - Pref. JP speaking,Embedded Software Intern,"Tân Bình, Vietnam",,Onsite,,https://jobs.smartrecruiters.com/BoschGroup/744000129879190--emc-intern-for-embedded-software-c-java-python-pref-jp-speaking-?oga=true,https://jobs.smartrecruiters.com/BoschGroup/744000129879190--emc-intern-for-embedded-software-c-java-python-pref-jp-speaking-?oga=true,,smartrecruiters,SpeedyApply 2027 SWE Intl,Open,Not applied,0,0,0,,2026-07-18T23:16:08+00:00,2026-07-20T16:31:26+00:00,0,,
617,Late discovery,2026-06-03T00:00:00+00:00,date,-1,[Instead](https://job-boards.greenhouse.io/instead/jobs/7761472003),Software Engineer Intern,Software Engineer Intern,SF,United States,Onsite,Summer 2026,https://job-boards.greenhouse.io/instead/jobs/7761472003,https://job-boards.greenhouse.io/instead/jobs/7761472003,7761472003,greenhouse,Internship Tracker SWE,Open,Not applied,0,0,0,,2026-07-18T23:16:08+00:00,2026-07-20T16:31:26+00:00,0,,
566,Late discovery,2026-06-02T23:16:08+00:00,relative,1,TikTok,AI software Engineer Project Intern - Transaction Platform - 2026 Start - BS/MS,Platform Engineer Intern,"San Jose, CA",United States,Onsite,Summer 2026,https://lifeattiktok.com/search/7646621925436131637,https://lifeattiktok.com/search/7646621925436131637,,,SpeedyApply 2027 AI; Internship Tracker SWE,Open,Not applied,0,0,0,,2026-07-18T23:16:08+00:00,2026-07-20T16:31:26+00:00,0,,
341,Late discovery,2026-06-02T23:01:29+00:00,relative,1,Snowflake,Software Engineer Intern - Berlin - 2026,Software Engineer Intern,,,Onsite,,https://jobs.ashbyhq.com/snowflake/41e65c6c-a01e-4f40-af14-ae75d3b95e27,https://jobs.ashbyhq.com/snowflake/41e65c6c-a01e-4f40-af14-ae75d3b95e27,,,SpeedyApply 2027 SWE Intl,Open,Not applied,0,0,0,,2026-07-18T23:04:31+00:00,2026-07-20T16:31:26+00:00,0,,
260,Late discovery,2026-06-02T23:01:29+00:00,relative,-1,Clerkie,Software Engineer Internship,Software Engineer Intern,Remote,,Remote,,https://www.clerkie.io,https://www.clerkie.io,,,SpeedyApply 2027 SWE,Open,Not applied,0,0,0,,2026-07-18T23:04:31+00:00,2026-07-18T23:16:08+00:00,0,,
259,Late discovery,2026-06-02T23:01:29+00:00,relative,-1,Beacon Software,Software Engineering Intern,Software Engineer Intern,"San Francisco, CA",United States,Onsite,,https://jobs.ashbyhq.com/beaconsoftware/2452d342-a069-4eda-adbe-9df296808ca1,https://jobs.ashbyhq.com/beaconsoftware/2452d342-a069-4eda-adbe-9df296808ca1,,,SpeedyApply 2027 SWE,Open,Not applied,0,0,0,,2026-07-18T23:04:31+00:00,2026-07-20T16:31:26+00:00,0,,
261,Late discovery,2026-06-02T23:01:29+00:00,relative,-3,Fluxergy,Firmware Engineer Intern,Firmware Intern,"Irvine, CA",United States,Onsite,,https://jobs.lever.co/fluxergy-2/c592763e-56ba-4d20-b751-3a4574470eec,https://jobs.lever.co/fluxergy-2/c592763e-56ba-4d20-b751-3a4574470eec,,,SpeedyApply 2027 SWE,Open,Not applied,0,0,0,,2026-07-18T23:04:31+00:00,2026-07-20T16:31:26+00:00,0,,
340,Late discovery,2026-06-02T23:01:29+00:00,relative,-3,Halter,Firmware Internship 2026/2027,Firmware Intern,"Auckland, New Zealand",,Onsite,,https://jobs.ashbyhq.com/halter/99a7eac6-0d38-4d17-a22b-f050c9ba0eaa,https://jobs.ashbyhq.com/halter/99a7eac6-0d38-4d17-a22b-f050c9ba0eaa,,,SpeedyApply 2027 SWE Intl,Open,Not applied,0,0,0,,2026-07-18T23:04:31+00:00,2026-07-20T16:31:26+00:00,0,,
262,Late discovery,2026-06-02T23:01:29+00:00,relative,-4,GenBio AI,Software Engineering Intern,Software Engineer Intern,"Palo Alto, CA",United States,Onsite,,https://genbio.ai/,https://genbio.ai,,,SpeedyApply 2027 SWE,Unverified,Not applied,0,0,0,,2026-07-18T23:04:31+00:00,2026-07-18T23:16:08+00:00,0,,Official verification failed (HTTP 403); Verification failed HTTP 403
618,Late discovery,2026-06-02T00:00:00+00:00,date,-1,[Clerkie](http://getfiber.ai/careers?gh_jid=5152467007),Software Engineer Intern,Software Engineer Intern,Remote in USA,United States,Remote,"Winter 2024, Spring 2024, Summer 2024, Fall 2024, Winter 2025, Spring 2025, Summer 2025",http://getfiber.ai/careers?gh_jid=5152467007,http://getfiber.ai/careers?gh_jid=5152467007,5152467007,,Internship Tracker SWE; SpeedyApply 2027 SWE,Open,Not applied,0,0,0,,2026-07-18T23:16:08+00:00,2026-07-20T16:31:26+00:00,0,,
619,Late discovery,2026-06-01T00:00:00+00:00,date,-1,[GenBio AI](https://jobs.lever.co/genbio/4bdb14ae-e19f-40c8-84db-1307dbdabe74/apply),Software Engineer Intern,Software Engineer Intern,"Palo Alto, CA",United States,Onsite,Summer 2026,https://jobs.lever.co/genbio/4bdb14ae-e19f-40c8-84db-1307dbdabe74/apply,https://jobs.lever.co/genbio/4bdb14ae-e19f-40c8-84db-1307dbdabe74/apply,4bdb14ae-e19f-40c8-84db-1307dbdabe74,lever,Internship Tracker SWE; SpeedyApply 2027 SWE,Open,Not applied,0,0,0,,2026-07-18T23:16:08+00:00,2026-07-20T16:31:26+00:00,0,,
342,Late discovery,2026-05-30T23:01:29+00:00,relative,-1,GSA,Software Developer - Intern,Software Developer Intern,"London, United Kingdom",,Onsite,,https://www.gsacapital.com/careers/gh/?gh_jid=8570668002,https://www.gsacapital.com/careers/gh?gh_jid=8570668002,,,SpeedyApply 2027 SWE Intl,Open,Not applied,0,0,0,,2026-07-18T23:04:31+00:00,2026-07-20T16:31:26+00:00,0,,
620,Late discovery,2026-05-30T00:00:00+00:00,date,4,[Magna](https://wd3.myworkdaysite.com/recruiting/magna/Magna/job/Milton-Ontario-CA/Junior-Full-Stack-Developer-Coop_R00244793),Junior Full Stack Developer Co-op,Full Stack Engineer Intern,"Oakville, ON, Canada",Canada/US,Onsite,Summer 2026,https://wd3.myworkdaysite.com/recruiting/magna/Magna/job/Milton-Ontario-CA/Junior-Full-Stack-Developer-Coop_R00244793,https://wd3.myworkdaysite.com/recruiting/magna/Magna/job/Milton-Ontario-CA/Junior-Full-Stack-Developer-Coop_R00244793,,workday,Internship Tracker SWE,Open,Not applied,0,0,0,,2026-07-18T23:16:08+00:00,2026-07-20T16:31:26+00:00,0,,
559,Late discovery,2026-05-29T23:16:08+00:00,relative,1,Palantir,Forward Deployed Software Engineer - Internship - AUS Government,Software Engineer Intern,"Sydney, Australia",,Onsite,,https://jobs.lever.co/palantir/395a4483-fc3d-4b77-a500-501923fd0976,https://jobs.lever.co/palantir/395a4483-fc3d-4b77-a500-501923fd0976,395a4483-fc3d-4b77-a500-501923fd0976,lever,SpeedyApply 2027 SWE Intl,Open,Not applied,0,0,0,,2026-07-18T23:16:08+00:00,2026-07-20T16:31:26+00:00,0,,
263,Late discovery,2026-05-29T23:01:29+00:00,relative,-1,Pony.ai,Software Engineer Intern - Generalist,Software Engineer Intern,"Fremont, CA",United States,Onsite,,https://apply.workable.com/pony-dot-ai/j/BA5FFDBC71/,https://apply.workable.com/pony-dot-ai/j/BA5FFDBC71,,,SpeedyApply 2027 SWE,Open,Not applied,0,0,0,,2026-07-18T23:04:31+00:00,2026-07-20T16:31:26+00:00,0,,
621,Late discovery,2026-05-29T00:00:00+00:00,date,-1,[pony.ai](https://apply.workable.com/pony-dot-ai/j/BA5FFDBC71/apply),Software Engineer Intern,Software Engineer Intern,"Fremont, CA",United States,Onsite,Summer 2026,https://apply.workable.com/pony-dot-ai/j/BA5FFDBC71/apply,https://apply.workable.com/pony-dot-ai/j/BA5FFDBC71/apply,,,Internship Tracker SWE,Open,Not applied,0,0,0,,2026-07-18T23:16:08+00:00,2026-07-20T16:31:26+00:00,0,,
343,Late discovery,2026-05-28T23:01:29+00:00,relative,2,Autodesk,Intern Software Developer - Stagiaire en Développement Logiciel,Software Developer Intern,"Remote - Québec, Canada",Canada,Remote,,https://autodesk.wd1.myworkdayjobs.com/en-US/ext/job/Quebec-CAN---Remote/Intern-Software-Developer--Stagiaire-en-Dveloppement-Logiciel_26WD98603-2,https://autodesk.wd1.myworkdayjobs.com/en-US/ext/job/Quebec-CAN---Remote/Intern-Software-Developer--Stagiaire-en-Dveloppement-Logiciel_26WD98603-2,,,SpeedyApply 2027 SWE Intl,Unverified,Not applied,0,0,0,,2026-07-18T23:04:31+00:00,2026-07-20T16:31:26+00:00,0,,Official verification failed (HTTP 403); Verification failed HTTP 403
264,Late discovery,2026-05-28T23:01:29+00:00,relative,1,Phia,Full Stack Engineer Intern,Full Stack Engineer Intern,"New York City, NY",United States,Onsite,,https://phia.com/,https://phia.com,,,SpeedyApply 2027 SWE,Open,Not applied,0,0,0,,2026-07-18T23:04:31+00:00,2026-07-18T23:16:08+00:00,0,,
344,Late discovery,2026-05-28T23:01:29+00:00,relative,-1,TomTom,Maps Speeds Directions - Software Engineering Internship - Lodz,Software Engineer Intern,"Łódź, Poland",,Onsite,,https://jobs.eu.lever.co/tomtom/38ec9198-99a1-4a83-bc05-932e1193ad80,https://jobs.eu.lever.co/tomtom/38ec9198-99a1-4a83-bc05-932e1193ad80,,,SpeedyApply 2027 SWE Intl,Open,Not applied,0,0,0,,2026-07-18T23:04:31+00:00,2026-07-20T16:31:26+00:00,0,,
265,Late discovery,2026-05-28T23:01:29+00:00,relative,-4,Prospect Equities,Backend / Frontend Developer Intern,Frontend Engineer Intern,"Chicago, IL",United States,Onsite,,http://prospectequities.applytojob.com/apply/XTbzSAcNtg/Backend-Frontend-Developer-Intern,http://prospectequities.applytojob.com/apply/XTbzSAcNtg/Backend-Frontend-Developer-Intern,,,SpeedyApply 2027 SWE,Unverified,Not applied,0,0,0,,2026-07-18T23:04:31+00:00,2026-07-20T16:31:26+00:00,0,,Official verification failed (HTTP 403); Verification failed HTTP 403
528,Late discovery,2026-05-27T23:16:08+00:00,relative,-1,Base Power Company,Software Engineering Intern,Software Engineer Intern,"Austin, TX",United States,Onsite,Summer 2026,https://jobs.ashbyhq.com/base-power/5353ea33-57d4-46fa-9a96-e392a3f841bc,https://jobs.ashbyhq.com/base-power/5353ea33-57d4-46fa-9a96-e392a3f841bc,5353ea33-57d4-46fa-9a96-e392a3f841bc,ashby,SpeedyApply 2027 SWE; Internship Tracker SWE,Open,Not applied,0,0,0,,2026-07-18T23:16:08+00:00,2026-07-20T16:31:26+00:00,0,,
266,Late discovery,2026-05-27T23:01:29+00:00,relative,-3,Base Power Company,Firmware Engineering Intern,Firmware Intern,"Austin, TX",United States,Onsite,,https://jobs.ashbyhq.com/base-power/a8ee9a66-e90b-42c2-a4a2-28d997c3e8c7,https://jobs.ashbyhq.com/base-power/a8ee9a66-e90b-42c2-a4a2-28d997c3e8c7,,,SpeedyApply 2027 SWE,Open,Not applied,0,0,0,,2026-07-18T23:04:31+00:00,2026-07-20T16:31:26+00:00,0,,
345,Late discovery,2026-05-26T23:01:29+00:00,relative,-1,RSM,Software Developer Intern,Software Developer Intern,,,Onsite,,https://rsm.wd1.myworkdayjobs.com/en-US/rsmcareers/job/San-Salvador/Software-Developer-Intern_JR119685,https://rsm.wd1.myworkdayjobs.com/en-US/rsmcareers/job/San-Salvador/Software-Developer-Intern_JR119685,,,SpeedyApply 2027 SWE Intl,Open,Not applied,0,0,0,,2026-07-18T23:04:31+00:00,2026-07-20T16:31:26+00:00,0,,
540,Late discovery,2026-05-25T23:16:08+00:00,relative,3,NVIDIA,Software Engineering Intern - Robot Learning Platform - 2026,Platform Engineer Intern,"Shanghai, China",,Onsite,,https://nvidia.wd5.myworkdayjobs.com/en-US/nvidiaexternalcareersite/job/China-Shanghai/Software-Engineering-Intern--Robot-Learning-Platform---2026_JR2018629,https://nvidia.wd5.myworkdayjobs.com/en-US/nvidiaexternalcareersite/job/China-Shanghai/Software-Engineering-Intern--Robot-Learning-Platform---2026_JR2018629,2018629,workday,SpeedyApply 2027 SWE Intl,Open,Not applied,0,0,0,,2026-07-18T23:16:08+00:00,2026-07-20T16:31:26+00:00,0,,
367,Late discovery,2026-05-24T23:01:29+00:00,relative,1,Astreya,AI Infrastructure DC Design Intern,Infrastructure Engineer Intern,Remote,,Remote,,https://astreya.wd5.myworkdayjobs.com/en-US/life-at-astreya-opportunities/job/Remote-CA/AI-Infrastructure-DC-Design-Intern_R0015746,https://astreya.wd5.myworkdayjobs.com/en-US/life-at-astreya-opportunities/job/Remote-CA/AI-Infrastructure-DC-Design-Intern_R0015746,,,SpeedyApply 2027 AI,Open,Not applied,0,0,0,,2026-07-18T23:04:31+00:00,2026-07-20T16:31:26+00:00,0,,
709,Late discovery,2026-05-23T23:16:25+00:00,relative,2,Rivian,Software Engineering Intern - Systems Engineering - Fall-Spring Co-op,Software Developer Co-op,"Vancouver, Canada",Canada,Onsite,,https://jobs.ashbyhq.com/rivianvw.tech/28e87a5e-7aba-4f91-af44-74f739356a27,https://jobs.ashbyhq.com/rivianvw.tech/28e87a5e-7aba-4f91-af44-74f739356a27,28e87a5e-7aba-4f91-af44-74f739356a27,ashby,SpeedyApply 2027 SWE Intl,Open,Not applied,0,0,0,,2026-07-18T23:16:25+00:00,2026-07-20T16:31:26+00:00,0,,
567,Late discovery,2026-05-23T23:16:08+00:00,relative,1,TikTok,Research Intern - Efficient ML Engineer - AI Platform- 2026 Start - PhD,ML Engineering Intern,"San Jose, CA",United States,Onsite,,https://lifeattiktok.com/search/7642827146549446965,https://lifeattiktok.com/search/7642827146549446965,,,SpeedyApply 2027 AI,Open,Not applied,0,0,0,,2026-07-18T23:16:08+00:00,2026-07-20T16:31:26+00:00,0,,
560,Late discovery,2026-05-22T23:16:08+00:00,relative,-1,ASML,Product - Software Engineer Internship,Software Engineer Intern,"Wuhan, China",,Onsite,,https://asml.wd3.myworkdayjobs.com/en-US/asmlext1/job/Wuhan-China/Product---Software-Engineer-Internship_J-00341934,https://asml.wd3.myworkdayjobs.com/en-US/asmlext1/job/Wuhan-China/Product---Software-Engineer-Internship_J-00341934,,workday,SpeedyApply 2027 SWE Intl,Open,Not applied,0,0,0,,2026-07-18T23:16:08+00:00,2026-07-20T16:31:26+00:00,0,,
231,Late discovery,2026-05-22T23:01:29+00:00,relative,1,Apple,Software Engineering Masters Internships,Software Engineer Intern,USA,United States,Onsite,,https://jobs.apple.com/en-us/details/200664320-3810,https://jobs.apple.com/en-us/details/200664320-3810,,,SpeedyApply 2027 SWE,Open,Not applied,0,0,0,,2026-07-18T23:04:31+00:00,2026-07-20T16:31:26+00:00,0,,
346,Late discovery,2026-05-22T23:01:29+00:00,relative,-3,Signify,Embedded Software Intern - IoT Gateway - MSc Graduation,Embedded Software Intern,"Eindhoven, The Netherlands",,Onsite,,https://lighting.wd3.myworkdayjobs.com/en-US/jobs-and-careers/job/Eindhoven/Embedded-Software-Intern---IoT-Gateway--MSc-Graduation-_364563,https://lighting.wd3.myworkdayjobs.com/en-US/jobs-and-careers/job/Eindhoven/Embedded-Software-Intern---IoT-Gateway--MSc-Graduation-_364563,,,SpeedyApply 2027 SWE Intl,Open,Not applied,0,0,0,,2026-07-18T23:04:31+00:00,2026-07-20T16:31:26+00:00,0,,
213,Late discovery,2026-05-22T00:00:00+00:00,date,1,Apple,"Software Engineer Intern, Undergrad",Software Engineer Intern,United States,United States,Onsite,,https://jobs.apple.com/en-us/details/200664785/software-undergrad-engineering-internships?utm_source=github-vansh-ouckah,https://jobs.apple.com/en-us/details/200664785/software-undergrad-engineering-internships,,,Vansh Summer2027,Open,Not applied,0,0,0,,2026-07-18T23:04:31+00:00,2026-07-20T16:31:26+00:00,0,,
207,Late discovery,2026-05-22T00:00:00+00:00,date,1,LiveRamp,"Software Engineer Intern, Pixel Serving",Software Engineer Intern,"New York, NY",United States,Onsite,,https://liveramp.wd5.myworkdayjobs.com/LiveRampCareers/job/New-York/Intern--Software-Engineer---Pixel-Serving_JR012201?utm_source=github-vansh-ouckah,https://liveramp.wd5.myworkdayjobs.com/LiveRampCareers/job/New-York/Intern--Software-Engineer---Pixel-Serving_JR012201,012201,workday,Vansh Summer2027; sndsh404 Summer2027,Open,Not applied,0,0,0,,2026-07-18T23:04:31+00:00,2026-07-20T16:31:26+00:00,0,,
622,Late discovery,2026-05-22T00:00:00+00:00,date,1,[Apple](https://jobs.apple.com/en-us/details/200664320),Software Engineering Masters Intern,Software Engineer Intern,United States,United States,Onsite,Summer 2026,https://jobs.apple.com/en-us/details/200664320,https://jobs.apple.com/en-us/details/200664320,,,Internship Tracker SWE,Open,Not applied,0,0,0,,2026-07-18T23:16:08+00:00,2026-07-20T16:31:26+00:00,0,,
211,Late discovery,2026-05-22T00:00:00+00:00,date,1,↳,Infrastructure Intern,Infrastructure Engineer Intern,"San Jose, CA",United States,Onsite,,https://jobs.ashbyhq.com/Etched/80926a71-0a62-4bf8-a877-b6d96df279b7?utm_source=github-vansh-ouckah,https://jobs.ashbyhq.com/Etched/80926a71-0a62-4bf8-a877-b6d96df279b7,80926a71-0a62-4bf8-a877-b6d96df279b7,ashby,Vansh Summer2027,Open,Not applied,0,0,0,,2026-07-18T23:04:31+00:00,2026-07-20T16:31:26+00:00,0,,
212,Late discovery,2026-05-22T00:00:00+00:00,date,-1,Aquatic Capital,Software Engineer Intern,Software Engineer Intern,"Chicago, IL",United States,Onsite,,https://job-boards.greenhouse.io/embed/job_app?for=aquaticcapitalmanagement&jr_id=6a06fd77152f493123c4b595&token=8489233002&utm_source=github-vansh-ouckah,https://job-boards.greenhouse.io/embed/job_app?for=aquaticcapitalmanagement&jr_id=6a06fd77152f493123c4b595&token=8489233002,,greenhouse,Vansh Summer2027,Open,Not applied,0,0,0,,2026-07-18T23:04:31+00:00,2026-07-20T16:31:26+00:00,0,,
206,Late discovery,2026-05-22T00:00:00+00:00,date,-1,Stoke Space,Software Engineer Intern,Software Engineer Intern,"Kent, WA",United States,Onsite,,https://www.stokespace.com/careers/current-openings/?gh_jid=5987663004&jr_id=69fae0acd21cf86d1e3cd79c&utm_source=github-vansh-ouckah,https://www.stokespace.com/careers/current-openings?gh_jid=5987663004&jr_id=69fae0acd21cf86d1e3cd79c,5987663004,,Vansh Summer2027; sndsh404 Summer2027,Open,Not applied,0,0,0,U.S. citizenship required,2026-07-18T23:04:31+00:00,2026-07-20T16:31:26+00:00,0,,
214,Late discovery,2026-05-22T00:00:00+00:00,date,-1,↳,"Software Engineering Intern, Masters",Software Engineer Intern,United States,United States,Onsite,,https://jobs.apple.com/en-us/details/200664320/software-engineering-masters-internships?utm_source=github-vansh-ouckah,https://jobs.apple.com/en-us/details/200664320/software-engineering-masters-internships,,,Vansh Summer2027,Open,Not applied,0,0,0,,2026-07-18T23:04:31+00:00,2026-07-20T16:31:26+00:00,0,,
208,Late discovery,2026-05-22T00:00:00+00:00,date,-1,Kudu Dynamics,Software Engineer Intern,Software Engineer Intern,"Chantilly, VA",,Onsite,,https://leidos.wd5.myworkdayjobs.com/External/job/Chantilly-VA/Software-Engineer-Intern_R-00183707?utm_source=github-vansh-ouckah,https://leidos.wd5.myworkdayjobs.com/External/job/Chantilly-VA/Software-Engineer-Intern_R-00183707,,workday,Vansh Summer2027; sndsh404 Summer2027,Open,Not applied,0,0,0,U.S. citizenship required,2026-07-18T23:04:31+00:00,2026-07-20T16:31:26+00:00,0,,
209,Late discovery,2026-05-22T00:00:00+00:00,date,-1,↳,Software Engineer Intern,Software Engineer Intern,"Chantilly, VA",,Onsite,,https://leidos.wd5.myworkdayjobs.com/External/job/Chantilly-VA/Software-Engineer-Intern_R-00183721?utm_source=github-vansh-ouckah,https://leidos.wd5.myworkdayjobs.com/External/job/Chantilly-VA/Software-Engineer-Intern_R-00183721,,workday,Vansh Summer2027; sndsh404 Summer2027,Open,Not applied,0,0,0,U.S. citizenship required,2026-07-18T23:04:31+00:00,2026-07-20T16:31:26+00:00,0,,
210,Late discovery,2026-05-22T00:00:00+00:00,date,-3,↳,Firmware Intern,Firmware Intern,"San Jose, CA",United States,Onsite,,https://jobs.ashbyhq.com/Etched/8134a9bf-9624-48dd-98be-0bf1c3cb1f55?utm_source=github-vansh-ouckah,https://jobs.ashbyhq.com/Etched/8134a9bf-9624-48dd-98be-0bf1c3cb1f55,8134a9bf-9624-48dd-98be-0bf1c3cb1f55,ashby,Vansh Summer2027,Open,Not applied,0,0,0,,2026-07-18T23:04:31+00:00,2026-07-20T16:31:26+00:00,0,,
706,Late discovery,2026-05-21T23:16:25+00:00,relative,-1,Plus,Software Engineer Intern- Runtime - Robotics,Software Engineer Intern,"Santa Clara, CA",United States,Onsite,,https://jobs.lever.co/plus-2/a3bcdba6-b0d0-46ba-9af3-a387926a6fb4,https://jobs.lever.co/plus-2/a3bcdba6-b0d0-46ba-9af3-a387926a6fb4,a3bcdba6-b0d0-46ba-9af3-a387926a6fb4,lever,SpeedyApply 2027 SWE,Open,Not applied,0,0,0,,2026-07-18T23:16:25+00:00,2026-07-20T16:31:26+00:00,0,,
572,Late discovery,2026-05-21T23:16:08+00:00,relative,1,Plus,Machine Learning Engineer Intern,ML Engineering Intern,"Santa Clara, CA",United States,Onsite,,https://jobs.lever.co/plus-2/5d71c173-fef1-409f-b3f0-750e3b828266,https://jobs.lever.co/plus-2/5d71c173-fef1-409f-b3f0-750e3b828266,5d71c173-fef1-409f-b3f0-750e3b828266,lever,SpeedyApply 2027 AI,Open,Not applied,0,0,0,,2026-07-18T23:16:08+00:00,2026-07-20T16:31:26+00:00,0,,
267,Late discovery,2026-05-21T23:01:29+00:00,relative,-1,Brunswick,Computer Graphics Software Developer Intern,Software Developer Intern,"Champaign, IL",United States,Onsite,,https://www.brunswick.com,https://www.brunswick.com,,,SpeedyApply 2027 SWE,Open,Not applied,0,0,0,,2026-07-18T23:04:31+00:00,2026-07-18T23:16:08+00:00,0,,
268,Late discovery,2026-05-21T23:01:29+00:00,relative,-1,Plus,Software Engineer Intern - Robotics,Software Engineer Intern,"Santa Clara, CA",United States,Onsite,,https://jobs.lever.co/plus-2/7a1afea9-b468-4b7c-a508-185e8e4032db,https://jobs.lever.co/plus-2/7a1afea9-b468-4b7c-a508-185e8e4032db,,,SpeedyApply 2027 SWE; SpeedyApply 2027 AI,Open,Not applied,0,0,0,,2026-07-18T23:04:31+00:00,2026-07-20T16:31:26+00:00,0,,
624,Late discovery,2026-05-21T00:00:00+00:00,date,1,[Oracle](https://eeho.fa.us2.oraclecloud.com/hcmUI/CandidateExperience/en/sites/CX_45001/job/334325),Software Engineer Intern,Software Engineer Intern,"Seattle, WA, Santa Clara, CA",United States,Onsite,Summer 2026,https://eeho.fa.us2.oraclecloud.com/hcmUI/CandidateExperience/en/sites/CX_45001/job/334325,https://eeho.fa.us2.oraclecloud.com/hcmUI/CandidateExperience/en/sites/CX_45001/job/334325,334325,,Internship Tracker SWE,Open,Not applied,0,0,0,,2026-07-18T23:16:08+00:00,2026-07-20T16:31:26+00:00,0,,
625,Late discovery,2026-05-21T00:00:00+00:00,date,1,[Oracle](https://eeho.fa.us2.oraclecloud.com/hcmUI/CandidateExperience/en/sites/CX_45001/job/334333),Software Engineer Intern - Ovip,Software Engineer Intern,"Nashville, TN, Austin, TX, United States",United States,Onsite,Summer 2026,https://eeho.fa.us2.oraclecloud.com/hcmUI/CandidateExperience/en/sites/CX_45001/job/334333,https://eeho.fa.us2.oraclecloud.com/hcmUI/CandidateExperience/en/sites/CX_45001/job/334333,334333,,Internship Tracker SWE,Open,Not applied,0,0,0,,2026-07-18T23:16:08+00:00,2026-07-20T16:31:26+00:00,0,,
623,Late discovery,2026-05-21T00:00:00+00:00,date,-1,[Brunswick](https://brunswick.wd1.myworkdayjobs.com/en-US/search/job/Champaign-IL/Computer-Graphics-Software-Developer-Intern_JR-050234),Computer Graphics Software Developer Intern,Software Developer Intern,"Urbana, IL",United States,Onsite,Summer 2026,https://brunswick.wd1.myworkdayjobs.com/en-US/search/job/Champaign-IL/Computer-Graphics-Software-Developer-Intern_JR-050234,https://brunswick.wd1.myworkdayjobs.com/en-US/search/job/Champaign-IL/Computer-Graphics-Software-Developer-Intern_JR-050234,,workday,Internship Tracker SWE; SpeedyApply 2027 SWE,Open,Not applied,0,0,0,,2026-07-18T23:16:08+00:00,2026-07-20T16:31:26+00:00,0,,
561,Late discovery,2026-05-20T23:16:08+00:00,relative,-3,Marvell,Software/Firmware Engineering - Intern,Firmware Intern,"Córdoba, Argentina",,Onsite,,https://marvell.wd1.myworkdayjobs.com/en-US/marvellcareers/job/Cordoba-Argentina/Software-Firmware-Engineering---Intern_2502704-1,https://marvell.wd1.myworkdayjobs.com/en-US/marvellcareers/job/Cordoba-Argentina/Software-Firmware-Engineering---Intern_2502704-1,,workday,SpeedyApply 2027 SWE Intl,Open,Not applied,0,0,0,,2026-07-18T23:16:08+00:00,2026-07-20T16:31:26+00:00,0,,
269,Late discovery,2026-05-20T23:01:29+00:00,relative,-1,Etched,Chip Simulation Software Intern,Software Engineer Intern,"San Jose, CA",United States,Onsite,,https://jobs.ashbyhq.com/etched/27e5bd6b-9357-45f0-9e79-cfa2bf4eeba8,https://jobs.ashbyhq.com/etched/27e5bd6b-9357-45f0-9e79-cfa2bf4eeba8,,,SpeedyApply 2027 SWE,Open,Not applied,0,0,0,,2026-07-18T23:04:31+00:00,2026-07-20T16:31:26+00:00,0,,
562,Late discovery,2026-05-19T23:16:08+00:00,relative,-1,GE HealthCare,Software Engineer Intern,Software Engineer Intern,"Kraków, Poland",,Onsite,,https://gehc.wd5.myworkdayjobs.com/en-US/gehc_externalsite/job/Krakow/Software-Engineer-Intern_R4040613,https://gehc.wd5.myworkdayjobs.com/en-US/gehc_externalsite/job/Krakow/Software-Engineer-Intern_R4040613,,workday,SpeedyApply 2027 SWE Intl,Open,Not applied,0,0,0,,2026-07-18T23:16:08+00:00,2026-07-20T16:31:26+00:00,0,,
161,Late discovery,2026-05-19T23:01:26+00:00,relative,-4,Stoke Space,Software Intern - Software,Software Engineer Intern,"Kent, WA",United States,Onsite,Spring 2027,https://simplify.jobs/c/Stoke-Space?utm_source=GHList&amp;utm_medium=company,https://simplify.jobs/c/Stoke-Space?amp;utm_medium=company,,,Simplify Off-Season,Unverified,Not applied,0,0,0,,2026-07-18T23:04:31+00:00,2026-07-20T16:31:26+00:00,0,,Aggregator URL only
17,Late discovery,2026-05-19T23:01:25+00:00,relative,-1,Lumentum,Calibration and Test Software Engineer Co-op,Software Developer Co-op,"Ottawa, ON, Canada",Canada,Onsite,Fall 2025,https://simplify.jobs/c/Lumentum?utm_source=GHList&amp;utm_medium=company,https://simplify.jobs/c/Lumentum?amp;utm_medium=company,,,Simplify Off-Season,Unverified,Not applied,0,0,0,,2026-07-18T23:04:31+00:00,2026-07-18T23:16:08+00:00,0,,Aggregator URL only
14,Late discovery,2026-05-19T23:01:25+00:00,relative,-1,Varian,Software Developer Co-op,Software Developer Co-op,Canada,Canada,Onsite,"Fall 2026, Winter 2026, Spring 2027",https://simplify.jobs/c/670da3c5-bce0-4621-b519-da7ce7d528e6?utm_source=GHList&amp;utm_medium=company,https://simplify.jobs/c/670da3c5-bce0-4621-b519-da7ce7d528e6?amp;utm_medium=company,670da3c5-bce0-4621-b519-da7ce7d528e6,,Simplify Off-Season,Unverified,Not applied,0,0,0,,2026-07-18T23:04:31+00:00,2026-07-20T16:31:26+00:00,0,,Aggregator URL only
15,Late discovery,2026-05-19T23:01:25+00:00,relative,-4,Skydio,Software Engineer Intern,Software Engineer Intern,"San Mateo, CA",United States,Onsite,"Fall 2026, Winter 2027",https://simplify.jobs/c/Skydio?utm_source=GHList&amp;utm_medium=company,https://simplify.jobs/c/Skydio?amp;utm_medium=company,,,Simplify Off-Season,Unverified,Not applied,0,0,0,,2026-07-18T23:04:31+00:00,2026-07-18T23:16:08+00:00,0,,Aggregator URL only
18,Late discovery,2026-05-19T23:01:25+00:00,relative,-4,ASM International,Software Engineering Intern,Software Engineer Intern,"Phoenix, AZ",,Onsite,Spring 2027,https://simplify.jobs/c/ASM-International?utm_source=GHList&amp;utm_medium=company,https://simplify.jobs/c/ASM-International?amp;utm_medium=company,,,Simplify Off-Season,Unverified,Not applied,0,0,0,,2026-07-18T23:04:31+00:00,2026-07-20T16:31:26+00:00,0,,Aggregator URL only
16,Late discovery,2026-05-19T23:01:25+00:00,relative,-4,W.R. Berkley,Software Developer Intern - Reactjs,Software Developer Intern,"Grimes, IA",,Onsite,Spring 2026,https://simplify.jobs/c/WR-Berkley?utm_source=GHList&amp;utm_medium=company,https://simplify.jobs/c/WR-Berkley?amp;utm_medium=company,,,Simplify Off-Season,Unverified,Not applied,0,0,0,,2026-07-18T23:04:31+00:00,2026-07-20T16:31:26+00:00,0,,Aggregator URL only
626,Late discovery,2026-05-19T00:00:00+00:00,date,-1,[PlusAI](https://jobs.lever.co/plus-2/012a2134-8a6a-4982-8f25-f906178a24e4/apply),Software Engineer Intern - Data,Software Engineer Intern,"Santa Clara, CA",United States,Onsite,Summer 2026,https://jobs.lever.co/plus-2/012a2134-8a6a-4982-8f25-f906178a24e4/apply,https://jobs.lever.co/plus-2/012a2134-8a6a-4982-8f25-f906178a24e4/apply,012a2134-8a6a-4982-8f25-f906178a24e4,lever,Internship Tracker SWE; SpeedyApply 2027 SWE,Open,Not applied,0,0,0,,2026-07-18T23:16:08+00:00,2026-07-20T16:31:26+00:00,0,,
216,Late discovery,2026-05-19T00:00:00+00:00,date,-1,Podium,Software Engineering Intern,Software Engineer Intern,"Lehi, UT",,Onsite,,https://job-boards.greenhouse.io/podium81?error=true,https://job-boards.greenhouse.io/podium81/jobs/7939921,7939921,greenhouse,Vansh Summer2027; sndsh404 Summer2027,Open,Not applied,0,0,0,,2026-07-18T23:04:31+00:00,2026-07-20T16:31:26+00:00,0,,
217,Late discovery,2026-05-19T00:00:00+00:00,date,-4,Nash,Full Stack Engineering Intern,Full Stack Engineer Intern,"San Francisco, CA",United States,Onsite,,https://www.workatastartup.com/jobs/94993?utm_source=github-vansh-ouckah,https://www.workatastartup.com/jobs/94993,94993,,Vansh Summer2027; sndsh404 Summer2027,Unverified,Not applied,1,0,0,U.S. citizenship required,2026-07-18T23:04:31+00:00,2026-07-20T16:31:26+00:00,0,,Official verification failed (HTTP 406); Verification failed HTTP 406
215,Late discovery,2026-05-19T00:00:00+00:00,date,-6,StarSling,Software Engineer Intern,Software Engineer Intern,"San Mateo, CA",United States,Onsite,,https://www.workatastartup.com/jobs/95003?utm_source=github-vansh-ouckah,https://www.workatastartup.com/jobs/95003,95003,,Vansh Summer2027,Unverified,Not applied,1,0,0,U.S. citizenship required,2026-07-18T23:04:31+00:00,2026-07-20T16:31:26+00:00,0,,Official verification failed (HTTP 406); Verification failed HTTP 406
627,Late discovery,2026-05-16T00:00:00+00:00,date,1,[Neuralink](https://boards.greenhouse.io/neuralink/jobs/5469298003),Software Engineer Intern - Infrastructure,Infrastructure Engineer Intern,"Fremont, CA",United States,Onsite,Summer 2026,https://boards.greenhouse.io/neuralink/jobs/5469298003,https://boards.greenhouse.io/neuralink/jobs/5469298003,5469298003,greenhouse,Internship Tracker SWE,Open,Not applied,0,0,0,,2026-07-18T23:16:08+00:00,2026-07-20T16:31:26+00:00,0,,
529,Late discovery,2026-05-15T23:16:08+00:00,relative,1,Plus,Software Engineer Intern - Data Infrastructure and Tools,Infrastructure Engineer Intern,"Santa Clara, CA",United States,Onsite,Summer 2026,https://jobs.lever.co/plus-2/06b808df-85a1-4ddd-863c-3e1cbe61eda9,https://jobs.lever.co/plus-2/06b808df-85a1-4ddd-863c-3e1cbe61eda9,06b808df-85a1-4ddd-863c-3e1cbe61eda9,lever,SpeedyApply 2027 SWE; Internship Tracker SWE,Open,Not applied,0,0,0,,2026-07-18T23:16:08+00:00,2026-07-20T16:31:26+00:00,0,,
530,Late discovery,2026-05-15T23:16:08+00:00,relative,1,Plus,Full Stack Engineer Intern,Full Stack Engineer Intern,"Santa Clara, CA",United States,Onsite,,https://jobs.lever.co/plus-2/b69c9b6d-483f-41d4-b487-97c99332ca40,https://jobs.lever.co/plus-2/b69c9b6d-483f-41d4-b487-97c99332ca40,b69c9b6d-483f-41d4-b487-97c99332ca40,lever,SpeedyApply 2027 SWE,Open,Not applied,0,0,0,,2026-07-18T23:16:08+00:00,2026-07-20T16:31:26+00:00,0,,
628,Late discovery,2026-05-15T00:00:00+00:00,date,-1,[Docugami](https://job-boards.greenhouse.io/docugami/jobs/4014838003),Software Engineer Intern,Software Engineer Intern,"Kirkland, WA",United States,Onsite,Summer 2026,https://job-boards.greenhouse.io/docugami/jobs/4014838003,https://job-boards.greenhouse.io/docugami/jobs/4014838003,4014838003,greenhouse,Internship Tracker SWE,Open,Not applied,0,0,0,,2026-07-18T23:16:08+00:00,2026-07-20T16:31:26+00:00,0,,
347,Late discovery,2026-05-14T23:01:29+00:00,relative,-1,Astera Institute,Software Engineering Intern - Distributed Simulation Systems,Software Engineer Intern,,,Onsite,,https://astera.org/,https://astera.org,,,SpeedyApply 2027 SWE Intl,Open,Not applied,0,0,0,,2026-07-18T23:04:31+00:00,2026-07-18T23:16:08+00:00,0,,
631,Late discovery,2026-05-14T00:00:00+00:00,date,-1,[Palantir](https://jobs.lever.co/palantir/5c4c65c5-77da-4d36-856c-4ade87631019/apply),Year at Palantir Intern - Forward Deployed Software Engineer,Software Engineer Intern,"Washington, DC",,Onsite,Summer 2026,https://jobs.lever.co/palantir/5c4c65c5-77da-4d36-856c-4ade87631019/apply,https://jobs.lever.co/palantir/5c4c65c5-77da-4d36-856c-4ade87631019/apply,5c4c65c5-77da-4d36-856c-4ade87631019,lever,Internship Tracker SWE; SpeedyApply 2027 SWE,Open,Not applied,0,0,1,Export-control eligibility required,2026-07-18T23:16:08+00:00,2026-07-20T16:31:26+00:00,0,,
630,Late discovery,2026-05-14T00:00:00+00:00,date,-1,[Palantir](https://jobs.lever.co/palantir/5c7bb70c-83ea-43e7-8055-0c8f319f4333/apply),Year at Palantir Intern - Forward Deployed Software Engineer,Software Engineer Intern,NYC,,Onsite,Summer 2026,https://jobs.lever.co/palantir/5c7bb70c-83ea-43e7-8055-0c8f319f4333/apply,https://jobs.lever.co/palantir/5c7bb70c-83ea-43e7-8055-0c8f319f4333/apply,5c7bb70c-83ea-43e7-8055-0c8f319f4333,lever,Internship Tracker SWE,Open,Not applied,0,0,1,Export-control eligibility required,2026-07-18T23:16:08+00:00,2026-07-20T16:31:26+00:00,0,,
629,Late discovery,2026-05-14T00:00:00+00:00,date,-1,[Palantir](https://jobs.lever.co/palantir/e6789b17-62fb-4226-a079-f8c17ff19e2d/apply),Year at Palantir Intern - Forward Deployed Software Engineer - Commercial,Software Engineer Intern,NYC,,Onsite,Summer 2026,https://jobs.lever.co/palantir/e6789b17-62fb-4226-a079-f8c17ff19e2d/apply,https://jobs.lever.co/palantir/e6789b17-62fb-4226-a079-f8c17ff19e2d/apply,e6789b17-62fb-4226-a079-f8c17ff19e2d,lever,Internship Tracker SWE,Open,Not applied,0,0,1,Export-control eligibility required,2026-07-18T23:16:08+00:00,2026-07-20T16:31:26+00:00,0,,
218,Late discovery,2026-05-14T00:00:00+00:00,date,-4,Terranox AI,Summer Intern - AI/ML Engineering,ML Engineering Intern,"San Francisco, CA",United States,Onsite,,https://www.workatastartup.com/jobs/94631?utm_source=github-vansh-ouckah,https://www.workatastartup.com/jobs/94631,94631,,Vansh Summer2027,Unverified,Not applied,1,0,0,U.S. citizenship required,2026-07-18T23:04:31+00:00,2026-07-20T16:31:26+00:00,0,,Official verification failed (HTTP 406); Verification failed HTTP 406
219,Late discovery,2026-05-14T00:00:00+00:00,date,-6,Naïve,Software Engineer Intern,Software Engineer Intern,"San Francisco, CA Remote",United States,Remote,,https://www.workatastartup.com/jobs/94647?utm_source=github-vansh-ouckah,https://www.workatastartup.com/jobs/94647,94647,,Vansh Summer2027; sndsh404 Summer2027,Unverified,Not applied,1,0,0,U.S. citizenship required,2026-07-18T23:04:31+00:00,2026-07-20T16:31:26+00:00,0,,Official verification failed (HTTP 406); Verification failed HTTP 406
220,Late discovery,2026-05-14T00:00:00+00:00,date,-6,Abundant,"Software Engineering Intern, Research Focused",Software Engineer Intern,"San Francisco, CA",United States,Onsite,,https://www.workatastartup.com/jobs/94634?utm_source=github-vansh-ouckah,https://www.workatastartup.com/jobs/94634,94634,,Vansh Summer2027,Unverified,Not applied,1,0,0,U.S. citizenship required,2026-07-18T23:04:31+00:00,2026-07-20T16:31:26+00:00,0,,Official verification failed (HTTP 406); Verification failed HTTP 406
563,Late discovery,2026-05-13T23:16:08+00:00,relative,1,Snowflake,Software Engineer Intern - Zurich - 2026,Software Engineer Intern,"Observe, Switzerland",,Onsite,,https://jobs.ashbyhq.com/snowflake/26a0ae52-97a6-4a46-9216-3c382570d89b,https://jobs.ashbyhq.com/snowflake/26a0ae52-97a6-4a46-9216-3c382570d89b,26a0ae52-97a6-4a46-9216-3c382570d89b,ashby,SpeedyApply 2027 SWE Intl,Open,Not applied,0,0,0,,2026-07-18T23:16:08+00:00,2026-07-20T16:31:26+00:00,0,,
632,Late discovery,2026-05-13T00:00:00+00:00,date,-1,[Astera](https://jobs.ashbyhq.com/astera/c2a48c1b-c4c4-4333-addf-313c47e26066/application),Software Engineer Intern - Distributed Simulation Systems,Software Engineer Intern,"Oakland, CA",United States,Onsite,Summer 2026,https://jobs.ashbyhq.com/astera/c2a48c1b-c4c4-4333-addf-313c47e26066/application,https://jobs.ashbyhq.com/astera/c2a48c1b-c4c4-4333-addf-313c47e26066/application,c2a48c1b-c4c4-4333-addf-313c47e26066,ashby,Internship Tracker SWE; SpeedyApply 2027 SWE Intl,Open,Not applied,0,0,0,,2026-07-18T23:16:08+00:00,2026-07-20T16:31:26+00:00,0,,
348,Late discovery,2026-05-12T23:01:29+00:00,relative,-1,Super.com,Software Engineering Intern - Product - Full-Stack,Software Engineer Intern,"Toronto, Canada",Canada,Onsite,,https://jobs.ashbyhq.com/super.com/8179b5ad-9074-4d96-aa92-366cf12ab5d5,https://jobs.ashbyhq.com/super.com/8179b5ad-9074-4d96-aa92-366cf12ab5d5,,,SpeedyApply 2027 SWE Intl,Unverified,Not applied,0,0,0,,2026-07-18T23:04:31+00:00,2026-07-20T16:31:26+00:00,0,,Official verification failed (HTTP 403); Verification failed HTTP 403
229,Late discovery,2026-05-12T00:00:00+00:00,date,-1,Member Solutions,Software Engineering Intern,Software Engineer Intern,Remote,,Remote,,https://github.com/vanshb03/Summer2027-Internships/blob/dev/README.md,https://github.com/vanshb03/Summer2027-Internships/blob/dev/README.md,,,Vansh Summer2027,Open,Not applied,0,0,0,U.S. citizenship required,2026-07-18T23:04:31+00:00,2026-07-20T16:31:26+00:00,0,,
221,Late discovery,2026-05-12T00:00:00+00:00,date,-1,WSP,Software Developer Intern,Software Developer Intern,"Dallas, TX",United States,Onsite,,https://emit.fa.ca3.oraclecloud.com/hcmUI/CandidateExperience/en/sites/CX_2001/job/86808?utm_source=github-vansh-ouckah,https://emit.fa.ca3.oraclecloud.com/hcmUI/CandidateExperience/en/sites/CX_2001/job/86808,86808,,Vansh Summer2027,Open,Not applied,0,0,0,,2026-07-18T23:04:31+00:00,2026-07-20T16:31:26+00:00,0,,
222,Late discovery,2026-05-11T00:00:00+00:00,date,-1,"Apex Technology, Inc.","Software Engineering Intern, Embedded Systems",Embedded Software Intern,Los Angeles,,Onsite,,https://jobs.ashbyhq.com/apex-technology-inc/5ec2dfa9-724d-4ce4-ab97-5067ec747f11?utm_source=github-vansh-ouckah,https://jobs.ashbyhq.com/apex-technology-inc/5ec2dfa9-724d-4ce4-ab97-5067ec747f11,5ec2dfa9-724d-4ce4-ab97-5067ec747f11,ashby,Vansh Summer2027,Open,Not applied,0,0,0,,2026-07-18T23:04:31+00:00,2026-07-20T16:31:26+00:00,0,,
349,Late discovery,2026-05-09T23:01:29+00:00,relative,0,Nuclear Promise X,Software Developer Intern,Software Developer Intern,"Ontario, Canada",Canada,Onsite,,https://jobs.ashbyhq.com/npx/048ca8da-bfb9-4454-8147-ac9497629634,https://jobs.ashbyhq.com/npx/048ca8da-bfb9-4454-8147-ac9497629634,,,SpeedyApply 2027 SWE Intl,Open,Not applied,0,0,1,Export-control eligibility required,2026-07-18T23:04:31+00:00,2026-07-20T16:31:26+00:00,0,,
633,Late discovery,2026-05-09T00:00:00+00:00,date,2,[Acceldata](https://jobs.lever.co/acceldata/3b6d3dfe-5e49-41c9-98a5-f732fa63fdf4/apply),Software Engineering Co-op,Software Developer Co-op,"Kitchener, ON, Canada",Canada,Onsite,Summer 2026,https://jobs.lever.co/acceldata/3b6d3dfe-5e49-41c9-98a5-f732fa63fdf4/apply,https://jobs.lever.co/acceldata/3b6d3dfe-5e49-41c9-98a5-f732fa63fdf4/apply,3b6d3dfe-5e49-41c9-98a5-f732fa63fdf4,lever,Internship Tracker SWE,Open,Not applied,0,0,0,,2026-07-18T23:16:08+00:00,2026-07-20T16:31:26+00:00,0,,
224,Late discovery,2026-05-09T00:00:00+00:00,date,1,↳,"Software Engineering Intern, Platform, Security & AI",Security Engineering Intern,"San Jose, CA",United States,Onsite,,https://job-boards.eu.greenhouse.io/veeamsoftware?error=true,https://job-boards.eu.greenhouse.io/veeamsoftware/jobs/4857832101,4857832101,greenhouse,Vansh Summer2027,Open,Not applied,0,0,0,,2026-07-18T23:04:31+00:00,2026-07-20T16:31:26+00:00,0,,
223,Late discovery,2026-05-09T00:00:00+00:00,date,-1,Veeam Software,"Software Engineering Intern, Policy Engineering",Software Engineer Intern,"San Jose, CA",United States,Onsite,,https://job-boards.eu.greenhouse.io/veeamsoftware?error=true,https://job-boards.eu.greenhouse.io/veeamsoftware/jobs/4857828101,4857828101,greenhouse,Vansh Summer2027,Open,Not applied,0,0,0,,2026-07-18T23:04:31+00:00,2026-07-20T16:31:26+00:00,0,,
270,Late discovery,2026-05-08T23:01:29+00:00,relative,-1,kos.ai,Software Engineer Intern,Software Engineer Intern,"San Francisco, CA",United States,Onsite,,https://www.kos.ai/,https://www.kos.ai,,,SpeedyApply 2027 SWE,Open,Not applied,0,0,0,,2026-07-18T23:04:31+00:00,2026-07-18T23:16:08+00:00,0,,
524,Late discovery,2026-05-07T23:16:07+00:00,relative,-1,TikTok,Software Engineer Intern - Quality and Efficiency Technology - 2026 Summer - BS/MS,Software Engineer Intern,"San Jose, CA",United States,Onsite,,https://lifeattiktok.com/search/7637047421538404613,https://lifeattiktok.com/search/7637047421538404613,,,SpeedyApply 2027 SWE,Open,Not applied,0,0,0,,2026-07-18T23:16:08+00:00,2026-07-20T16:31:26+00:00,0,,
350,Late discovery,2026-05-07T23:01:29+00:00,relative,1,Pfizer,Data Analytics and Full Stack Developer Intern,Full Stack Engineer Intern,Philippines +1,,Onsite,,https://pfizer.wd1.myworkdayjobs.com/en-US/pfizercareers/job/Philippines---Makati-City/Data-Analytics-and-Full-Stack-Developer-Intern_4955872,https://pfizer.wd1.myworkdayjobs.com/en-US/pfizercareers/job/Philippines---Makati-City/Data-Analytics-and-Full-Stack-Developer-Intern_4955872,,,SpeedyApply 2027 SWE Intl,Open,Not applied,0,0,0,,2026-07-18T23:04:31+00:00,2026-07-20T16:31:26+00:00,0,,
564,Late discovery,2026-05-06T23:16:08+00:00,relative,1,Palantir,Forward Deployed Software Engineer - Internship,Software Engineer Intern,"Paris, France",,Onsite,,https://jobs.lever.co/palantir/1b6f1d82-d459-4dea-8bc2-8d2ffe6f881a,https://jobs.lever.co/palantir/1b6f1d82-d459-4dea-8bc2-8d2ffe6f881a,1b6f1d82-d459-4dea-8bc2-8d2ffe6f881a,lever,SpeedyApply 2027 SWE Intl,Open,Not applied,0,0,0,,2026-07-18T23:16:08+00:00,2026-07-20T16:31:26+00:00,0,,
271,Late discovery,2026-05-06T23:01:29+00:00,relative,-1,Skydio,Software Engineer Intern Fall 2026/Winter 2027,Software Engineer Intern,"San Mateo, CA",United States,Onsite,Winter 2027,https://www.skydio.com/,https://www.skydio.com,,,SpeedyApply 2027 SWE; sndsh404 Summer2027,Open,Not applied,0,0,0,,2026-07-18T23:04:31+00:00,2026-07-18T23:16:08+00:00,0,,
351,Late discovery,2026-05-06T23:01:29+00:00,relative,-1,Lucidya,Entry-Level Software Engineer - Internship - Fresh Graduate,Software Engineer Intern,"Riyadh, Saudi Arabia +1",,Onsite,,https://apply.workable.com/lucidya/j/972E263571/,https://apply.workable.com/lucidya/j/972E263571,,,SpeedyApply 2027 SWE Intl,Open,Not applied,0,0,0,,2026-07-18T23:04:31+00:00,2026-07-20T16:31:26+00:00,0,,
634,Late discovery,2026-05-06T00:00:00+00:00,date,-1,[Skydio](https://jobs.ashbyhq.com/skydio/f6320e9b-4eed-408d-8d37-d509fb0406ee/application),Software Engineer Intern,Software Engineer Intern,"San Mateo, CA",United States,Onsite,"Fall 2026, Winter 2027",https://jobs.ashbyhq.com/skydio/f6320e9b-4eed-408d-8d37-d509fb0406ee/application,https://jobs.ashbyhq.com/skydio/f6320e9b-4eed-408d-8d37-d509fb0406ee/application,f6320e9b-4eed-408d-8d37-d509fb0406ee,ashby,Internship Tracker SWE; SpeedyApply 2027 SWE; sndsh404 Summer2027; Cursor Agent Monitor,Open,Not applied,0,0,0,E-Verify; cloud platform and infrastructure team; $47–58/hr,2026-07-18T23:16:08+00:00,2026-07-20T16:37:00+00:00,0,,
272,Late discovery,2026-05-02T23:01:29+00:00,relative,4,Cohere,Software Engineer Intern - Fall / Winter 2026,Software Engineer Intern,Canada +1,Canada,Onsite,,https://cohere.com/,https://cohere.com,,,SpeedyApply 2027 SWE,Open,Not applied,0,0,0,,2026-07-18T23:04:31+00:00,2026-07-19T00:45:26+00:00,0,,
273,Late discovery,2026-05-01T23:01:29+00:00,relative,-1,Motorola Solutions,Intern - Web Interface Software Engineer - 2026,Software Engineer Intern,"Los Angeles, CA",United States,Onsite,,https://motorolasolutions.wd5.myworkdayjobs.com/en-US/careers/job/Los-Angeles-CA/Intern---Web-Interface-Software-Engineer--2026-_R64590,https://motorolasolutions.wd5.myworkdayjobs.com/en-US/careers/job/Los-Angeles-CA/Intern---Web-Interface-Software-Engineer--2026-_R64590,,,SpeedyApply 2027 SWE; SpeedyApply 2027 SWE Intl,Open,Not applied,0,0,0,,2026-07-18T23:04:31+00:00,2026-07-20T16:31:26+00:00,0,,
636,Late discovery,2026-05-01T00:00:00+00:00,date,1,[Axiomatic AI](https://job-boards.eu.greenhouse.io/axiomaticai/jobs/4848128101),Software Engineering Internship – Platform/DevOps,DevOps Intern,"Boston, MA",United States,Onsite,Summer 2026,https://job-boards.eu.greenhouse.io/axiomaticai/jobs/4848128101,https://job-boards.eu.greenhouse.io/axiomaticai/jobs/4848128101,4848128101,greenhouse,Internship Tracker SWE,Open,Not applied,0,0,0,,2026-07-18T23:16:08+00:00,2026-07-20T16:31:26+00:00,0,,
637,Late discovery,2026-05-01T00:00:00+00:00,date,-1,[Axiomatic AI](https://job-boards.eu.greenhouse.io/axiomaticai/jobs/4848121101),Software Engineering Internship – AI/Agentic Systems,Software Engineer Intern,"Boston, MA",United States,Onsite,Summer 2026,https://job-boards.eu.greenhouse.io/axiomaticai/jobs/4848121101,https://job-boards.eu.greenhouse.io/axiomaticai/jobs/4848121101,4848121101,greenhouse,Internship Tracker SWE,Open,Not applied,0,0,0,,2026-07-18T23:16:08+00:00,2026-07-20T16:31:26+00:00,0,,
635,Late discovery,2026-05-01T00:00:00+00:00,date,-1,[Rainmaker](https://jobs.lever.co/make-rain/b45f954e-19df-45b1-8748-c8ae442a2e8b),Software Engineering Intern,Software Engineer Intern,"El Segundo, CA",United States,Onsite,Summer 2026,https://jobs.lever.co/make-rain/b45f954e-19df-45b1-8748-c8ae442a2e8b,https://jobs.lever.co/make-rain/b45f954e-19df-45b1-8748-c8ae442a2e8b,b45f954e-19df-45b1-8748-c8ae442a2e8b,lever,Internship Tracker SWE; SpeedyApply 2027 SWE,Open,Not applied,0,0,0,,2026-07-18T23:16:08+00:00,2026-07-20T16:31:26+00:00,0,,
274,Late discovery,2026-04-30T23:01:29+00:00,relative,-1,Apptronik,Robotics Software Intern - Real-Time Controls,Software Engineer Intern,"Austin, TX",United States,Onsite,,https://boards.greenhouse.io/apptronik/jobs/5985132004?gh_jid=5985132004,https://boards.greenhouse.io/apptronik/jobs/5985132004?gh_jid=5985132004,,,SpeedyApply 2027 SWE,Open,Not applied,0,0,0,,2026-07-18T23:04:31+00:00,2026-07-20T16:31:26+00:00,0,,
352,Late discovery,2026-04-28T23:01:29+00:00,relative,-1,Alan,Software Engineer Internship - 6 months,Software Engineer Intern,"Paris, France",,Onsite,,https://jobs.ashbyhq.com/alan/de4c30ae-698f-43e9-84d1-f458955fd671,https://jobs.ashbyhq.com/alan/de4c30ae-698f-43e9-84d1-f458955fd671,,,SpeedyApply 2027 SWE Intl,Open,Not applied,0,0,0,,2026-07-18T23:04:31+00:00,2026-07-20T16:31:26+00:00,0,,
772,Late discovery,2026-04-27T16:30:53+00:00,relative,-1,"Mercari, inc.",Build Internship Plus - Software Engineer - Internship - Mercari,Software Engineer Intern,"Minato City, Japan",,Onsite,,https://careers.mercari.com/jp,https://careers.mercari.com/jp,,,SpeedyApply 2027 SWE Intl,Unverified,Not applied,0,0,0,,2026-07-20T16:31:26+00:00,2026-07-20T16:31:26+00:00,0,,
638,Late discovery,2026-04-27T00:00:00+00:00,date,1,[AI Fund](https://jobs.lever.co/AIFund/0b219991-32db-4827-b052-7207faac151d/apply),Engineer in Residence: Enterprise Agent Infrastructure Intern,Infrastructure Engineer Intern,"Mountain View, CA",United States,Onsite,N/A,https://jobs.lever.co/AIFund/0b219991-32db-4827-b052-7207faac151d/apply,https://jobs.lever.co/AIFund/0b219991-32db-4827-b052-7207faac151d/apply,0b219991-32db-4827-b052-7207faac151d,lever,Internship Tracker SWE,Open,Not applied,0,0,0,,2026-07-18T23:16:08+00:00,2026-07-20T16:31:26+00:00,0,,
353,Late discovery,2026-04-26T23:01:29+00:00,relative,-3,Dexmate,Frontend Engineer Intern,Frontend Engineer Intern,,,Onsite,,https://jobs.ashbyhq.com/dexmate/eac26b6f-1a53-441f-8e52-ee0a0b1bc119,https://jobs.ashbyhq.com/dexmate/eac26b6f-1a53-441f-8e52-ee0a0b1bc119,,,SpeedyApply 2027 SWE Intl,Open,Not applied,0,0,0,,2026-07-18T23:04:31+00:00,2026-07-20T16:31:26+00:00,0,,
368,Late discovery,2026-04-25T23:01:29+00:00,relative,1,TIFIN,AI Engineering Intern,AI Engineering Intern,"Tiffin, OH +1",,Onsite,,https://tifin.com,https://tifin.com,,,SpeedyApply 2027 AI,Open,Not applied,0,0,0,,2026-07-18T23:04:31+00:00,2026-07-18T23:16:08+00:00,0,,
275,Late discovery,2026-04-25T23:01:29+00:00,relative,-1,Rainmaker,Software Engineering Intern,Software Engineer Intern,"El Segundo, CA",United States,Onsite,,https://www.rainmaker.com/,https://www.rainmaker.com,,,SpeedyApply 2027 SWE,Open,Not applied,0,0,0,,2026-07-18T23:04:31+00:00,2026-07-18T23:16:08+00:00,0,,
639,Late discovery,2026-04-24T00:00:00+00:00,date,1,[TIFIN](https://tifin.com/careers/apply/?gh_jid=5981740004),AI Engineering Intern,AI Engineering Intern,"Charlotte, NC, Boulder, CO",,Onsite,Summer 2026,https://tifin.com/careers/apply/?gh_jid=5981740004,https://tifin.com/careers/apply?gh_jid=5981740004,5981740004,,Internship Tracker SWE; SpeedyApply 2027 AI,Open,Not applied,0,0,0,,2026-07-18T23:16:08+00:00,2026-07-20T16:31:26+00:00,0,,
225,Late discovery,2026-04-24T00:00:00+00:00,date,-1,Al Warren Oil Company,Software Developer Intern,Software Developer Intern,"Bensenville, IL",United States,Onsite,,https://apply.workable.com/al-warren-oil-company-inc/j/A4487B349D/?utm_source=github-vansh-ouckah,https://apply.workable.com/al-warren-oil-company-inc/j/A4487B349D,,,Vansh Summer2027,Open,Not applied,0,0,0,,2026-07-18T23:04:31+00:00,2026-07-20T16:31:26+00:00,0,,
276,Late discovery,2026-04-23T23:01:29+00:00,relative,-1,ASM,Software Engineering Intern - Spring 2027,Software Engineer Intern,"Phoenix, AZ +1",,Onsite,Spring 2027,https://www.asm.com/,https://www.asm.com,,,SpeedyApply 2027 SWE,Open,Not applied,0,0,0,,2026-07-18T23:04:31+00:00,2026-07-18T23:04:31+00:00,0,,
277,Late discovery,2026-04-21T23:01:29+00:00,relative,-1,Blackstar Computers,SWE Internship - Summer 2026,Software Engineer Intern,"San Francisco, CA",United States,Onsite,,https://jobs.ashbyhq.com/blackstar/cdf1a311-09a2-4591-85ce-606bf0120700,https://jobs.ashbyhq.com/blackstar/cdf1a311-09a2-4591-85ce-606bf0120700,,,SpeedyApply 2027 SWE,Open,Not applied,0,0,0,,2026-07-18T23:04:31+00:00,2026-07-20T16:31:26+00:00,0,,
228,Late discovery,2026-04-20T00:00:00+00:00,date,-1,Avanade,Software Engineering Intern,Software Engineer Intern,"Los Angeles, CA Seattle, WA",United States,Onsite,,https://accenture.wd103.myworkdayjobs.com/en-GB/AvanadeCareers/job/Los-Angeles-6181-W-Centinela-Ave-Corp/Intern--Software-Engineering---June-2026_R00319370?jr_id=69e6a556f8fa2f3ec32a3173&utm_source=github-vansh-ouckah,https://accenture.wd103.myworkdayjobs.com/en-GB/AvanadeCareers/job/Los-Angeles-6181-W-Centinela-Ave-Corp/Intern--Software-Engineering---June-2026_R00319370?jr_id=69e6a556f8fa2f3ec32a3173,,workday,Vansh Summer2027,Open,Not applied,0,0,0,,2026-07-18T23:04:31+00:00,2026-07-20T16:31:26+00:00,0,,
226,Late discovery,2026-04-20T00:00:00+00:00,date,-1,TETRAMEM,"Software Engineer Intern, Embedded",Embedded Software Intern,"San Jose, CA",United States,Onsite,,https://tetramem.hrmdirect.com/employment/job-opening.php?req=3491042#job&utm_source=github-vansh-ouckah,https://tetramem.hrmdirect.com/employment/job-opening.php?req=3491042,,,Vansh Summer2027,Open,Not applied,0,0,0,,2026-07-18T23:04:31+00:00,2026-07-20T16:31:26+00:00,0,,
227,Late discovery,2026-04-20T00:00:00+00:00,date,-1,Poshmark,"Cloud Platform Engineer Intern, Growth",Platform Engineer Intern,"Redwood City, CA",United States,Onsite,,https://jobs.ashbyhq.com/poshmark/062b84e6-1633-43ae-870b-83cb62893caa?utm_source=github-vansh-ouckah,https://jobs.ashbyhq.com/poshmark/062b84e6-1633-43ae-870b-83cb62893caa,062b84e6-1633-43ae-870b-83cb62893caa,ashby,Vansh Summer2027,Open,Not applied,1,0,0,U.S. citizenship required,2026-07-18T23:04:31+00:00,2026-07-20T16:31:26+00:00,0,,
482,Late discovery,2026-04-19T23:16:06+00:00,relative,-1,Leidos,Junior Software Engineer Intern,Software Engineer Intern,"Tucson, AZ",,Onsite,Spring 2026,https://simplify.jobs/c/Leidos?utm_source=GHList&utm_medium=company,https://simplify.jobs/c/Leidos,,,Simplify Off-Season,Open,Not applied,0,0,0,,2026-07-18T23:16:08+00:00,2026-07-20T16:31:26+00:00,0,,
132,Late discovery,2026-04-19T23:01:26+00:00,relative,-2,Workato,Intern AI Engineering,AI Engineering Intern,SF,United States,Onsite,"Winter 2026, Spring 2027",https://simplify.jobs/c/Workato?utm_source=GHList&amp;utm_medium=company,https://simplify.jobs/c/Workato?amp;utm_medium=company,,,Simplify Off-Season,Unverified,Not applied,0,0,0,,2026-07-18T23:04:31+00:00,2026-07-20T16:31:26+00:00,0,,Aggregator URL only
162,Late discovery,2026-04-19T23:01:26+00:00,relative,-6,Wabtec,Firmware Engineering Intern/Co-op,Firmware Intern,"Waltham, MA",United States,Onsite,Winter 2026,https://simplify.jobs/c/Wabtec?utm_source=GHList&amp;utm_medium=company,https://simplify.jobs/c/Wabtec?amp;utm_medium=company,,,Simplify Off-Season,Unverified,Not applied,0,0,0,,2026-07-18T23:04:31+00:00,2026-07-20T16:31:26+00:00,0,,Aggregator URL only
19,Late discovery,2026-04-19T23:01:25+00:00,relative,-6,Octopus Energy,Octopus in Colour Intern - Mobile Engineering,Mobile Engineer Intern,"London, UK",,Onsite,Spring 2026,https://simplify.jobs/c/Octopus-energy?utm_source=GHList&amp;utm_medium=company,https://simplify.jobs/c/Octopus-energy?amp;utm_medium=company,,,Simplify Off-Season,Unverified,Not applied,0,0,0,,2026-07-18T23:04:31+00:00,2026-07-20T16:31:26+00:00,0,,Aggregator URL only
20,Late discovery,2026-04-19T23:01:25+00:00,relative,-6,RF-SMART,Software Developer Intern,Software Developer Intern,"Jacksonville, FL",,Onsite,Spring 2026,https://simplify.jobs/c/f006a158-9398-482e-9a19-a635e79862ae?utm_source=GHList&amp;utm_medium=company,https://simplify.jobs/c/f006a158-9398-482e-9a19-a635e79862ae?amp;utm_medium=company,f006a158-9398-482e-9a19-a635e79862ae,,Simplify Off-Season,Unverified,Not applied,1,0,0,U.S. citizenship required,2026-07-18T23:04:31+00:00,2026-07-20T16:31:26+00:00,0,,Aggregator URL only
525,Late discovery,2026-04-17T23:16:07+00:00,relative,1,TikTok,Software Engineer Project Intern - Recommendation Infrastructure - TikTok Video Social - 2026 Start - BS/MS,Infrastructure Engineer Intern,"San Jose, CA",United States,Onsite,,https://lifeattiktok.com/search/7629500062003218741,https://lifeattiktok.com/search/7629500062003218741,,,SpeedyApply 2027 SWE; SpeedyApply 2027 AI,Open,Not applied,0,0,0,,2026-07-18T23:16:08+00:00,2026-07-20T16:31:26+00:00,0,,
354,Late discovery,2026-04-17T23:01:29+00:00,relative,-1,Spacial AI,Software Engineering Intern - Summer 2026,Software Engineer Intern,,,Onsite,,https://jobs.ashbyhq.com/spacial/67b76194-6cc0-4d37-a3e3-c21a14ff4a26,https://jobs.ashbyhq.com/spacial/67b76194-6cc0-4d37-a3e3-c21a14ff4a26,,,SpeedyApply 2027 SWE Intl,Open,Not applied,0,0,0,,2026-07-18T23:04:31+00:00,2026-07-20T16:31:26+00:00,0,,
279,Late discovery,2026-04-16T23:01:29+00:00,relative,-1,Latent Defense,Software Engineer Intern,Software Engineer Intern,"New York City, NY",United States,Onsite,,https://jobs.ashbyhq.com/latent%20defense/54841e7d-d80a-4c2f-8c44-d492fe8eb487,https://jobs.ashbyhq.com/latent%20defense/54841e7d-d80a-4c2f-8c44-d492fe8eb487,,,SpeedyApply 2027 SWE,Open,Not applied,0,0,0,,2026-07-18T23:04:31+00:00,2026-07-20T16:31:26+00:00,0,,
355,Late discovery,2026-04-16T23:01:29+00:00,relative,-3,Pear VC,Software Engineering Intern,Software Engineer Intern,"London, United Kingdom",,Onsite,,https://jobs.ashbyhq.com/pear-vc/781a43c0-a13a-4e27-95a8-0dde6279d33f,https://jobs.ashbyhq.com/pear-vc/781a43c0-a13a-4e27-95a8-0dde6279d33f,,,SpeedyApply 2027 SWE Intl,Open,Not applied,0,0,1,Export-control eligibility required,2026-07-18T23:04:31+00:00,2026-07-20T16:31:26+00:00,0,,
278,Late discovery,2026-04-16T23:01:29+00:00,relative,-4,Cadence,Software Intern,Software Engineer Intern,"San Jose, CA",United States,Onsite,,https://cadence.wd1.myworkdayjobs.com/en-US/external_careers/job/SAN-JOSE/Software-Intern_R53282-1,https://cadence.wd1.myworkdayjobs.com/en-US/external_careers/job/SAN-JOSE/Software-Intern_R53282-1,,,SpeedyApply 2027 SWE,Unverified,Not applied,0,0,0,,2026-07-18T23:04:31+00:00,2026-07-20T16:31:26+00:00,0,,Official verification failed (HTTP 403); Verification failed HTTP 403
640,Late discovery,2026-04-16T00:00:00+00:00,date,-3,[Lennox International](https://uscareers-lennox.icims.com/jobs/52439/job?mobile=true&needsRedirect=false),IT Co-Op,Software Developer Co-op,"Letchworth, AR",,Onsite,Summer 2026,https://uscareers-lennox.icims.com/jobs/52439/job?mobile=true&needsRedirect=false,https://uscareers-lennox.icims.com/jobs/52439/job?mobile=true&needsRedirect=false,52439,icims,Internship Tracker SWE,Open,Not applied,0,0,0,,2026-07-18T23:16:08+00:00,2026-07-20T16:31:26+00:00,0,,
356,Late discovery,2026-04-15T23:01:29+00:00,relative,-3,TELUS Digital,Software Engineering Intern - Argentina - Year Round 2026,Software Engineer Intern,"Buenos Aires, Argentina",,Onsite,,https://jobs.ashbyhq.com/telus-digital/d3c383b5-6a56-46b6-8c4e-186188b19e1a,https://jobs.ashbyhq.com/telus-digital/d3c383b5-6a56-46b6-8c4e-186188b19e1a,,,SpeedyApply 2027 SWE Intl,Open,Not applied,0,0,1,Export-control eligibility required,2026-07-18T23:04:31+00:00,2026-07-20T16:31:26+00:00,0,,
773,Late discovery,2026-04-15T16:30:53+00:00,relative,-1,Rapsodo,R&D Intern - Software Engineering,Software Engineer Intern,"Singapore, Singapore",,Onsite,,https://apply.workable.com/rapsodo/j/49985E097A/,https://apply.workable.com/rapsodo/j/49985E097A,,,SpeedyApply 2027 SWE Intl,Unverified,Not applied,0,0,0,,2026-07-20T16:31:26+00:00,2026-07-20T16:31:26+00:00,0,,
280,Late discovery,2026-04-14T23:01:29+00:00,relative,-1,Auctor,Software Engineering Intern,Software Engineer Intern,"New York City, NY",United States,Onsite,,https://www.getauctor.com/,https://www.getauctor.com,,,SpeedyApply 2027 SWE,Open,Not applied,0,0,0,,2026-07-18T23:04:31+00:00,2026-07-18T23:16:08+00:00,0,,
718,Late discovery,2026-04-13T23:16:25+00:00,relative,-1,Neura Robotics,Software Engineering Intern - Mensch,Software Engineer Intern,"Metzingen, Germany",,Onsite,,https://jobs.ashbyhq.com/neura-robotics-gmbh/b850d5f5-d93f-4df9-85de-daa41332b465,https://jobs.ashbyhq.com/neura-robotics-gmbh/b850d5f5-d93f-4df9-85de-daa41332b465,b850d5f5-d93f-4df9-85de-daa41332b465,ashby,SpeedyApply 2027 SWE Intl,Open,Not applied,0,0,0,,2026-07-18T23:16:25+00:00,2026-07-20T16:31:26+00:00,0,,
357,Late discovery,2026-04-13T23:01:29+00:00,relative,-1,Neura Robotics,Software Engineering Intern - human,Software Engineer Intern,"Metzingen, Germany",,Onsite,,https://jobs.ashbyhq.com/neura-robotics-gmbh/46181d4e-0fc4-42bb-baad-f925ab1c4008,https://jobs.ashbyhq.com/neura-robotics-gmbh/46181d4e-0fc4-42bb-baad-f925ab1c4008,,,SpeedyApply 2027 SWE Intl,Open,Not applied,0,0,0,,2026-07-18T23:04:31+00:00,2026-07-20T16:31:26+00:00,0,,
369,Late discovery,2026-04-10T23:01:29+00:00,relative,1,Workato,Intern - AI Engineering,AI Engineering Intern,"San Francisco, CA",United States,Onsite,,https://www.workato.com/careers?gh_jid=8492935002#open-roles,https://www.workato.com/careers?gh_jid=8492935002,,,SpeedyApply 2027 AI,Open,Not applied,0,0,0,,2026-07-18T23:04:31+00:00,2026-07-20T16:31:26+00:00,0,,
710,Late discovery,2026-04-08T23:16:25+00:00,relative,1,TikTok,Backend Engineer Intern - TikTok LIVE - Sydney - 2026 Start - BS/MS,Backend Engineer Intern,"Sydney, Australia",,Onsite,,https://lifeattiktok.com/search/7626286575904164149,https://lifeattiktok.com/search/7626286575904164149,,,SpeedyApply 2027 SWE Intl,Open,Not applied,0,0,0,,2026-07-18T23:16:25+00:00,2026-07-20T16:31:26+00:00,0,,
711,Late discovery,2026-04-08T23:16:25+00:00,relative,-3,TikTok,Frontend Engineer Intern - TikTok Live - 2026 start - BS/MS,Frontend Engineer Intern,"Sydney, Australia",,Onsite,,https://lifeattiktok.com/search/7626306561301612805,https://lifeattiktok.com/search/7626306561301612805,,,SpeedyApply 2027 SWE Intl,Open,Not applied,0,0,0,,2026-07-18T23:16:25+00:00,2026-07-20T16:31:26+00:00,0,,
565,Late discovery,2026-04-08T23:16:08+00:00,relative,-1,NXP Semiconductors,Software Intern Student - RealTime Drivers,Software Engineer Intern,"Bucharest, Romania",,Onsite,,https://nxp.wd3.myworkdayjobs.com/en-US/careers/job/Bucharest/Software-Intern-Student---RealTime-Drivers_R-10062117,https://nxp.wd3.myworkdayjobs.com/en-US/careers/job/Bucharest/Software-Intern-Student---RealTime-Drivers_R-10062117,,workday,SpeedyApply 2027 SWE Intl,Open,Not applied,0,0,0,,2026-07-18T23:16:08+00:00,2026-07-20T16:31:26+00:00,0,,
774,Late discovery,2026-04-08T16:30:53+00:00,relative,-1,WATI.io,Software Engineer Intern,Software Engineer Intern,"Shenzhen, China +1",,Onsite,,https://apply.workable.com/wati-dot-i-o/j/F08DC5D5A4/,https://apply.workable.com/wati-dot-i-o/j/F08DC5D5A4,,,SpeedyApply 2027 SWE Intl,Unverified,Not applied,0,0,0,,2026-07-20T16:31:26+00:00,2026-07-20T16:31:26+00:00,0,,
719,Late discovery,2026-04-07T23:16:25+00:00,relative,1,TikTok,General Hire Machine Learning Engineer Intern - TikTok-Recommendation - 2026 Fall - BS/MS,ML Engineering Intern,"San Jose, CA",United States,Onsite,,https://lifeattiktok.com/search/7625929879091300613,https://lifeattiktok.com/search/7625929879091300613,,,SpeedyApply 2027 AI,Open,Not applied,0,0,0,,2026-07-18T23:16:25+00:00,2026-07-20T16:31:26+00:00,0,,
641,Late discovery,2026-04-06T00:00:00+00:00,date,1,[Omnis](https://ats.rippling.com/omnis-corporation/jobs/e389ff2d-5be5-4571-8cc1-f361a139b753),Software Engineering Internship/Co-Op,Software Developer Co-op,"Venice, CA",United States,Onsite,Summer 2026,https://ats.rippling.com/omnis-corporation/jobs/e389ff2d-5be5-4571-8cc1-f361a139b753,https://ats.rippling.com/omnis-corporation/jobs/e389ff2d-5be5-4571-8cc1-f361a139b753,e389ff2d-5be5-4571-8cc1-f361a139b753,rippling,Internship Tracker SWE,Open,Not applied,0,0,0,,2026-07-18T23:16:08+00:00,2026-07-20T16:31:26+00:00,0,,
642,Late discovery,2026-04-06T00:00:00+00:00,date,-1,[Veeva](https://careers.veeva.com/job/4df9c2ca-d702-4d41-af82-290deff66564/intern-software-engineer-summer-2026-pleasanton-ca/),Intern Software Engineer,Software Engineer Intern,"Pleasanton, CA",United States,Onsite,Summer 2026,https://careers.veeva.com/job/4df9c2ca-d702-4d41-af82-290deff66564/intern-software-engineer-summer-2026-pleasanton-ca/,https://careers.veeva.com/job/4df9c2ca-d702-4d41-af82-290deff66564/intern-software-engineer-summer-2026-pleasanton-ca,4df9c2ca-d702-4d41-af82-290deff66564,,Internship Tracker SWE,Open,Not applied,0,0,0,,2026-07-18T23:16:08+00:00,2026-07-20T16:31:26+00:00,0,,
370,Late discovery,2026-04-04T23:01:29+00:00,relative,1,Human Computer Lab,Intern - Software/ML Engineering,ML Engineering Intern,"San Francisco, CA +1",United States,Onsite,,https://jobs.ashbyhq.com/human-computer-lab/7d13ae27-1f02-4d9b-8d39-e3d9d67df705,https://jobs.ashbyhq.com/human-computer-lab/7d13ae27-1f02-4d9b-8d39-e3d9d67df705,,,SpeedyApply 2027 AI,Open,Not applied,0,0,0,,2026-07-18T23:04:31+00:00,2026-07-20T16:31:26+00:00,0,,
705,Late discovery,2026-04-03T23:16:25+00:00,relative,1,TikTok,Software Engineer Project Intern - Model Infrastructure - 2026 Start - BS/MS,Infrastructure Engineer Intern,"San Jose, CA",United States,Onsite,,https://lifeattiktok.com/search/7624284785283746053,https://lifeattiktok.com/search/7624284785283746053,,,SpeedyApply 2027 SWE,Open,Not applied,0,0,0,,2026-07-18T23:16:25+00:00,2026-07-20T16:31:26+00:00,0,,
775,Late discovery,2026-04-02T16:30:53+00:00,relative,-1,WATI.io,Software Engineer Intern,Software Engineer Intern,"Shenzhen, China",,Onsite,,https://apply.workable.com/wati-dot-i-o/j/370711315A/,https://apply.workable.com/wati-dot-i-o/j/370711315A,,,SpeedyApply 2027 SWE Intl,Unverified,Not applied,0,0,0,,2026-07-20T16:31:26+00:00,2026-07-20T16:31:26+00:00,0,,
643,Late discovery,2026-04-02T00:00:00+00:00,date,-1,[Haize Labs](https://job-boards.greenhouse.io/haizelabs/jobs/4685944008),Software Engineer Intern,Software Engineer Intern,NYC,,Onsite,Summer 2026,https://job-boards.greenhouse.io/haizelabs/jobs/4685944008,https://job-boards.greenhouse.io/haizelabs/jobs/4685944008,4685944008,greenhouse,Internship Tracker SWE,Open,Not applied,0,0,0,,2026-07-18T23:16:08+00:00,2026-07-20T16:31:26+00:00,0,,
720,Late discovery,2026-04-01T23:16:25+00:00,relative,1,TikTok,Machine Learning Engineer Intern - Global E-Commerce Content Recommendation - 2026 Summer - BS/MS,ML Engineering Intern,"San Jose, CA",United States,Onsite,,https://lifeattiktok.com/search/7623531261580036405,https://lifeattiktok.com/search/7623531261580036405,,,SpeedyApply 2027 AI,Open,Not applied,0,0,0,,2026-07-18T23:16:25+00:00,2026-07-20T16:31:26+00:00,0,,
721,Late discovery,2026-03-31T23:16:25+00:00,relative,1,TikTok,Machine Learning Engineer Intern - App Ads - 2026 Fall - BS/MS,ML Engineering Intern,"San Jose, CA",United States,Onsite,,https://lifeattiktok.com/search/7623166673809770757,https://lifeattiktok.com/search/7623166673809770757,,,SpeedyApply 2027 AI,Open,Not applied,0,0,0,,2026-07-18T23:16:25+00:00,2026-07-20T16:31:26+00:00,0,,
722,Late discovery,2026-03-31T23:16:25+00:00,relative,1,TikTok,Machine Learning Engineer Intern - Search Ads - 2026 Fall - BS/MS,ML Engineering Intern,"San Jose, CA",United States,Onsite,,https://lifeattiktok.com/search/7623166667125508357,https://lifeattiktok.com/search/7623166667125508357,,,SpeedyApply 2027 AI,Open,Not applied,0,0,0,,2026-07-18T23:16:25+00:00,2026-07-20T16:31:26+00:00,0,,
644,Late discovery,2026-03-31T00:00:00+00:00,date,-1,[TikTok](https://lifeattiktok.com/search/7540823148805032210),Software Engineer Intern - AI Model Optimization,Software Engineer Intern,"Seattle, WA",United States,Onsite,Summer 2026,https://lifeattiktok.com/search/7540823148805032210,https://lifeattiktok.com/search/7540823148805032210,,,Internship Tracker SWE,Open,Not applied,0,0,0,,2026-07-18T23:16:08+00:00,2026-07-20T16:31:26+00:00,0,,
531,Late discovery,2026-03-30T23:16:08+00:00,relative,-3,Motorola Solutions,Intern - Embedded Software - System - and Test Engineer - 2026,Embedded Software Intern,"Irvine, CA",United States,Onsite,,https://motorolasolutions.wd5.myworkdayjobs.com/en-US/careers/job/Irvine-CA/Intern---Embedded-Software--System--and-Test-Engineer---2026_R62372,https://motorolasolutions.wd5.myworkdayjobs.com/en-US/careers/job/Irvine-CA/Intern---Embedded-Software--System--and-Test-Engineer---2026_R62372,,workday,SpeedyApply 2027 SWE,Open,Not applied,0,0,0,,2026-07-18T23:16:08+00:00,2026-07-20T16:31:26+00:00,0,,
281,Late discovery,2026-03-27T23:01:29+00:00,relative,-1,Ellipsis Labs,Software Engineer - 2027 Interns,Software Engineer Intern,"New York City, NY",United States,Onsite,,https://www.ellipsislabs.xyz/,https://ellipsislabs.xyz,,,SpeedyApply 2027 SWE,Open,Not applied,0,0,0,,2026-07-18T23:04:31+00:00,2026-07-18T23:04:31+00:00,0,,
645,Late discovery,2026-03-27T00:00:00+00:00,date,-1,[QuantCo](https://jobs.lever.co/quantco-/d69096fa-b673-4953-ba63-7deee08bc13c/apply),Software Engineer Intern,Software Engineer Intern,"London, UK, Bellheim, Germany, Wenden, Germany, Berlin, Germany, Munich, Germany",,Onsite,Summer 2026,https://jobs.lever.co/quantco-/d69096fa-b673-4953-ba63-7deee08bc13c/apply,https://jobs.lever.co/quantco-/d69096fa-b673-4953-ba63-7deee08bc13c/apply,d69096fa-b673-4953-ba63-7deee08bc13c,lever,Internship Tracker SWE,Open,Not applied,0,0,0,,2026-07-18T23:16:08+00:00,2026-07-20T16:31:26+00:00,0,,
646,Late discovery,2026-03-26T00:00:00+00:00,date,1,[TikTok](https://lifeattiktok.com/search/7621299118434961669),Software Engineer Project Intern - Content AI Infrastructure,Infrastructure Engineer Intern,"San Jose, CA",United States,Onsite,Summer 2026,https://lifeattiktok.com/search/7621299118434961669,https://lifeattiktok.com/search/7621299118434961669,,,Internship Tracker SWE; SpeedyApply 2027 AI,Open,Not applied,0,0,0,,2026-07-18T23:16:08+00:00,2026-07-20T16:31:26+00:00,0,,
358,Late discovery,2026-03-22T23:01:29+00:00,relative,2,NationGraph,Winter 2027 Software Engineering Intern,Software Engineer Intern,"Toronto, Canada",Canada,Onsite,Winter 2027,https://www.nationgraph.com/,https://www.nationgraph.com,,,SpeedyApply 2027 SWE Intl,Open,Not applied,0,0,0,,2026-07-18T23:04:31+00:00,2026-07-19T01:48:15+00:00,0,,
532,Late discovery,2026-03-21T23:16:08+00:00,relative,-1,Palantir,Year at Palantir - Software Engineer - Internship,Software Engineer Intern,"New York City, NY",United States,Onsite,,https://jobs.lever.co/palantir/655f9937-a4ce-4e7d-80e2-a6659af07329,https://jobs.lever.co/palantir/655f9937-a4ce-4e7d-80e2-a6659af07329,655f9937-a4ce-4e7d-80e2-a6659af07329,lever,SpeedyApply 2027 SWE,Open,Not applied,0,0,1,Export-control eligibility required,2026-07-18T23:16:08+00:00,2026-07-19T01:48:15+00:00,0,,
647,Late discovery,2026-03-21T00:00:00+00:00,date,-1,[ByteDance](https://jobs.bytedance.com/en/position/7595749912930420997/detail),Software Engineer Project Intern - Network Security,Security Engineering Intern,"San Jose, CA",United States,Onsite,Summer 2026,https://jobs.bytedance.com/en/position/7595749912930420997/detail,https://jobs.bytedance.com/en/position/7595749912930420997/detail,,,Internship Tracker SWE,Open,Not applied,0,0,0,,2026-07-18T23:16:08+00:00,2026-07-20T16:31:26+00:00,0,,
505,Late discovery,2026-03-20T23:16:07+00:00,relative,1,Applied Materials,2026 AI Engineer/Data Scientist Intern-Bachelor's - Santa Clara - CA,AI Engineering Intern,"Santa Clara, CA",United States,Onsite,Winter 2026,https://simplify.jobs/c/Applied-Materials?utm_source=GHList&utm_medium=company,https://simplify.jobs/c/Applied-Materials,,,Simplify Off-Season,Open,Not applied,0,0,0,,2026-07-18T23:16:08+00:00,2026-07-20T16:31:26+00:00,0,,
504,Late discovery,2026-03-20T23:16:07+00:00,relative,1,Lumentum,Data Engineering Intern,Data Engineering Intern,"San Jose, CA",United States,Onsite,Spring 2026,https://simplify.jobs/c/Lumentum?utm_source=GHList&utm_medium=company,https://simplify.jobs/c/Lumentum,,,Simplify Off-Season; Cursor Agent Monitor,Open,Not applied,0,0,0,,2026-07-18T23:16:08+00:00,2026-07-20T16:37:00+00:00,0,,
515,Late discovery,2026-03-20T23:16:07+00:00,relative,-1,GE Aerospace,Engines Engineering Intern/Co-op - Computer or Software Engineering,Software Developer Co-op,"Saugus, MA Sharonville, OH",United States,Onsite,Spring 2027,https://simplify.jobs/c/GE-Aerospace?utm_source=GHList&utm_medium=company,https://simplify.jobs/c/GE-Aerospace,,,Simplify Off-Season,Open,Not applied,0,0,0,,2026-07-18T23:16:08+00:00,2026-07-20T16:31:26+00:00,0,,
483,Late discovery,2026-03-20T23:16:06+00:00,relative,4,Digs,Software Engineering Intern-Full Stack / Product,Full Stack Engineer Intern,"Vancouver, WA",Canada/US,Onsite,Spring 2026,https://simplify.jobs/c/Digs?utm_source=GHList&utm_medium=company,https://simplify.jobs/c/Digs,,,Simplify Off-Season,Open,Not applied,0,0,0,U.S. citizenship required,2026-07-18T23:16:08+00:00,2026-07-20T16:31:26+00:00,0,,
133,Late discovery,2026-03-20T23:01:26+00:00,relative,-2,Booz Allen,University Data Engineering Intern,Data Engineering Intern,"Bedford, IN",,Onsite,"Winter 2027, Spring 2027",https://simplify.jobs/c/Booz-Allen?utm_source=GHList&amp;utm_medium=company,https://simplify.jobs/c/Booz-Allen?amp;utm_medium=company,,,Simplify Off-Season; Cursor Agent Monitor,Unverified,Not applied,0,0,0,,2026-07-18T23:04:31+00:00,2026-07-20T16:37:00+00:00,0,,Aggregator URL only
164,Late discovery,2026-03-20T23:01:26+00:00,relative,-4,Calyxo,Software Engineering Intern,Software Engineer Intern,"Pleasanton, CA",United States,Onsite,Spring 2026,https://simplify.jobs/c/Calyxo?utm_source=GHList&amp;utm_medium=company,https://simplify.jobs/c/Calyxo?amp;utm_medium=company,,,Simplify Off-Season,Unverified,Not applied,0,0,0,,2026-07-18T23:04:31+00:00,2026-07-20T16:31:26+00:00,0,,Aggregator URL only
163,Late discovery,2026-03-20T23:01:26+00:00,relative,-4,GE Aerospace,Engines Engineering Co-op - Computer or Software Engineering,Software Developer Co-op,"Sharonville, OH Saugus, MA",United States,Onsite,Spring 2027,https://simplify.jobs/c/GE-Aerospace?utm_source=GHList&amp;utm_medium=company,https://simplify.jobs/c/GE-Aerospace?amp;utm_medium=company,,,Simplify Off-Season,Unverified,Not applied,0,0,0,,2026-07-18T23:04:31+00:00,2026-07-18T23:16:08+00:00,0,,Aggregator URL only
165,Late discovery,2026-03-20T23:01:26+00:00,relative,-4,Hitachi Energy,Software Engineer Research Intern,Software Engineer Intern,"Raleigh, NC",,Onsite,Winter 2025,https://simplify.jobs/c/83d28c1e-7f20-4aac-afd9-6bc8a468d7eb?utm_source=GHList&amp;utm_medium=company,https://simplify.jobs/c/83d28c1e-7f20-4aac-afd9-6bc8a468d7eb?amp;utm_medium=company,83d28c1e-7f20-4aac-afd9-6bc8a468d7eb,,Simplify Off-Season,Unverified,Not applied,0,0,0,,2026-07-18T23:04:31+00:00,2026-07-20T16:31:26+00:00,0,,Aggregator URL only
22,Late discovery,2026-03-20T23:01:25+00:00,relative,-2,Oracle,Advanced Degree Software Engineer Intern,Software Engineer Intern,"Pleasanton, CA San Carlos, CA Santa Clara, CA",United States,Onsite,"Fall 2025, Winter 2026, Spring 2026",https://simplify.jobs/c/Oracle?utm_source=GHList&amp;utm_medium=company,https://simplify.jobs/c/Oracle?amp;utm_medium=company,,,Simplify Off-Season,Unverified,Not applied,0,0,0,,2026-07-18T23:04:31+00:00,2026-07-18T23:16:08+00:00,0,,Aggregator URL only
21,Late discovery,2026-03-20T23:01:25+00:00,relative,-3,Digs,Software Engineering Intern - Test Automation,Software Engineer Intern,"Vancouver, WA",Canada/US,Onsite,Spring 2026,https://simplify.jobs/c/Digs?utm_source=GHList&amp;utm_medium=company,https://simplify.jobs/c/Digs?amp;utm_medium=company,,,Simplify Off-Season,Unverified,Not applied,1,0,0,U.S. citizenship required,2026-07-18T23:04:31+00:00,2026-07-18T23:16:08+00:00,0,,Aggregator URL only
23,Late discovery,2026-03-20T23:01:25+00:00,relative,-4,Zoom,Software Developer Engineer – Intern,Software Developer Intern,"San Jose, CA",United States,Onsite,Spring 2026,https://simplify.jobs/c/Zoom?utm_source=GHList&amp;utm_medium=company,https://simplify.jobs/c/Zoom?amp;utm_medium=company,,,Simplify Off-Season,Unverified,Not applied,0,0,0,,2026-07-18T23:04:31+00:00,2026-07-18T23:16:08+00:00,0,,Aggregator URL only
24,Late discovery,2026-03-20T23:01:25+00:00,relative,-4,ACI Worldwide,Software Engineering Intern,Software Engineer Intern,"Norcross, GA Omaha, NE",,Onsite,Winter 2026,https://simplify.jobs/c/ACI-Worldwide?utm_source=GHList&amp;utm_medium=company,https://simplify.jobs/c/ACI-Worldwide?amp;utm_medium=company,,,Simplify Off-Season,Unverified,Not applied,0,0,0,,2026-07-18T23:04:31+00:00,2026-07-20T16:31:26+00:00,0,,Aggregator URL only
648,Late discovery,2026-03-19T00:00:00+00:00,date,2,[Digs](https://job-boards.greenhouse.io/digs/jobs/4663939006),Software Engineering Intern - Test Automation,Software Engineer Intern,"Vancouver, WA",Canada/US,Onsite,Spring 2026,https://job-boards.greenhouse.io/digs/jobs/4663939006,https://job-boards.greenhouse.io/digs/jobs/4663939006,4663939006,greenhouse,Internship Tracker SWE,Open,Not applied,0,0,0,,2026-07-18T23:16:08+00:00,2026-07-20T16:31:26+00:00,0,,
650,Late discovery,2026-03-19T00:00:00+00:00,date,-1,[ByteDance](https://jobs.bytedance.com/en/position/7616874229010647349/detail),Software Engineer Intern - Security-Data - BS/MS,Security Engineering Intern,"San Jose, CA",United States,Onsite,Summer 2026,https://jobs.bytedance.com/en/position/7616874229010647349/detail,https://jobs.bytedance.com/en/position/7616874229010647349/detail,,,Internship Tracker SWE,Open,Not applied,0,0,0,,2026-07-18T23:16:08+00:00,2026-07-20T16:31:26+00:00,0,,
649,Late discovery,2026-03-19T00:00:00+00:00,date,-1,[ByteDance](https://jobs.bytedance.com/en/position/7618396290598045957/detail),Security Software Engineer Project Intern - Network Security - BS/MS,Security Engineering Intern,"San Jose, CA",United States,Onsite,Summer 2026,https://jobs.bytedance.com/en/position/7618396290598045957/detail,https://jobs.bytedance.com/en/position/7618396290598045957/detail,,,Internship Tracker SWE,Open,Not applied,0,0,0,,2026-07-18T23:16:08+00:00,2026-07-20T16:31:26+00:00,0,,
651,Late discovery,2026-03-18T00:00:00+00:00,date,-1,[Creatify Lab ](https://jobs.ashbyhq.com/creatify/75a1f1ad-13d2-4513-952c-71b6dfcaa84f/application),Software Engineer Intern,Software Engineer Intern,"Mountain View, CA",United States,Onsite,Summer 2026,https://jobs.ashbyhq.com/creatify/75a1f1ad-13d2-4513-952c-71b6dfcaa84f/application,https://jobs.ashbyhq.com/creatify/75a1f1ad-13d2-4513-952c-71b6dfcaa84f/application,75a1f1ad-13d2-4513-952c-71b6dfcaa84f,ashby,Internship Tracker SWE,Open,Not applied,0,0,0,,2026-07-18T23:16:08+00:00,2026-07-20T16:31:26+00:00,0,,
652,Late discovery,2026-03-15T00:00:00+00:00,date,1,[TikTok](https://lifeattiktok.com/search/7538307729329277202),Backend Software Engineer Intern - Foundation Platform,Platform Engineer Intern,"San Jose, CA",United States,Onsite,Summer 2026,https://lifeattiktok.com/search/7538307729329277202,https://lifeattiktok.com/search/7538307729329277202,,,Internship Tracker SWE,Open,Not applied,0,0,0,,2026-07-18T23:16:08+00:00,2026-07-20T16:31:26+00:00,0,,
653,Late discovery,2026-03-14T00:00:00+00:00,date,-1,[Neuralink](https://boards.greenhouse.io/neuralink/jobs/6083322003),Software Engineer Intern - Internal Apps,Software Engineer Intern,"Fremont, CA, Austin, TX",United States,Onsite,Summer 2026,https://boards.greenhouse.io/neuralink/jobs/6083322003,https://boards.greenhouse.io/neuralink/jobs/6083322003,6083322003,greenhouse,Internship Tracker SWE,Open,Not applied,0,0,0,,2026-07-18T23:16:08+00:00,2026-07-20T16:31:26+00:00,0,,
654,Late discovery,2026-03-12T00:00:00+00:00,date,1,[Berkshire Hathaway Energy](https://fa-essf-saasfaprod1.fa.ocs.oraclecloud.com/hcmUI/CandidateExperience/en/sites/CX_1/job/10004529),Software Engineer Intern,Software Engineer Intern,"Des Moines, IA, Richmond, VA, Reno, NV, Sioux City, IA, Davenport, IA",,Onsite,N/A,https://fa-essf-saasfaprod1.fa.ocs.oraclecloud.com/hcmUI/CandidateExperience/en/sites/CX_1/job/10004529,https://fa-essf-saasfaprod1.fa.ocs.oraclecloud.com/hcmUI/CandidateExperience/en/sites/CX_1/job/10004529,10004529,,Internship Tracker SWE,Open,Not applied,0,0,0,,2026-07-18T23:16:08+00:00,2026-07-20T16:31:26+00:00,0,,
655,Late discovery,2026-03-12T00:00:00+00:00,date,-1,[Smiths Detection](https://jobs.smartrecruiters.com/SmithsGroup2/a22945f0-59b6-4c3f-87f1-43c05b535677),Software Engineering Intern (Cyber focus),Software Engineer Intern,"Edgewood, MD",,Onsite,Summer 2026,https://jobs.smartrecruiters.com/SmithsGroup2/a22945f0-59b6-4c3f-87f1-43c05b535677,https://jobs.smartrecruiters.com/SmithsGroup2/a22945f0-59b6-4c3f-87f1-43c05b535677,a22945f0-59b6-4c3f-87f1-43c05b535677,smartrecruiters,Internship Tracker SWE,Open,Not applied,0,0,0,,2026-07-18T23:16:08+00:00,2026-07-20T16:31:26+00:00,0,,
656,Late discovery,2026-03-10T00:00:00+00:00,date,2,[Tenstorrent](https://job-boards.greenhouse.io/tenstorrentuniversity/jobs/4873659007),AI Compiler Software Intern,Software Engineer Intern,"Toronto, ON, Canada",Canada,Onsite,Summer 2026,https://job-boards.greenhouse.io/tenstorrentuniversity/jobs/4873659007,https://job-boards.greenhouse.io/tenstorrentuniversity/jobs/4873659007,4873659007,greenhouse,Internship Tracker SWE,Open,Not applied,0,0,0,,2026-07-18T23:16:08+00:00,2026-07-20T16:31:26+00:00,0,,
657,Late discovery,2026-03-03T00:00:00+00:00,date,1,[Phia](https://jobs.ashbyhq.com/phia/71c26b8b-86cd-446d-a63f-8cd8c2a3f162/application),Full Stack Engineer Intern,Full Stack Engineer Intern,NYC,,Onsite,Summer 2026,https://jobs.ashbyhq.com/phia/71c26b8b-86cd-446d-a63f-8cd8c2a3f162/application,https://jobs.ashbyhq.com/phia/71c26b8b-86cd-446d-a63f-8cd8c2a3f162/application,71c26b8b-86cd-446d-a63f-8cd8c2a3f162,ashby,Internship Tracker SWE; SpeedyApply 2027 SWE,Open,Not applied,0,0,0,,2026-07-18T23:16:08+00:00,2026-07-20T16:31:26+00:00,0,,
658,Late discovery,2026-03-02T00:00:00+00:00,date,1,[Oracle](https://eeho.fa.us2.oraclecloud.com/hcmUI/CandidateExperience/en/sites/CX_45001/job/329007),Advanced Degree Software Engineer Intern,Software Engineer Intern,"Pleasanton, CA, San Carlos, CA, Santa Clara, CA",United States,Onsite,"Fall 2025, Winter 2026, Spring 2026",https://eeho.fa.us2.oraclecloud.com/hcmUI/CandidateExperience/en/sites/CX_45001/job/329007,https://eeho.fa.us2.oraclecloud.com/hcmUI/CandidateExperience/en/sites/CX_45001/job/329007,329007,,Internship Tracker SWE,Open,Not applied,0,0,0,,2026-07-18T23:16:08+00:00,2026-07-20T16:31:26+00:00,0,,
659,Late discovery,2026-03-02T00:00:00+00:00,date,-1,[Serval](https://jobs.ashbyhq.com/Serval/d7fb089c-db8a-4877-a5f3-73a09e67f54b/application),Software Engineer Intern,Software Engineer Intern,SF,United States,Onsite,Summer 2026,https://jobs.ashbyhq.com/Serval/d7fb089c-db8a-4877-a5f3-73a09e67f54b/application,https://jobs.ashbyhq.com/Serval/d7fb089c-db8a-4877-a5f3-73a09e67f54b/application,d7fb089c-db8a-4877-a5f3-73a09e67f54b,ashby,Internship Tracker SWE; SpeedyApply 2027 SWE,Open,Not applied,0,0,0,,2026-07-18T23:16:08+00:00,2026-07-20T16:31:26+00:00,0,,
660,Late discovery,2026-02-25T00:00:00+00:00,date,-1,[TikTok](https://lifeattiktok.com/search/7533295761208559890),Software Engineer Intern - Multiple Teams,Software Engineer Intern,"San Jose, CA",United States,Onsite,Summer 2026,https://lifeattiktok.com/search/7533295761208559890,https://lifeattiktok.com/search/7533295761208559890,,,Internship Tracker SWE,Open,Not applied,0,0,0,,2026-07-18T23:16:08+00:00,2026-07-20T16:31:26+00:00,0,,
661,Late discovery,2026-02-24T00:00:00+00:00,date,-1,[Multiply Labs](https://jobs.lever.co/multiplylabs/8203fbb3-4d42-4f6a-ae64-f05c3dcf0e9b),Software Engineering Intern,Software Engineer Intern,"San Francisco, CA",United States,Onsite,Summer 2026,https://jobs.lever.co/multiplylabs/8203fbb3-4d42-4f6a-ae64-f05c3dcf0e9b,https://jobs.lever.co/multiplylabs/8203fbb3-4d42-4f6a-ae64-f05c3dcf0e9b,8203fbb3-4d42-4f6a-ae64-f05c3dcf0e9b,lever,Internship Tracker SWE,Open,Not applied,0,0,0,,2026-07-18T23:16:08+00:00,2026-07-20T16:31:26+00:00,0,,
662,Late discovery,2026-02-24T00:00:00+00:00,date,-1,[Multiply Labs](https://jobs.lever.co/multiplylabs/acca98ab-c206-4f71-b7a5-6977e4828586),Robotics Software Intern,Software Engineer Intern,"San Francisco, CA",United States,Onsite,Summer 2026,https://jobs.lever.co/multiplylabs/acca98ab-c206-4f71-b7a5-6977e4828586,https://jobs.lever.co/multiplylabs/acca98ab-c206-4f71-b7a5-6977e4828586,acca98ab-c206-4f71-b7a5-6977e4828586,lever,Internship Tracker SWE,Open,Not applied,0,0,0,,2026-07-18T23:16:08+00:00,2026-07-20T16:31:26+00:00,0,,
663,Late discovery,2026-02-23T00:00:00+00:00,date,2,[TikTok](https://lifeattiktok.com/search/7609019984313452805),"Software Engineer Project Intern - Video-on-Demand Algorithm - 2026 Start','BS/MS",Software Engineer Intern,"San Jose, CA",Canada/US,Onsite,Summer 2026,https://lifeattiktok.com/search/7609019984313452805,https://lifeattiktok.com/search/7609019984313452805,,,Internship Tracker SWE,Open,Not applied,0,0,0,,2026-07-18T23:16:08+00:00,2026-07-20T16:31:26+00:00,0,,
664,Late discovery,2026-02-21T00:00:00+00:00,date,2,[Corpay](https://corpay.wd103.myworkdayjobs.com/en-US/ext_001/job/Vancouver---Parking/Software-Developer--Co-op-_R05866),Software Developer – Co-op,Software Developer Co-op,"Vancouver, BC, Canada",Canada,Onsite,"Winter 2026, Spring 2026, Summer 2026",https://corpay.wd103.myworkdayjobs.com/en-US/ext_001/job/Vancouver---Parking/Software-Developer--Co-op-_R05866,https://corpay.wd103.myworkdayjobs.com/en-US/ext_001/job/Vancouver---Parking/Software-Developer--Co-op-_R05866,,workday,Internship Tracker SWE,Open,Not applied,0,0,0,,2026-07-18T23:16:08+00:00,2026-07-20T16:31:26+00:00,0,,
665,Late discovery,2026-02-19T00:00:00+00:00,date,1,[Hunt Oil Company](https://fa-eqcd-saasfaprod1.fa.ocs.oraclecloud.com/hcmUI/CandidateExperience/en/sites/CX_1/job/891),Software Engineer Intern - Summer 2026,Software Engineer Intern,"Dallas, TX",United States,Onsite,Summer 2026,https://fa-eqcd-saasfaprod1.fa.ocs.oraclecloud.com/hcmUI/CandidateExperience/en/sites/CX_1/job/891,https://fa-eqcd-saasfaprod1.fa.ocs.oraclecloud.com/hcmUI/CandidateExperience/en/sites/CX_1/job/891,,,Internship Tracker SWE,Open,Not applied,0,0,0,,2026-07-18T23:16:08+00:00,2026-07-20T16:31:26+00:00,0,,
666,Late discovery,2026-02-19T00:00:00+00:00,date,-1,[Barkback](https://jobs.smartrecruiters.com/barkbackLlc/90864007),Software Intern,Software Engineer Intern,"Santa Barbara, CA",United States,Onsite,Summer 2026,https://jobs.smartrecruiters.com/barkbackLlc/90864007,https://jobs.smartrecruiters.com/barkbackLlc/90864007,,smartrecruiters,Internship Tracker SWE,Open,Not applied,0,0,0,,2026-07-18T23:16:08+00:00,2026-07-20T16:31:26+00:00,0,,
703,Late discovery,2026-02-18T23:16:24+00:00,relative,-1,Meridian Partners,Autonomy & Robotics Software Engineer Co-op,Software Developer Co-op,"Cambridge, MA",United States,Onsite,Spring 2026,https://simplify.jobs/c/Meridian-Partners?utm_source=GHList&utm_medium=company,https://simplify.jobs/c/Meridian-Partners,,,Simplify Off-Season,Open,Not applied,0,0,0,,2026-07-18T23:16:25+00:00,2026-07-20T16:31:26+00:00,0,,
701,Late discovery,2026-02-18T23:16:23+00:00,relative,-1,GE Appliances,Software Engineering Co-op Spring 2027,Software Developer Co-op,"Louisville, KY",,Onsite,Spring 2027,https://simplify.jobs/c/GE-Appliances?utm_source=GHList&utm_medium=company,https://simplify.jobs/c/GE-Appliances,,,Simplify Off-Season,Open,Not applied,0,0,0,,2026-07-18T23:16:25+00:00,2026-07-20T16:31:26+00:00,0,,
506,Late discovery,2026-02-18T23:16:07+00:00,relative,1,Woven,Machine Learning Engineer Intern - Behavior,ML Engineering Intern,"Palo Alto, CA",United States,Onsite,Spring 2026,https://simplify.jobs/c/Woven-Planet?utm_source=GHList&utm_medium=company,https://simplify.jobs/c/Woven-Planet,,,Simplify Off-Season,Open,Not applied,0,0,0,,2026-07-18T23:16:08+00:00,2026-07-20T16:31:26+00:00,0,,
485,Late discovery,2026-02-18T23:16:06+00:00,relative,2,Motorola,Software Developer Intern/Co-op,Software Developer Co-op,"Vancouver, BC, Canada",Canada,Onsite,Spring 2026,https://simplify.jobs/c/MotorolaSolutions?utm_source=GHList&utm_medium=company,https://simplify.jobs/c/MotorolaSolutions,,,Simplify Off-Season,Open,Not applied,0,0,0,,2026-07-18T23:16:08+00:00,2026-07-20T16:31:26+00:00,0,,
484,Late discovery,2026-02-18T23:16:06+00:00,relative,-1,ByteDance,Software Engineer Project Intern - Security-Data - 2026 Start,Security Engineering Intern,"San Jose, CA",United States,Onsite,Winter 2026,https://simplify.jobs/c/ByteDance?utm_source=GHList&utm_medium=company,https://simplify.jobs/c/ByteDance,,,Simplify Off-Season,Open,Not applied,0,0,0,,2026-07-18T23:16:08+00:00,2026-07-20T16:31:26+00:00,0,,
487,Late discovery,2026-02-18T23:16:06+00:00,relative,-1,CAE,Software Engineering Intern/Co-op,Software Developer Co-op,"Arlington, TX",United States,Onsite,Spring 2026,https://simplify.jobs/c/CAE?utm_source=GHList&utm_medium=company,https://simplify.jobs/c/CAE,,,Simplify Off-Season,Open,Not applied,0,0,0,,2026-07-18T23:16:08+00:00,2026-07-20T16:31:26+00:00,0,,
488,Late discovery,2026-02-18T23:16:06+00:00,relative,-1,Cisco,Software Engineer Security & Automation 1 - Intern,Security Engineering Intern,"San Jose, CA",United States,Onsite,Spring 2026,https://simplify.jobs/c/Cisco?utm_source=GHList&utm_medium=company,https://simplify.jobs/c/Cisco,,,Simplify Off-Season,Open,Not applied,0,0,0,Export-control eligibility required,2026-07-18T23:16:08+00:00,2026-07-20T16:31:26+00:00,0,,
486,Late discovery,2026-02-18T23:16:06+00:00,relative,-1,Zoom,Software Engineer Intern,Software Engineer Intern,"San Jose, CA",United States,Onsite,Spring 2026,https://simplify.jobs/c/Zoom?utm_source=GHList&utm_medium=company,https://simplify.jobs/c/Zoom,,,Simplify Off-Season,Open,Not applied,0,0,0,,2026-07-18T23:16:08+00:00,2026-07-20T16:31:26+00:00,0,,
489,Late discovery,2026-02-18T23:16:06+00:00,relative,-1,General Dynamics Mission Systems,Intern Engineer - Software Engineering,Software Engineer Intern,"Bloomington, MN",,Onsite,Spring 2026,https://simplify.jobs/c/General-Dynamics-Mission-Systems?utm_source=GHList&utm_medium=company,https://simplify.jobs/c/General-Dynamics-Mission-Systems,,,Simplify Off-Season,Open,Not applied,0,0,0,,2026-07-18T23:16:08+00:00,2026-07-20T16:31:26+00:00,0,,
134,Late discovery,2026-02-18T23:01:26+00:00,relative,0,Intel,Data Platform Engineer Intern,Platform Engineer Intern,"Folsom, CA",United States,Onsite,Spring 2026,https://simplify.jobs/c/Intel?utm_source=GHList&amp;utm_medium=company,https://simplify.jobs/c/Intel?amp;utm_medium=company,,,Simplify Off-Season,Unverified,Not applied,0,0,0,,2026-07-18T23:04:31+00:00,2026-07-20T16:31:26+00:00,0,,Aggregator URL only
139,Late discovery,2026-02-18T23:01:26+00:00,relative,-2,Boston Consulting Group,AI Engineer Intern - BCG X,AI Engineering Intern,"London, UK",United States,Onsite,Spring 2026,https://simplify.jobs/c/Boston-Consulting-Group?utm_source=GHList&amp;utm_medium=company,https://simplify.jobs/c/Boston-Consulting-Group?amp;utm_medium=company,,,Simplify Off-Season,Unverified,Not applied,0,0,0,,2026-07-18T23:04:31+00:00,2026-07-20T16:31:26+00:00,0,,Aggregator URL only
137,Late discovery,2026-02-18T23:01:26+00:00,relative,-2,Dordt University,AI/ML Engineering internship: SVL,ML Engineering Intern,"San Jose, CA",United States,Onsite,Winter 2026,https://simplify.jobs/c/Dordt-University?utm_source=GHList&amp;utm_medium=company,https://simplify.jobs/c/Dordt-University?amp;utm_medium=company,,,Simplify Off-Season,Unverified,Not applied,0,0,0,,2026-07-18T23:04:31+00:00,2026-07-20T16:31:26+00:00,0,,Aggregator URL only
141,Late discovery,2026-02-18T23:01:26+00:00,relative,-2,The Aerospace Corporation,Data Engineering Intern,Data Engineering Intern,"El Segundo, CA",United States,Onsite,Spring 2026,https://simplify.jobs/c/The-Aerospace-Corporation?utm_source=GHList&amp;utm_medium=company,https://simplify.jobs/c/The-Aerospace-Corporation?amp;utm_medium=company,,,Simplify Off-Season,Unverified,Not applied,0,0,0,,2026-07-18T23:04:31+00:00,2026-07-18T23:16:08+00:00,0,,Aggregator URL only
138,Late discovery,2026-02-18T23:01:26+00:00,relative,-2,APEX Analytix,Data Engineering Intern,Data Engineering Intern,"Greensboro, NC",,Onsite,Spring 2026,https://simplify.jobs/c/APEX-Analytix?utm_source=GHList&amp;utm_medium=company,https://simplify.jobs/c/APEX-Analytix?amp;utm_medium=company,,,Simplify Off-Season,Unverified,Not applied,0,0,0,,2026-07-18T23:04:31+00:00,2026-07-20T16:31:26+00:00,0,,Aggregator URL only
135,Late discovery,2026-02-18T23:01:26+00:00,relative,-2,Microchip Technology,Intern-Engineering - Data Engineering,Data Engineering Intern,"Chandler, AZ",,Onsite,Spring 2026,https://simplify.jobs/c/Microchip-Technology?utm_source=GHList&amp;utm_medium=company,https://simplify.jobs/c/Microchip-Technology?amp;utm_medium=company,,,Simplify Off-Season,Unverified,Not applied,0,0,0,,2026-07-18T23:04:31+00:00,2026-07-20T16:31:26+00:00,0,,Aggregator URL only
136,Late discovery,2026-02-18T23:01:26+00:00,relative,-2,Parexel,Data Engineer Intern,Data Engineering Intern,"Raleigh, NC",,Onsite,Spring 2026,https://simplify.jobs/c/Parexel?utm_source=GHList&amp;utm_medium=company,https://simplify.jobs/c/Parexel?amp;utm_medium=company,,,Simplify Off-Season,Unverified,Not applied,0,0,0,,2026-07-18T23:04:31+00:00,2026-07-20T16:31:26+00:00,0,,Aggregator URL only
140,Late discovery,2026-02-18T23:01:26+00:00,relative,-2,Sherwin-Williams,Data Engineering & Business Intelligence Co-Op,Data Engineering Intern,"Cleveland, OH",,Onsite,Spring 2026,https://simplify.jobs/c/Sherwin-Williams?utm_source=GHList&amp;utm_medium=company,https://simplify.jobs/c/Sherwin-Williams?amp;utm_medium=company,,,Simplify Off-Season,Unverified,Not applied,0,0,0,,2026-07-18T23:04:31+00:00,2026-07-20T16:31:26+00:00,0,,Aggregator URL only
170,Late discovery,2026-02-18T23:01:26+00:00,relative,-4,L3Harris Technologies,Software Engineering Intern - Rockwall - TX,Software Engineer Intern,"Royse City, TX",United States,Onsite,Spring 2026,https://simplify.jobs/c/L3Harris-Technologies?utm_source=GHList&amp;utm_medium=company,https://simplify.jobs/c/L3Harris-Technologies?amp;utm_medium=company,,,Simplify Off-Season,Unverified,Not applied,0,0,0,,2026-07-18T23:04:31+00:00,2026-07-18T23:16:08+00:00,0,,Aggregator URL only
166,Late discovery,2026-02-18T23:01:26+00:00,relative,-4,Medra,Robotics Software Engineer – Winter 2026 Internship,Software Engineer Intern,SF,United States,Onsite,Winter 2026,https://simplify.jobs/c/Medra?utm_source=GHList&amp;utm_medium=company,https://simplify.jobs/c/Medra?amp;utm_medium=company,,,Simplify Off-Season,Unverified,Not applied,0,0,0,,2026-07-18T23:04:31+00:00,2026-07-20T16:31:26+00:00,0,,Aggregator URL only
171,Late discovery,2026-02-18T23:01:26+00:00,relative,-4,Aevex Aerospace,Software Engineering Internship,Software Engineer Intern,"Tampa, FL",,Onsite,Spring 2026,https://simplify.jobs/c/Aevex-Aerospace?utm_source=GHList&amp;utm_medium=company,https://simplify.jobs/c/Aevex-Aerospace?amp;utm_medium=company,,,Simplify Off-Season,Unverified,Not applied,0,0,0,,2026-07-18T23:04:31+00:00,2026-07-20T16:31:26+00:00,0,,Aggregator URL only
168,Late discovery,2026-02-18T23:01:26+00:00,relative,-4,Apex,Software Engineer Internship - Spring 2026,Software Engineer Intern,LA,,Onsite,Spring 2026,https://simplify.jobs/c/Apex?utm_source=GHList&amp;utm_medium=company,https://simplify.jobs/c/Apex?amp;utm_medium=company,,,Simplify Off-Season,Unverified,Not applied,0,0,0,,2026-07-18T23:04:31+00:00,2026-07-20T16:31:26+00:00,0,,Aggregator URL only
173,Late discovery,2026-02-18T23:01:26+00:00,relative,-4,Aptiv,Software Engineering Intern,Software Engineer Intern,"Troy, MI",,Onsite,Spring 2026,https://simplify.jobs/c/Aptiv?utm_source=GHList&amp;utm_medium=company,https://simplify.jobs/c/Aptiv?amp;utm_medium=company,,,Simplify Off-Season,Unverified,Not applied,0,0,0,,2026-07-18T23:04:31+00:00,2026-07-20T16:31:26+00:00,0,,Aggregator URL only
172,Late discovery,2026-02-18T23:01:26+00:00,relative,-6,10Beauty,Embedded Software Internship,Embedded Software Intern,"Burlington, MA",United States,Onsite,Spring 2026,https://simplify.jobs/c/10Beauty?utm_source=GHList&amp;utm_medium=company,https://simplify.jobs/c/10Beauty?amp;utm_medium=company,,,Simplify Off-Season,Unverified,Not applied,0,0,0,,2026-07-18T23:04:31+00:00,2026-07-20T16:31:26+00:00,0,,Aggregator URL only
169,Late discovery,2026-02-18T23:01:26+00:00,relative,-6,Advanced Energy,Firmware Engineer Intern,Firmware Intern,"Burlington, MA",United States,Onsite,Spring 2026,https://simplify.jobs/c/Advanced-Energy?utm_source=GHList&amp;utm_medium=company,https://simplify.jobs/c/Advanced-Energy?amp;utm_medium=company,,,Simplify Off-Season,Unverified,Not applied,0,0,0,,2026-07-18T23:04:31+00:00,2026-07-20T16:31:26+00:00,0,,Aggregator URL only
167,Late discovery,2026-02-18T23:01:26+00:00,relative,-6,Midmark,Firmware Engineering Intern/Co-op,Firmware Intern,"Vandalia, OH",,Onsite,Spring 2027,https://simplify.jobs/c/Midmark?utm_source=GHList&amp;utm_medium=company,https://simplify.jobs/c/Midmark?amp;utm_medium=company,,,Simplify Off-Season,Unverified,Not applied,0,0,0,,2026-07-18T23:04:31+00:00,2026-07-20T16:31:26+00:00,0,,Aggregator URL only
42,Late discovery,2026-02-18T23:01:25+00:00,relative,1,CAE,C-GE-925 – C++ Backend Developer Intern,Backend Engineer Intern,"Montreal, QC, Canada",Canada,Onsite,Spring 2026,https://simplify.jobs/c/CAE?utm_source=GHList&amp;utm_medium=company,https://simplify.jobs/c/CAE?amp;utm_medium=company,,,Simplify Off-Season,Unverified,Not applied,0,0,0,,2026-07-18T23:04:31+00:00,2026-07-18T23:16:08+00:00,0,,Aggregator URL only
56,Late discovery,2026-02-18T23:01:25+00:00,relative,1,Ciena,Backend Development Engineer Intern/Co-op,Backend Engineer Intern,"Montreal, QC, Canada Ottawa, ON, Canada",Canada,Onsite,Spring 2026,https://simplify.jobs/c/Ciena?utm_source=GHList&amp;utm_medium=company,https://simplify.jobs/c/Ciena?amp;utm_medium=company,,,Simplify Off-Season,Unverified,Not applied,0,0,0,,2026-07-18T23:04:31+00:00,2026-07-18T23:16:08+00:00,0,,Aggregator URL only
65,Late discovery,2026-02-18T23:01:25+00:00,relative,-1,BMO,Junior Software Developer – Co-op/Internship - Summer 2026 - 4 Months,Software Developer Co-op,"Toronto, ON, Canada",Canada,Onsite,Spring 2026,https://simplify.jobs/c/BMO-Bank?utm_source=GHList&amp;utm_medium=company,https://simplify.jobs/c/BMO-Bank?amp;utm_medium=company,,,Simplify Off-Season,Unverified,Not applied,0,0,0,,2026-07-18T23:04:31+00:00,2026-07-18T23:16:08+00:00,0,,Aggregator URL only
63,Late discovery,2026-02-18T23:01:25+00:00,relative,-1,Bank of Montreal,Junior Software Developer – Co-op/Internship - Summer 2026 - 4 Months,Software Developer Co-op,"Toronto, ON, Canada",Canada,Onsite,Spring 2026,https://simplify.jobs/c/BMO?utm_source=GHList&amp;utm_medium=company,https://simplify.jobs/c/BMO?amp;utm_medium=company,,,Simplify Off-Season,Unverified,Not applied,0,0,0,,2026-07-18T23:04:31+00:00,2026-07-20T16:31:26+00:00,0,,Aggregator URL only
66,Late discovery,2026-02-18T23:01:25+00:00,relative,-1,CIBC,Application/Software Developer Co-op - Enterprise Technology & Business Management,Software Developer Co-op,"Toronto, ON, Canada",Canada,Onsite,Spring 2026,https://simplify.jobs/c/CIBC?utm_source=GHList&amp;utm_medium=company,https://simplify.jobs/c/CIBC?amp;utm_medium=company,,,Simplify Off-Season,Unverified,Not applied,0,0,0,,2026-07-18T23:04:31+00:00,2026-07-20T16:31:26+00:00,0,,Aggregator URL only
51,Late discovery,2026-02-18T23:01:25+00:00,relative,-1,Dell Technologies,Software Developer Intern,Software Developer Intern,"Ottawa, ON, Canada",Canada,Onsite,Spring 2026,https://simplify.jobs/c/Dell-Technologies?utm_source=GHList&amp;utm_medium=company,https://simplify.jobs/c/Dell-Technologies?amp;utm_medium=company,,,Simplify Off-Season,Unverified,Not applied,0,0,0,,2026-07-18T23:04:31+00:00,2026-07-20T16:31:26+00:00,0,,Aggregator URL only
36,Late discovery,2026-02-18T23:01:25+00:00,relative,-1,Jonas Software,Intern Software Developer,Software Developer Intern,"Markham, ON, Canada",Canada,Onsite,Spring 2026,https://simplify.jobs/c/Jonas-Software?utm_source=GHList&amp;utm_medium=company,https://simplify.jobs/c/Jonas-Software?amp;utm_medium=company,,,Simplify Off-Season,Unverified,Not applied,0,0,0,,2026-07-18T23:04:31+00:00,2026-07-20T16:31:26+00:00,0,,Aggregator URL only
32,Late discovery,2026-02-18T23:01:25+00:00,relative,-1,TripArc,Intern Software Developer,Software Developer Intern,"Toronto, ON, Canada",Canada,Onsite,Spring 2026,https://simplify.jobs/c/TripArc?utm_source=GHList&amp;utm_medium=company,https://simplify.jobs/c/TripArc?amp;utm_medium=company,,,Simplify Off-Season,Unverified,Not applied,0,0,0,,2026-07-18T23:04:31+00:00,2026-07-20T16:31:26+00:00,0,,Aggregator URL only
35,Late discovery,2026-02-18T23:01:25+00:00,relative,-2,Microsoft,Software Engineer: Co-Op Intern Opportunities,Software Developer Co-op,"Redmond, WA",United States,Onsite,Spring 2026,https://simplify.jobs/c/Microsoft?utm_source=GHList&amp;utm_medium=company,https://simplify.jobs/c/Microsoft?amp;utm_medium=company,,,Simplify Off-Season,Unverified,Not applied,0,0,0,,2026-07-18T23:04:31+00:00,2026-07-18T23:16:08+00:00,0,,Aggregator URL only
57,Late discovery,2026-02-18T23:01:25+00:00,relative,-2,NVIDIA,System Software Engineering Intern - Video - Summer 2026,Software Engineer Intern,"Santa Clara, CA",United States,Onsite,Spring 2026,https://simplify.jobs/c/NVIDIA?utm_source=GHList&amp;utm_medium=company,https://simplify.jobs/c/NVIDIA?amp;utm_medium=company,,,Simplify Off-Season,Unverified,Not applied,0,0,0,,2026-07-18T23:04:31+00:00,2026-07-18T23:16:08+00:00,0,,Aggregator URL only
39,Late discovery,2026-02-18T23:01:25+00:00,relative,-2,KLA,Software Intern - HPC Infrastructure,Infrastructure Engineer Intern,"Milpitas, CA",United States,Onsite,Spring 2026,https://simplify.jobs/c/KLA?utm_source=GHList&amp;utm_medium=company,https://simplify.jobs/c/KLA?amp;utm_medium=company,,,Simplify Off-Season,Unverified,Not applied,0,0,0,,2026-07-18T23:04:31+00:00,2026-07-18T23:16:08+00:00,0,,Aggregator URL only
38,Late discovery,2026-02-18T23:01:25+00:00,relative,-2,KLA Corporation,Software Intern - HPC Infrastructure,Infrastructure Engineer Intern,"Milpitas, CA",United States,Onsite,Spring 2026,https://simplify.jobs/c/KLA-Corporation?utm_source=GHList&amp;utm_medium=company,https://simplify.jobs/c/KLA-Corporation?amp;utm_medium=company,,,Simplify Off-Season,Unverified,Not applied,0,0,0,,2026-07-18T23:04:31+00:00,2026-07-18T23:16:08+00:00,0,,Aggregator URL only
55,Late discovery,2026-02-18T23:01:25+00:00,relative,-2,Loop,Software Engineer Intern - Full Stack,Full Stack Engineer Intern,"SF Chicago, IL NYC",United States,Onsite,Spring 2026,https://simplify.jobs/c/Loop?utm_source=GHList&amp;utm_medium=company,https://simplify.jobs/c/Loop?amp;utm_medium=company,,,Simplify Off-Season,Unverified,Not applied,0,0,0,,2026-07-18T23:04:31+00:00,2026-07-18T23:16:08+00:00,0,,Aggregator URL only
52,Late discovery,2026-02-18T23:01:25+00:00,relative,-2,SRI International,Drexel University Co-op: Software Engineering/Full stack development,Full Stack Engineer Intern,"Princeton, NJ",,Onsite,Spring 2026,https://simplify.jobs/c/SRI-International?utm_source=GHList&amp;utm_medium=company,https://simplify.jobs/c/SRI-International?amp;utm_medium=company,,,Simplify Off-Season,Unverified,Not applied,0,0,0,,2026-07-18T23:04:31+00:00,2026-07-20T16:31:26+00:00,0,,Aggregator URL only
49,Late discovery,2026-02-18T23:01:25+00:00,relative,-2,XPO,Tech Program Intern 3 - Full Stack Engineering,Full Stack Engineer Intern,"Charlotte, NC",,Onsite,Spring 2026,https://simplify.jobs/c/XPO?utm_source=GHList&amp;utm_medium=company,https://simplify.jobs/c/XPO?amp;utm_medium=company,,,Simplify Off-Season,Unverified,Not applied,0,0,0,,2026-07-18T23:04:31+00:00,2026-07-20T16:31:26+00:00,0,,Aggregator URL only
25,Late discovery,2026-02-18T23:01:25+00:00,relative,-4,Availity,Software Engineering Intern,Software Engineer Intern,Remote in USA,United States,Remote,Spring 2026,https://simplify.jobs/c/Availity?utm_source=GHList&amp;utm_medium=company,https://simplify.jobs/c/Availity?amp;utm_medium=company,,,Simplify Off-Season,Unverified,Not applied,0,0,0,,2026-07-18T23:04:31+00:00,2026-07-20T16:31:26+00:00,0,,Aggregator URL only
59,Late discovery,2026-02-18T23:01:25+00:00,relative,-4,8VC,Software Engineer Intern,Software Engineer Intern,SF,United States,Onsite,Spring 2026,https://simplify.jobs/c/8VC?utm_source=GHList&amp;utm_medium=company,https://simplify.jobs/c/8VC?amp;utm_medium=company,,,Simplify Off-Season,Unverified,Not applied,0,0,0,,2026-07-18T23:04:31+00:00,2026-07-20T16:31:26+00:00,0,,Aggregator URL only
31,Late discovery,2026-02-18T23:01:25+00:00,relative,-4,Applied Materials,Software Engineer Intern,Software Engineer Intern,"Santa Clara, CA",United States,Onsite,Spring 2026,https://simplify.jobs/c/Applied-Materials?utm_source=GHList&amp;utm_medium=company,https://simplify.jobs/c/Applied-Materials?amp;utm_medium=company,,,Simplify Off-Season,Unverified,Not applied,0,0,0,,2026-07-18T23:04:31+00:00,2026-07-18T23:16:08+00:00,0,,Aggregator URL only
44,Late discovery,2026-02-18T23:01:25+00:00,relative,-4,ByteDance,Security Software Engineer Project Intern - Network Security - 2026 Start,Security Engineering Intern,"San Jose, CA",United States,Onsite,Spring 2026,https://simplify.jobs/c/ByteDance?utm_source=GHList&amp;utm_medium=company,https://simplify.jobs/c/ByteDance?amp;utm_medium=company,,,Simplify Off-Season,Unverified,Not applied,0,0,0,,2026-07-18T23:04:31+00:00,2026-07-18T23:16:08+00:00,0,,Aggregator URL only
47,Late discovery,2026-02-18T23:01:25+00:00,relative,-4,Cadence Design Systems,Software Intern,Software Engineer Intern,"Austin, TX",United States,Onsite,Spring 2026,https://simplify.jobs/c/Cadence-Design-Systems?utm_source=GHList&amp;utm_medium=company,https://simplify.jobs/c/Cadence-Design-Systems?amp;utm_medium=company,,,Simplify Off-Season,Unverified,Not applied,0,0,0,,2026-07-18T23:04:31+00:00,2026-07-18T23:16:08+00:00,0,,Aggregator URL only
34,Late discovery,2026-02-18T23:01:25+00:00,relative,-4,Cisco,Software Engineer 1 - Intern,Software Engineer Intern,"San Jose, CA",United States,Onsite,Spring 2026,https://simplify.jobs/c/Cisco?utm_source=GHList&amp;utm_medium=company,https://simplify.jobs/c/Cisco?amp;utm_medium=company,,,Simplify Off-Season,Unverified,Not applied,0,0,0,Export-control eligibility required,2026-07-18T23:04:31+00:00,2026-07-18T23:16:08+00:00,0,,Aggregator URL only
33,Late discovery,2026-02-18T23:01:25+00:00,relative,-4,Copart,Software Engineering Intern,Software Engineer Intern,"Dallas, TX",United States,Onsite,Spring 2026,https://simplify.jobs/c/Copart?utm_source=GHList&amp;utm_medium=company,https://simplify.jobs/c/Copart?amp;utm_medium=company,,,Simplify Off-Season,Unverified,Not applied,0,0,0,,2026-07-18T23:04:31+00:00,2026-07-18T23:16:25+00:00,0,,Aggregator URL only
64,Late discovery,2026-02-18T23:01:25+00:00,relative,-4,Crane Co.,Software Engineer Intern,Software Engineer Intern,"Burbank, CA",United States,Onsite,Spring 2026,https://simplify.jobs/c/Crane-Co?utm_source=GHList&amp;utm_medium=company,https://simplify.jobs/c/Crane-Co?amp;utm_medium=company,,,Simplify Off-Season,Unverified,Not applied,0,0,0,,2026-07-18T23:04:31+00:00,2026-07-20T16:31:26+00:00,0,,Aggregator URL only
41,Late discovery,2026-02-18T23:01:25+00:00,relative,-4,Intuit,Software Engineer Intern,Software Engineer Intern,"San Diego, CA",United States,Onsite,Spring 2026,https://simplify.jobs/c/Intuit?utm_source=GHList&amp;utm_medium=company,https://simplify.jobs/c/Intuit?amp;utm_medium=company,,,Simplify Off-Season,Unverified,Not applied,0,0,0,,2026-07-18T23:04:31+00:00,2026-07-20T16:31:26+00:00,0,,Aggregator URL only
61,Late discovery,2026-02-18T23:01:25+00:00,relative,-4,Keysight Technologies,R&D Software Engineer Intern - Quantum Computing,Software Engineer Intern,"Cambridge, MA",United States,Onsite,Spring 2026,https://simplify.jobs/c/Keysight-Technologies-Inc?utm_source=GHList&amp;utm_medium=company,https://simplify.jobs/c/Keysight-Technologies-Inc?amp;utm_medium=company,,,Simplify Off-Season,Unverified,Not applied,0,0,0,,2026-07-18T23:04:31+00:00,2026-07-20T16:31:26+00:00,0,,Aggregator URL only
45,Late discovery,2026-02-18T23:01:25+00:00,relative,-4,Meridian Partners,Python Software Engineer Co-op,Software Developer Co-op,"Cambridge, MA",United States,Onsite,Spring 2026,https://simplify.jobs/c/Meridian-Partners?utm_source=GHList&amp;utm_medium=company,https://simplify.jobs/c/Meridian-Partners?amp;utm_medium=company,,,Simplify Off-Season,Unverified,Not applied,0,0,0,,2026-07-18T23:04:31+00:00,2026-07-18T23:16:25+00:00,0,,Aggregator URL only
27,Late discovery,2026-02-18T23:01:25+00:00,relative,-4,Praxent,AI Software Engineer Intern,Software Engineer Intern,"Austin, TX",United States,Onsite,Spring 2026,https://simplify.jobs/c/48b8bb74-bddd-4a22-8af2-e173a773c225?utm_source=GHList&amp;utm_medium=company,https://simplify.jobs/c/48b8bb74-bddd-4a22-8af2-e173a773c225?amp;utm_medium=company,48b8bb74-bddd-4a22-8af2-e173a773c225,,Simplify Off-Season,Unverified,Not applied,0,0,0,,2026-07-18T23:04:31+00:00,2026-07-20T16:31:26+00:00,0,,Aggregator URL only
26,Late discovery,2026-02-18T23:01:25+00:00,relative,-4,Prolaio,Mobile Software Engineer Intern,Mobile Engineer Intern,"Chicago, IL",United States,Onsite,Winter 2026,https://simplify.jobs/c/Prolaio?utm_source=GHList&amp;utm_medium=company,https://simplify.jobs/c/Prolaio?amp;utm_medium=company,,,Simplify Off-Season,Unverified,Not applied,0,0,0,,2026-07-18T23:04:31+00:00,2026-07-20T16:31:26+00:00,0,,Aggregator URL only
62,Late discovery,2026-02-18T23:01:25+00:00,relative,-4,T-Mobile,Software Engineering Intern,Software Engineer Intern,"Frisco, TX",United States,Onsite,Spring 2026,https://simplify.jobs/c/T-Mobile?utm_source=GHList&amp;utm_medium=company,https://simplify.jobs/c/T-Mobile?amp;utm_medium=company,,,Simplify Off-Season,Unverified,Not applied,0,0,0,,2026-07-18T23:04:31+00:00,2026-07-20T16:31:26+00:00,0,,Aggregator URL only
43,Late discovery,2026-02-18T23:01:25+00:00,relative,-4,TikTok,Security Software Engineer Project Intern - Product Security - 2026 Start,Security Engineering Intern,"San Jose, CA",United States,Onsite,Spring 2026,https://simplify.jobs/c/TikTok?utm_source=GHList&amp;utm_medium=company,https://simplify.jobs/c/TikTok?amp;utm_medium=company,,,Simplify Off-Season,Unverified,Not applied,0,0,0,,2026-07-18T23:04:31+00:00,2026-07-18T23:16:08+00:00,0,,Aggregator URL only
54,Late discovery,2026-02-18T23:01:25+00:00,relative,-4,ASSA ABLOY,Software Engineering Intern,Software Engineer Intern,"Roanoke, VA",,Onsite,Spring 2026,https://simplify.jobs/c/ASSA-ABLOY?utm_source=GHList&amp;utm_medium=company,https://simplify.jobs/c/ASSA-ABLOY?amp;utm_medium=company,,,Simplify Off-Season,Unverified,Not applied,0,0,0,,2026-07-18T23:04:31+00:00,2026-07-20T16:31:26+00:00,0,,Aggregator URL only
53,Late discovery,2026-02-18T23:01:25+00:00,relative,-4,Agilent Technologies,Software Engineer Intern,Software Engineer Intern,"Oxford, UK",,Onsite,Spring 2026,https://simplify.jobs/c/Agilent-Technologies?utm_source=GHList&amp;utm_medium=company,https://simplify.jobs/c/Agilent-Technologies?amp;utm_medium=company,,,Simplify Off-Season,Unverified,Not applied,0,0,0,,2026-07-18T23:04:31+00:00,2026-07-20T16:31:26+00:00,0,,Aggregator URL only
50,Late discovery,2026-02-18T23:01:25+00:00,relative,-4,Businessolver,Software Engineer Intern - Java,Software Engineer Intern,North Carolina,,Onsite,Spring 2026,https://simplify.jobs/c/Businessolver?utm_source=GHList&amp;utm_medium=company,https://simplify.jobs/c/Businessolver?amp;utm_medium=company,,,Simplify Off-Season,Unverified,Not applied,0,0,0,,2026-07-18T23:04:31+00:00,2026-07-20T16:31:26+00:00,0,,Aggregator URL only
58,Late discovery,2026-02-18T23:01:25+00:00,relative,-4,General Dynamics Mission Systems,Software Engineer Intern,Software Engineer Intern,"Fort Wayne, IN",,Onsite,Spring 2026,https://simplify.jobs/c/General-Dynamics-Mission-Systems?utm_source=GHList&amp;utm_medium=company,https://simplify.jobs/c/General-Dynamics-Mission-Systems?amp;utm_medium=company,,,Simplify Off-Season,Unverified,Not applied,0,0,0,,2026-07-18T23:04:31+00:00,2026-07-18T23:16:08+00:00,0,,Aggregator URL only
29,Late discovery,2026-02-18T23:01:25+00:00,relative,-4,MKS Instruments,Software Engineer Intern,Software Engineer Intern,"Beaverton, OR",,Onsite,Spring 2026,https://simplify.jobs/c/MKS-Instruments?utm_source=GHList&amp;utm_medium=company,https://simplify.jobs/c/MKS-Instruments?amp;utm_medium=company,,,Simplify Off-Season,Unverified,Not applied,0,0,0,,2026-07-18T23:04:31+00:00,2026-07-20T16:31:26+00:00,0,,Aggregator URL only
37,Late discovery,2026-02-18T23:01:25+00:00,relative,-4,Motorola,Software Engineering Intern,Software Engineer Intern,"West Valley City, UT",,Onsite,Spring 2026,https://simplify.jobs/c/MotorolaSolutions?utm_source=GHList&amp;utm_medium=company,https://simplify.jobs/c/MotorolaSolutions?amp;utm_medium=company,,,Simplify Off-Season,Unverified,Not applied,0,0,0,,2026-07-18T23:04:31+00:00,2026-07-18T23:16:08+00:00,0,,Aggregator URL only
40,Late discovery,2026-02-18T23:01:25+00:00,relative,-4,National Information Solutions Cooperative (NISC),Intern Software Developer,Software Developer Intern,"Lake St Louis, MO",,Onsite,Spring 2026,https://simplify.jobs/c/National-Information-Solutions-Cooperative-NISC?utm_source=GHList&amp;utm_medium=company,https://simplify.jobs/c/National-Information-Solutions-Cooperative-NISC?amp;utm_medium=company,,,Simplify Off-Season,Unverified,Not applied,0,0,0,,2026-07-18T23:04:31+00:00,2026-07-20T16:31:26+00:00,0,,Aggregator URL only
46,Late discovery,2026-02-18T23:01:25+00:00,relative,-4,Nelnet,Intern – IT Software Engineer,Software Engineer Intern,"Draper, UT",,Onsite,Spring 2026,https://simplify.jobs/c/Nelnet?utm_source=GHList&amp;utm_medium=company,https://simplify.jobs/c/Nelnet?amp;utm_medium=company,,,Simplify Off-Season,Unverified,Not applied,0,0,0,,2026-07-18T23:04:31+00:00,2026-07-20T16:31:26+00:00,0,,Aggregator URL only
48,Late discovery,2026-02-18T23:01:25+00:00,relative,-4,Premier,Software Engineer Intern,Software Engineer Intern,"Charlotte, NC",,Onsite,Spring 2026,https://simplify.jobs/c/Premier?utm_source=GHList&amp;utm_medium=company,https://simplify.jobs/c/Premier?amp;utm_medium=company,,,Simplify Off-Season,Unverified,Not applied,0,0,0,,2026-07-18T23:04:31+00:00,2026-07-20T16:31:26+00:00,0,,Aggregator URL only
28,Late discovery,2026-02-18T23:01:25+00:00,relative,-4,RTX,2026 Software Engineering Intern - Part Time,Software Engineer Intern,"Tucson, AZ",,Onsite,Winter 2026,https://simplify.jobs/c/RTX?utm_source=GHList&amp;utm_medium=company,https://simplify.jobs/c/RTX?amp;utm_medium=company,,,Simplify Off-Season,Unverified,Not applied,0,0,0,,2026-07-18T23:04:31+00:00,2026-07-18T23:16:08+00:00,0,,Aggregator URL only
67,Late discovery,2026-02-18T23:01:25+00:00,relative,-4,Relativity,Software Engineering Intern - Ingestion,Software Engineer Intern,Illinois,,Onsite,Winter 2026,https://simplify.jobs/c/Relativity?utm_source=GHList&amp;utm_medium=company,https://simplify.jobs/c/Relativity?amp;utm_medium=company,,,Simplify Off-Season,Unverified,Not applied,0,0,0,,2026-07-18T23:04:31+00:00,2026-07-20T16:31:26+00:00,0,,Aggregator URL only
60,Late discovery,2026-02-18T23:01:25+00:00,relative,-4,Robert Bosch Venture Capital,Software Engineer Intern,Software Engineer Intern,"Southfield, MI",,Onsite,Spring 2026,https://simplify.jobs/c/Bosch?utm_source=GHList&amp;utm_medium=company,https://simplify.jobs/c/Bosch?amp;utm_medium=company,,,Simplify Off-Season,Unverified,Not applied,0,0,0,,2026-07-18T23:04:31+00:00,2026-07-20T16:31:26+00:00,0,,Aggregator URL only
30,Late discovery,2026-02-18T23:01:25+00:00,relative,-4,WTW,Software Developer Intern,Software Developer Intern,"Dorking, UK",,Onsite,Spring 2026,https://simplify.jobs/c/WTW?utm_source=GHList&amp;utm_medium=company,https://simplify.jobs/c/WTW?amp;utm_medium=company,,,Simplify Off-Season,Unverified,Not applied,0,0,0,,2026-07-18T23:04:31+00:00,2026-07-20T16:31:26+00:00,0,,Aggregator URL only
667,Late discovery,2026-02-13T00:00:00+00:00,date,1,[ByteDance](https://jobs.bytedance.com/en/position/7595756835349973253/detail),Software Engineer Intern - AI Infrastructure,Infrastructure Engineer Intern,"San Jose, CA",United States,Onsite,Summer 2026,https://jobs.bytedance.com/en/position/7595756835349973253/detail,https://jobs.bytedance.com/en/position/7595756835349973253/detail,,,Internship Tracker SWE,Open,Not applied,0,0,0,,2026-07-18T23:16:08+00:00,2026-07-20T16:31:26+00:00,0,,
668,Late discovery,2026-02-07T00:00:00+00:00,date,-1,[ByteDance](https://jobs.bytedance.com/en/position/7600176309125466373/detail),Software Engineer Project Intern - Security Engineering,Security Engineering Intern,"San Jose, CA",United States,Onsite,Summer 2026,https://jobs.bytedance.com/en/position/7600176309125466373/detail,https://jobs.bytedance.com/en/position/7600176309125466373/detail,,,Internship Tracker SWE,Open,Not applied,0,0,0,,2026-07-18T23:16:08+00:00,2026-07-20T16:31:26+00:00,0,,
669,Late discovery,2026-02-05T00:00:00+00:00,date,-1,[Auctor](https://jobs.ashbyhq.com/auctor/9d67c881-3ca7-4616-a059-e94c03e19607/application),Software Engineering Intern,Software Engineer Intern,NYC,,Onsite,Summer 2026,https://jobs.ashbyhq.com/auctor/9d67c881-3ca7-4616-a059-e94c03e19607/application,https://jobs.ashbyhq.com/auctor/9d67c881-3ca7-4616-a059-e94c03e19607/application,9d67c881-3ca7-4616-a059-e94c03e19607,ashby,Internship Tracker SWE; SpeedyApply 2027 SWE,Open,Not applied,0,0,0,,2026-07-18T23:16:08+00:00,2026-07-20T16:31:26+00:00,0,,
670,Late discovery,2026-02-02T00:00:00+00:00,date,1,[WTW](https://eedu.fa.em3.oraclecloud.com/hcmUI/CandidateExperience/en/sites/CX_1003/job/202600804),Software Developer Intern,Software Developer Intern,"Dorking, UK",,Onsite,Spring 2026,https://eedu.fa.em3.oraclecloud.com/hcmUI/CandidateExperience/en/sites/CX_1003/job/202600804,https://eedu.fa.em3.oraclecloud.com/hcmUI/CandidateExperience/en/sites/CX_1003/job/202600804,202600804,,Internship Tracker SWE,Open,Not applied,0,0,0,,2026-07-18T23:16:08+00:00,2026-07-20T16:31:26+00:00,0,,
674,Late discovery,2026-01-28T00:00:00+00:00,date,-1,[ByteDance](https://jobs.bytedance.com/en/position/7600168555733027125/detail),Security Software Engineer Project Intern - Network Security - 2026 Start,Security Engineering Intern,"San Jose, CA",United States,Onsite,Spring 2026,https://jobs.bytedance.com/en/position/7600168555733027125/detail,https://jobs.bytedance.com/en/position/7600168555733027125/detail,,,Internship Tracker SWE,Open,Not applied,0,0,0,,2026-07-18T23:16:08+00:00,2026-07-20T16:31:26+00:00,0,,
673,Late discovery,2026-01-28T00:00:00+00:00,date,-1,[ByteDance](https://jobs.bytedance.com/en/position/7600175469758040325/detail),Software Engineer Project Intern - Security-Data - 2026 Start,Security Engineering Intern,"San Jose, CA",United States,Onsite,Winter 2026,https://jobs.bytedance.com/en/position/7600175469758040325/detail,https://jobs.bytedance.com/en/position/7600175469758040325/detail,,,Internship Tracker SWE,Open,Not applied,0,0,0,,2026-07-18T23:16:08+00:00,2026-07-20T16:31:26+00:00,0,,
672,Late discovery,2026-01-28T00:00:00+00:00,date,-1,[Ginkgo Bioworks](https://job-boards.greenhouse.io/ginkgobioworks/jobs/5033167007),Software Intern - Autonomous Lab,Software Engineer Intern,"Oakland, CA",United States,Onsite,Winter 2026,https://job-boards.greenhouse.io/ginkgobioworks/jobs/5033167007,https://job-boards.greenhouse.io/ginkgobioworks/jobs/5033167007,5033167007,greenhouse,Internship Tracker SWE,Open,Not applied,0,0,0,,2026-07-18T23:16:08+00:00,2026-07-20T16:31:26+00:00,0,,
671,Late discovery,2026-01-28T00:00:00+00:00,date,-1,[TikTok](https://lifeattiktok.com/search/7600535181632457013),Security Software Engineer Project Intern - Product Security - 2026 Start,Security Engineering Intern,"San Jose, CA",United States,Onsite,Spring 2026,https://lifeattiktok.com/search/7600535181632457013,https://lifeattiktok.com/search/7600535181632457013,,,Internship Tracker SWE,Open,Not applied,0,0,0,,2026-07-18T23:16:08+00:00,2026-07-20T16:31:26+00:00,0,,
675,Late discovery,2026-01-26T00:00:00+00:00,date,1,[TikTok](https://lifeattiktok.com/search/7473334964256393479),Software Engineer Intern - Ads Interface Platform,Platform Engineer Intern,"San Jose, CA",United States,Onsite,Summer 2026,https://lifeattiktok.com/search/7473334964256393479,https://lifeattiktok.com/search/7473334964256393479,,,Internship Tracker SWE,Open,Not applied,0,0,0,,2026-07-18T23:16:08+00:00,2026-07-20T16:31:26+00:00,0,,
676,Late discovery,2026-01-23T00:00:00+00:00,date,-1,[GE Appliances](https://haier.wd3.myworkdayjobs.com/ge_appliances/job/USA-Louisville-KY/Software-Engineering-Co-op-Spring-2027_REQ-24832),Software Engineering Co-op Spring 2027,Software Developer Co-op,"Louisville, KY",United States,Onsite,Spring 2027,https://haier.wd3.myworkdayjobs.com/ge_appliances/job/USA-Louisville-KY/Software-Engineering-Co-op-Spring-2027_REQ-24832,https://haier.wd3.myworkdayjobs.com/ge_appliances/job/USA-Louisville-KY/Software-Engineering-Co-op-Spring-2027_REQ-24832,24832,workday,Internship Tracker SWE,Open,Not applied,0,0,0,,2026-07-18T23:16:08+00:00,2026-07-20T16:31:26+00:00,0,,
677,Late discovery,2026-01-22T00:00:00+00:00,date,-1,[TikTok](https://lifeattiktok.com/search/7595346355196954933),Software Engineer Intern - Commerce Ads - 2026 Summer,Software Engineer Intern,"Seattle, WA",United States,Onsite,Summer 2026,https://lifeattiktok.com/search/7595346355196954933,https://lifeattiktok.com/search/7595346355196954933,,,Internship Tracker SWE,Open,Not applied,0,0,0,,2026-07-18T23:16:08+00:00,2026-07-20T16:31:26+00:00,0,,
768,Late discovery,2026-01-21T16:30:52+00:00,relative,3,Instacart,Machine Learning Engineer Intern,ML Engineering Intern,Remote in USA,United States,Remote,Spring 2026,https://simplify.jobs/c/Instacart?utm_source=GHList&utm_medium=company,https://simplify.jobs/c/Instacart,,,Simplify Off-Season,Unverified,Not applied,0,0,0,,2026-07-20T16:31:26+00:00,2026-07-20T16:31:26+00:00,0,,
702,Late discovery,2026-01-19T23:16:23+00:00,relative,-1,Copart,Software Engineer Intern,Software Engineer Intern,"Dallas, TX",United States,Onsite,Spring 2026,https://simplify.jobs/c/Copart?utm_source=GHList&utm_medium=company,https://simplify.jobs/c/Copart,,,Simplify Off-Season,Open,Not applied,0,0,0,,2026-07-18T23:16:25+00:00,2026-07-20T16:31:26+00:00,0,,
518,Late discovery,2026-01-19T23:16:07+00:00,relative,2,Altera Corporation,FPGA Software Engineer Intern,Software Engineer Intern,"Toronto, ON, Canada",Canada,Onsite,Spring 2026,https://simplify.jobs/c/Altera-Corporation?utm_source=GHList&utm_medium=company,https://simplify.jobs/c/Altera-Corporation,,,Simplify Off-Season,Open,Not applied,0,0,0,,2026-07-18T23:16:08+00:00,2026-07-20T16:31:26+00:00,0,,
516,Late discovery,2026-01-19T23:16:07+00:00,relative,2,Apera AI,Software Developer – Co-op - C++,Software Developer Co-op,"Vancouver, BC, Canada",Canada,Onsite,Winter 2026,https://simplify.jobs/c/Apera-AI?utm_source=GHList&utm_medium=company,https://simplify.jobs/c/Apera-AI,,,Simplify Off-Season,Open,Not applied,0,0,0,,2026-07-18T23:16:08+00:00,2026-07-20T16:31:26+00:00,0,,
517,Late discovery,2026-01-19T23:16:07+00:00,relative,-1,Astranis,Embedded Software Developer – Network/Payload Software Intern,Embedded Software Intern,SF,United States,Onsite,Spring 2026,https://simplify.jobs/c/Astranis?utm_source=GHList&utm_medium=company,https://simplify.jobs/c/Astranis,,,Simplify Off-Season,Open,Not applied,0,0,0,,2026-07-18T23:16:08+00:00,2026-07-20T16:31:26+00:00,0,,
493,Late discovery,2026-01-19T23:16:06+00:00,relative,7,NVIDIA,Systems Software Engineering Intern - Winter 2026,Software Engineer Intern,"Toronto, ON, Canada Remote in Canada",Canada,Remote,Winter 2026,https://simplify.jobs/c/NVIDIA?utm_source=GHList&utm_medium=company,https://simplify.jobs/c/NVIDIA,,,Simplify Off-Season,Open,Not applied,0,0,0,,2026-07-18T23:16:08+00:00,2026-07-20T16:31:26+00:00,0,,
492,Late discovery,2026-01-19T23:16:06+00:00,relative,4,Microsoft,Software Engineer: Internship Opportunities - Vancouver - Bc,Software Engineer Intern,"Vancouver, BC, Canada",Canada,Onsite,Spring 2026,https://simplify.jobs/c/Microsoft?utm_source=GHList&utm_medium=company,https://simplify.jobs/c/Microsoft,,,Simplify Off-Season,Open,Not applied,0,0,0,,2026-07-18T23:16:08+00:00,2026-07-20T16:31:26+00:00,0,,
490,Late discovery,2026-01-19T23:16:06+00:00,relative,2,Loop,Software Developer Intern/Co-op,Software Developer Co-op,"Toronto, ON, Canada",Canada,Onsite,Spring 2026,https://simplify.jobs/c/Loop?utm_source=GHList&utm_medium=company,https://simplify.jobs/c/Loop,,,Simplify Off-Season,Open,Not applied,0,0,0,,2026-07-18T23:16:08+00:00,2026-07-20T16:31:26+00:00,0,,
494,Late discovery,2026-01-19T23:16:06+00:00,relative,-1,KLA,Software Engineer Intern,Software Engineer Intern,"Milpitas, CA",United States,Onsite,Spring 2026,https://simplify.jobs/c/KLA?utm_source=GHList&utm_medium=company,https://simplify.jobs/c/KLA,,,Simplify Off-Season,Open,Not applied,0,0,0,,2026-07-18T23:16:08+00:00,2026-07-20T16:31:26+00:00,0,,
491,Late discovery,2026-01-19T23:16:06+00:00,relative,-1,Cadence Design Systems,Intern – Software Engineering,Software Engineer Intern,"London, UK",,Onsite,Spring 2026,https://simplify.jobs/c/Cadence-Design-Systems?utm_source=GHList&utm_medium=company,https://simplify.jobs/c/Cadence-Design-Systems,,,Simplify Off-Season,Open,Not applied,0,0,0,,2026-07-18T23:16:08+00:00,2026-07-20T16:31:26+00:00,0,,
495,Late discovery,2026-01-19T23:16:06+00:00,relative,-1,RTX,Intern – Software Engineer Intern,Software Engineer Intern,"Fort Wayne, IN",,Onsite,Winter 2026,https://simplify.jobs/c/RTX?utm_source=GHList&utm_medium=company,https://simplify.jobs/c/RTX,,,Simplify Off-Season,Open,Not applied,0,0,0,,2026-07-18T23:16:08+00:00,2026-07-20T16:31:26+00:00,0,,
179,Late discovery,2026-01-19T23:01:26+00:00,relative,-1,Arista Networks,Software Engineer Intern - Eos - General,Software Engineer Intern,"Vancouver, BC, Canada",Canada,Onsite,Spring 2026,https://simplify.jobs/c/Arista-Networks?utm_source=GHList&amp;utm_medium=company,https://simplify.jobs/c/Arista-Networks?amp;utm_medium=company,,,Simplify Off-Season,Unverified,Not applied,0,0,0,,2026-07-18T23:04:31+00:00,2026-07-20T16:31:26+00:00,0,,Aggregator URL only
175,Late discovery,2026-01-19T23:01:26+00:00,relative,-2,Coherent,Intern Software Engineer,Software Engineer Intern,"Fremont, CA",United States,Onsite,Spring 2026,https://simplify.jobs/c/Coherent?utm_source=GHList&amp;utm_medium=company,https://simplify.jobs/c/Coherent?amp;utm_medium=company,,,Simplify Off-Season,Unverified,Not applied,0,0,0,,2026-07-18T23:04:31+00:00,2026-07-20T16:31:26+00:00,0,,Aggregator URL only
174,Late discovery,2026-01-19T23:01:26+00:00,relative,-3,Viavi Solutions,Instrumentation Software Co-Op,Software Developer Co-op,"Ottawa, ON, Canada",Canada,Onsite,Spring 2026,https://simplify.jobs/c/Viavi-Solutions?utm_source=GHList&amp;utm_medium=company,https://simplify.jobs/c/Viavi-Solutions?amp;utm_medium=company,,,Simplify Off-Season,Unverified,Not applied,0,0,0,,2026-07-18T23:04:31+00:00,2026-07-20T16:31:26+00:00,0,,Aggregator URL only
182,Late discovery,2026-01-19T23:01:26+00:00,relative,-4,Cubic,Intern Software Engineer,Software Engineer Intern,"San Diego, CA",United States,Onsite,Spring 2026,https://simplify.jobs/c/Cubic?utm_source=GHList&amp;utm_medium=company,https://simplify.jobs/c/Cubic?amp;utm_medium=company,,,Simplify Off-Season,Unverified,Not applied,0,0,0,,2026-07-18T23:04:31+00:00,2026-07-20T16:31:26+00:00,0,,Aggregator URL only
176,Late discovery,2026-01-19T23:01:26+00:00,relative,-4,Northrop Grumman,2026 Software Engineering Intern - San Diego CA,Software Engineer Intern,"San Diego, CA",United States,Onsite,Spring 2026,https://simplify.jobs/c/Northrop-Grumman?utm_source=GHList&amp;utm_medium=company,https://simplify.jobs/c/Northrop-Grumman?amp;utm_medium=company,,,Simplify Off-Season,Unverified,Not applied,0,0,0,,2026-07-18T23:04:31+00:00,2026-07-20T16:31:26+00:00,0,,Aggregator URL only
185,Late discovery,2026-01-19T23:01:26+00:00,relative,-4,Rocket Lab USA,Flight Software Intern,Software Engineer Intern,"Long Beach, CA",United States,Onsite,"Winter 2026, Spring 2026",https://simplify.jobs/c/Rocket-Lab-USA?utm_source=GHList&amp;utm_medium=company,https://simplify.jobs/c/Rocket-Lab-USA?amp;utm_medium=company,,,Simplify Off-Season,Unverified,Not applied,0,0,0,,2026-07-18T23:04:31+00:00,2026-07-20T16:31:26+00:00,0,,Aggregator URL only
180,Late discovery,2026-01-19T23:01:26+00:00,relative,-4,Saronic,Software Engineer Intern,Software Engineer Intern,"Austin, TX",United States,Onsite,Spring 2026,https://simplify.jobs/c/Saronic?utm_source=GHList&amp;utm_medium=company,https://simplify.jobs/c/Saronic?amp;utm_medium=company,,,Simplify Off-Season,Unverified,Not applied,0,0,0,,2026-07-18T23:04:31+00:00,2026-07-20T16:31:26+00:00,0,,Aggregator URL only
178,Late discovery,2026-01-19T23:01:26+00:00,relative,-4,Comcast,Embedded System Software Developer Co-op,Embedded Software Intern,"Philadelphia, PA",,Onsite,Spring 2026,https://simplify.jobs/c/Comcast?utm_source=GHList&amp;utm_medium=company,https://simplify.jobs/c/Comcast?amp;utm_medium=company,,,Simplify Off-Season,Unverified,Not applied,0,0,0,,2026-07-18T23:04:31+00:00,2026-07-20T16:31:26+00:00,0,,Aggregator URL only
184,Late discovery,2026-01-19T23:01:26+00:00,relative,-4,IDEXX,Embedded Software Engineer Intern,Embedded Software Intern,"Portland, ME",,Onsite,Spring 2026,https://simplify.jobs/c/IDEXX?utm_source=GHList&amp;utm_medium=company,https://simplify.jobs/c/IDEXX?amp;utm_medium=company,,,Simplify Off-Season,Unverified,Not applied,0,0,0,,2026-07-18T23:04:31+00:00,2026-07-20T16:31:26+00:00,0,,Aggregator URL only
177,Late discovery,2026-01-19T23:01:26+00:00,relative,-4,Plexus,Intern – Software Engineer - Spring 2027,Software Engineer Intern,"Raleigh, NC",,Onsite,Spring 2026,https://simplify.jobs/c/Plexus?utm_source=GHList&amp;utm_medium=company,https://simplify.jobs/c/Plexus?amp;utm_medium=company,,,Simplify Off-Season,Unverified,Not applied,0,0,0,,2026-07-18T23:04:31+00:00,2026-07-20T16:31:26+00:00,0,,Aggregator URL only
181,Late discovery,2026-01-19T23:01:26+00:00,relative,-4,Vermeer,Embedded Software Engineer Intern,Embedded Software Intern,"Newton, IA",,Onsite,Spring 2026,https://simplify.jobs/c/Vermeer?utm_source=GHList&amp;utm_medium=company,https://simplify.jobs/c/Vermeer?amp;utm_medium=company,,,Simplify Off-Season,Unverified,Not applied,0,0,0,,2026-07-18T23:04:31+00:00,2026-07-20T16:31:26+00:00,0,,Aggregator URL only
183,Late discovery,2026-01-19T23:01:26+00:00,relative,-6,Rivian,Research Park Intern - Embedded Software - Inverter Build System,Embedded Software Intern,"Urbana, IL",United States,Onsite,Winter 2026,https://simplify.jobs/c/Rivian?utm_source=GHList&amp;utm_medium=company,https://simplify.jobs/c/Rivian?amp;utm_medium=company,,,Simplify Off-Season,Unverified,Not applied,0,0,0,,2026-07-18T23:04:31+00:00,2026-07-18T23:16:08+00:00,0,,Aggregator URL only
186,Late discovery,2026-01-19T23:01:26+00:00,relative,-6,Zoox,Embedded Software Development Intern,Embedded Software Intern,"San Mateo, CA",United States,Onsite,Spring 2026,https://simplify.jobs/c/Zoox?utm_source=GHList&amp;utm_medium=company,https://simplify.jobs/c/Zoox?amp;utm_medium=company,,,Simplify Off-Season,Unverified,Not applied,0,0,0,,2026-07-18T23:04:31+00:00,2026-07-18T23:16:08+00:00,0,,Aggregator URL only
78,Late discovery,2026-01-19T23:01:25+00:00,relative,1,Apera AI,Software Developer – Co-op - Full Stack,Full Stack Engineer Intern,"Vancouver, BC, Canada",Canada,Onsite,Spring 2026,https://simplify.jobs/c/Apera-AI?utm_source=GHList&amp;utm_medium=company,https://simplify.jobs/c/Apera-AI?amp;utm_medium=company,,,Simplify Off-Season,Unverified,Not applied,0,0,0,,2026-07-18T23:04:31+00:00,2026-07-18T23:16:08+00:00,0,,Aggregator URL only
86,Late discovery,2026-01-19T23:01:25+00:00,relative,-1,Entrust,Intern Software Developer,Software Developer Intern,"Ottawa, ON, Canada",Canada,Onsite,Spring 2026,https://simplify.jobs/c/Entrust?utm_source=GHList&amp;utm_medium=company,https://simplify.jobs/c/Entrust?amp;utm_medium=company,,,Simplify Off-Season,Unverified,Not applied,0,0,0,,2026-07-18T23:04:31+00:00,2026-07-20T16:31:26+00:00,0,,Aggregator URL only
72,Late discovery,2026-01-19T23:01:25+00:00,relative,-1,PlayStation,Software Developer Intern/Co-op - Back End - James Stewart,Software Developer Co-op,"Kitchener, ON, Canada",Canada,Onsite,Spring 2026,https://simplify.jobs/c/PlayStation?utm_source=GHList&amp;utm_medium=company,https://simplify.jobs/c/PlayStation?amp;utm_medium=company,,,Simplify Off-Season,Unverified,Not applied,0,0,0,,2026-07-18T23:04:31+00:00,2026-07-20T16:31:26+00:00,0,,Aggregator URL only
75,Late discovery,2026-01-19T23:01:25+00:00,relative,-1,Quandri,Software Engineering Co-op,Software Developer Co-op,"Vancouver, BC, Canada",Canada,Onsite,Spring 2026,https://simplify.jobs/c/Quandri?utm_source=GHList&amp;utm_medium=company,https://simplify.jobs/c/Quandri?amp;utm_medium=company,,,Simplify Off-Season,Unverified,Not applied,0,0,0,,2026-07-18T23:04:31+00:00,2026-07-20T16:31:26+00:00,0,,Aggregator URL only
76,Late discovery,2026-01-19T23:01:25+00:00,relative,-1,S&P Global,Software Engineer Intern - Early Careers,Software Engineer Intern,"Toronto, ON, Canada",Canada,Onsite,Spring 2026,https://simplify.jobs/c/SP-Global?utm_source=GHList&amp;utm_medium=company,https://simplify.jobs/c/SP-Global?amp;utm_medium=company,,,Simplify Off-Season,Unverified,Not applied,0,0,0,,2026-07-18T23:04:31+00:00,2026-07-20T16:31:26+00:00,0,,Aggregator URL only
93,Late discovery,2026-01-19T23:01:25+00:00,relative,-1,TD Bank,AI2 Software Engineer Co-op/Intern - Summer 2026,Software Developer Co-op,"Toronto, ON, Canada",Canada,Onsite,Spring 2026,https://simplify.jobs/c/TD-Bank?utm_source=GHList&amp;utm_medium=company,https://simplify.jobs/c/TD-Bank?amp;utm_medium=company,,,Simplify Off-Season,Unverified,Not applied,0,0,0,,2026-07-18T23:04:31+00:00,2026-07-20T16:31:26+00:00,0,,Aggregator URL only
83,Late discovery,2026-01-19T23:01:25+00:00,relative,-2,Uber,2026 PhD Software Engineer Intern - Programming Systems Group - United States,Software Engineer Intern,"Seattle, WA NYC Sunnyvale, CA",United States,Onsite,Spring 2026,https://simplify.jobs/c/Uber?utm_source=GHList&amp;utm_medium=company,https://simplify.jobs/c/Uber?amp;utm_medium=company,,,Simplify Off-Season,Unverified,Not applied,0,0,0,,2026-07-18T23:04:31+00:00,2026-07-20T16:31:26+00:00,0,,Aggregator URL only
80,Late discovery,2026-01-19T23:01:25+00:00,relative,-2,Kargo,Backend Software Engineer – Internship,Backend Engineer Intern,SF,United States,Onsite,Spring 2026,https://simplify.jobs/c/Kargo?utm_source=GHList&amp;utm_medium=company,https://simplify.jobs/c/Kargo?amp;utm_medium=company,,,Simplify Off-Season,Unverified,Not applied,0,0,0,,2026-07-18T23:04:31+00:00,2026-07-20T16:31:26+00:00,0,,Aggregator URL only
87,Late discovery,2026-01-19T23:01:25+00:00,relative,-4,Amentum,Software Engineering Intern,Software Engineer Intern,"Houston, TX",United States,Onsite,Spring 2026,https://simplify.jobs/c/Amentum?utm_source=GHList&amp;utm_medium=company,https://simplify.jobs/c/Amentum?amp;utm_medium=company,,,Simplify Off-Season,Unverified,Not applied,0,0,0,,2026-07-18T23:04:31+00:00,2026-07-20T16:31:26+00:00,0,,Aggregator URL only
94,Late discovery,2026-01-19T23:01:25+00:00,relative,-4,Axon,2026 US Software Engineering Internship,Software Engineer Intern,"Boston, MA Seattle, WA",United States,Onsite,Spring 2026,https://simplify.jobs/c/Axon?utm_source=GHList&amp;utm_medium=company,https://simplify.jobs/c/Axon?amp;utm_medium=company,,,Simplify Off-Season,Unverified,Not applied,0,0,0,,2026-07-18T23:04:31+00:00,2026-07-20T16:31:26+00:00,0,,Aggregator URL only
68,Late discovery,2026-01-19T23:01:25+00:00,relative,-4,Galileo Financial Technologies,Intern Software Engineer - Galileo Console,Software Engineer Intern,SF,United States,Onsite,Spring 2026,https://simplify.jobs/c/Galileo-Financial-Technologies?utm_source=GHList&amp;utm_medium=company,https://simplify.jobs/c/Galileo-Financial-Technologies?amp;utm_medium=company,,,Simplify Off-Season,Unverified,Not applied,0,0,0,,2026-07-18T23:04:31+00:00,2026-07-20T16:31:26+00:00,0,,Aggregator URL only
89,Late discovery,2026-01-19T23:01:25+00:00,relative,-4,Nokia,Software Developer AI/ML Intern/Co-op,Software Developer Co-op,"Naperville, IL",United States,Onsite,Spring 2026,https://simplify.jobs/c/Nokia?utm_source=GHList&amp;utm_medium=company,https://simplify.jobs/c/Nokia?amp;utm_medium=company,,,Simplify Off-Season,Unverified,Not applied,0,0,0,,2026-07-18T23:04:31+00:00,2026-07-18T23:16:08+00:00,0,,Aggregator URL only
92,Late discovery,2026-01-19T23:01:25+00:00,relative,-4,Nutanix,Software Engineering Intern - Undergrad ONLY - Distributed systems,Software Engineer Intern,"San Jose, CA",United States,Onsite,Spring 2026,https://simplify.jobs/c/Nutanix?utm_source=GHList&amp;utm_medium=company,https://simplify.jobs/c/Nutanix?amp;utm_medium=company,,,Simplify Off-Season,Unverified,Not applied,0,0,0,,2026-07-18T23:04:31+00:00,2026-07-18T23:16:08+00:00,0,,Aggregator URL only
69,Late discovery,2026-01-19T23:01:25+00:00,relative,-4,Schweitzer Engineering Laboratories,Software Engineer Intern,Software Engineer Intern,"Liberty Lake, WA",United States,Onsite,Spring 2026,https://simplify.jobs/c/SEL?utm_source=GHList&amp;utm_medium=company,https://simplify.jobs/c/SEL?amp;utm_medium=company,,,Simplify Off-Season,Unverified,Not applied,0,0,0,,2026-07-18T23:04:31+00:00,2026-07-20T16:31:26+00:00,0,,Aggregator URL only
82,Late discovery,2026-01-19T23:01:25+00:00,relative,-4,SoFi,Software Engineer Intern,Software Engineer Intern,SF,United States,Onsite,Spring 2026,https://simplify.jobs/c/SoFi?utm_source=GHList&amp;utm_medium=company,https://simplify.jobs/c/SoFi?amp;utm_medium=company,,,Simplify Off-Season,Unverified,Not applied,0,0,0,,2026-07-18T23:04:31+00:00,2026-07-20T16:31:26+00:00,0,,Aggregator URL only
74,Late discovery,2026-01-19T23:01:25+00:00,relative,-4,Tencent,AI Software Engineer Intern,Software Engineer Intern,"Palo Alto, CA",United States,Onsite,Spring 2026,https://simplify.jobs/c/Tencent?utm_source=GHList&amp;utm_medium=company,https://simplify.jobs/c/Tencent?amp;utm_medium=company,,,Simplify Off-Season,Unverified,Not applied,0,0,0,,2026-07-18T23:04:31+00:00,2026-07-20T16:31:26+00:00,0,,Aggregator URL only
79,Late discovery,2026-01-19T23:01:25+00:00,relative,-4,Typeface,Software Engineer Intern,Software Engineer Intern,"Palo Alto, CA Bellevue, WA",United States,Onsite,Spring 2026,https://simplify.jobs/c/Typeface?utm_source=GHList&amp;utm_medium=company,https://simplify.jobs/c/Typeface?amp;utm_medium=company,,,Simplify Off-Season,Unverified,Not applied,0,0,0,,2026-07-18T23:04:31+00:00,2026-07-20T16:31:26+00:00,0,,Aggregator URL only
95,Late discovery,2026-01-19T23:01:25+00:00,relative,-4,Westlake,Software Engineer/Computer Science Intern,Software Engineer Intern,"Longview, TX",United States,Onsite,Spring 2026,https://simplify.jobs/c/Westlake?utm_source=GHList&amp;utm_medium=company,https://simplify.jobs/c/Westlake?amp;utm_medium=company,,,Simplify Off-Season,Unverified,Not applied,0,0,0,,2026-07-18T23:04:31+00:00,2026-07-20T16:31:26+00:00,0,,Aggregator URL only
90,Late discovery,2026-01-19T23:01:25+00:00,relative,-4,CSAA Insurance Group,Software Engineer Intern,Software Engineer Intern,"Glendale, AZ",,Onsite,Spring 2026,https://simplify.jobs/c/CSAA-Insurance-Group?utm_source=GHList&amp;utm_medium=company,https://simplify.jobs/c/CSAA-Insurance-Group?amp;utm_medium=company,,,Simplify Off-Season,Unverified,Not applied,0,0,0,,2026-07-18T23:04:31+00:00,2026-07-20T16:31:26+00:00,0,,Aggregator URL only
88,Late discovery,2026-01-19T23:01:25+00:00,relative,-4,Globus Medical,Software Engineer Intern/Co-op,Software Developer Co-op,"Salem, NH",,Onsite,Spring 2026,https://simplify.jobs/c/Globus-Medical?utm_source=GHList&amp;utm_medium=company,https://simplify.jobs/c/Globus-Medical?amp;utm_medium=company,,,Simplify Off-Season,Unverified,Not applied,0,0,0,,2026-07-18T23:04:31+00:00,2026-07-20T16:31:26+00:00,0,,Aggregator URL only
70,Late discovery,2026-01-19T23:01:25+00:00,relative,-4,Highmark Health,ETDP Intern - Software Engineering,Software Engineer Intern,"Pittsburgh, PA",,Onsite,Spring 2026,https://simplify.jobs/c/Highmark-Health?utm_source=GHList&amp;utm_medium=company,https://simplify.jobs/c/Highmark-Health?amp;utm_medium=company,,,Simplify Off-Season,Unverified,Not applied,0,0,0,,2026-07-18T23:04:31+00:00,2026-07-20T16:31:26+00:00,0,,Aggregator URL only
91,Late discovery,2026-01-19T23:01:25+00:00,relative,-4,KBR,Software Developer Intern - Nss,Software Developer Intern,"Beavercreek, OH",,Onsite,Spring 2026,https://simplify.jobs/c/KBR?utm_source=GHList&amp;utm_medium=company,https://simplify.jobs/c/KBR?amp;utm_medium=company,,,Simplify Off-Season,Unverified,Not applied,0,0,0,,2026-07-18T23:04:31+00:00,2026-07-18T23:16:08+00:00,0,,Aggregator URL only
84,Late discovery,2026-01-19T23:01:25+00:00,relative,-4,Micron Technology,Intern IT Software Engineer,Software Engineer Intern,"Boise, ID",,Onsite,Spring 2026,https://simplify.jobs/c/Micron-Technology?utm_source=GHList&amp;utm_medium=company,https://simplify.jobs/c/Micron-Technology?amp;utm_medium=company,,,Simplify Off-Season,Unverified,Not applied,0,0,0,,2026-07-18T23:04:31+00:00,2026-07-20T16:31:26+00:00,0,,Aggregator URL only
73,Late discovery,2026-01-19T23:01:25+00:00,relative,-4,Minitab,Software Engineering Intern,Software Engineer Intern,"State College, PA",,Onsite,Spring 2026,https://simplify.jobs/c/Minitab?utm_source=GHList&amp;utm_medium=company,https://simplify.jobs/c/Minitab?amp;utm_medium=company,,,Simplify Off-Season,Unverified,Not applied,0,0,0,,2026-07-18T23:04:31+00:00,2026-07-20T16:31:26+00:00,0,,Aggregator URL only
81,Late discovery,2026-01-19T23:01:25+00:00,relative,-4,Scientific Research Corporation,Software Developer Intern,Software Developer Intern,"North Charleston, SC",,Onsite,Spring 2026,https://simplify.jobs/c/Scientific-Research-Corporation?utm_source=GHList&amp;utm_medium=company,https://simplify.jobs/c/Scientific-Research-Corporation?amp;utm_medium=company,,,Simplify Off-Season,Unverified,Not applied,0,0,0,,2026-07-18T23:04:31+00:00,2026-07-20T16:31:26+00:00,0,,Aggregator URL only
85,Late discovery,2026-01-19T23:01:25+00:00,relative,-4,Unisys,2026 Drexel Spring Software Engineer Co-op,Software Developer Co-op,"Ambler, PA",,Onsite,Spring 2026,https://simplify.jobs/c/Unisys?utm_source=GHList&amp;utm_medium=company,https://simplify.jobs/c/Unisys?amp;utm_medium=company,,,Simplify Off-Season,Unverified,Not applied,0,0,0,,2026-07-18T23:04:31+00:00,2026-07-20T16:31:26+00:00,0,,Aggregator URL only
71,Late discovery,2026-01-19T23:01:25+00:00,relative,-4,Visa,Software Engineer Intern,Software Engineer Intern,"Cambridge, UK",,Onsite,Spring 2026,https://simplify.jobs/c/Visa?utm_source=GHList&amp;utm_medium=company,https://simplify.jobs/c/Visa?amp;utm_medium=company,,,Simplify Off-Season,Unverified,Not applied,0,0,0,,2026-07-18T23:04:31+00:00,2026-07-20T16:31:26+00:00,0,,Aggregator URL only
77,Late discovery,2026-01-19T23:01:25+00:00,relative,-4,Woven,Software Engineer – Internship - Tooling,Software Engineer Intern,"Ann Arbor, MI",,Onsite,Winter 2026,https://simplify.jobs/c/Woven-Planet?utm_source=GHList&amp;utm_medium=company,https://simplify.jobs/c/Woven-Planet?amp;utm_medium=company,,,Simplify Off-Season,Unverified,Not applied,0,0,0,,2026-07-18T23:04:31+00:00,2026-07-18T23:16:08+00:00,0,,Aggregator URL only
678,Late discovery,2026-01-16T00:00:00+00:00,date,1,[TikTok](https://lifeattiktok.com/search/7595344466313529653),Frontend Engineer Intern - Ads Interface and Platform,Platform Engineer Intern,"San Jose, CA",United States,Onsite,Summer 2026,https://lifeattiktok.com/search/7595344466313529653,https://lifeattiktok.com/search/7595344466313529653,,,Internship Tracker SWE,Open,Not applied,0,0,0,,2026-07-18T23:16:08+00:00,2026-07-20T16:31:26+00:00,0,,
679,Late discovery,2026-01-16T00:00:00+00:00,date,-3,[TikTok](https://lifeattiktok.com/search/7595733632086591797),Frontend Engineer Intern,Frontend Engineer Intern,"San Jose, CA",United States,Onsite,Summer 2026,https://lifeattiktok.com/search/7595733632086591797,https://lifeattiktok.com/search/7595733632086591797,,,Internship Tracker SWE,Open,Not applied,0,0,0,,2026-07-18T23:16:08+00:00,2026-07-20T16:31:26+00:00,0,,
680,Late discovery,2026-01-15T00:00:00+00:00,date,1,[TikTok](https://lifeattiktok.com/search/7572665884037826869),Software Engineer Intern - Ads Infrastructure,Infrastructure Engineer Intern,"San Jose, CA",United States,Onsite,Summer 2026,https://lifeattiktok.com/search/7572665884037826869,https://lifeattiktok.com/search/7572665884037826869,,,Internship Tracker SWE,Open,Not applied,0,0,0,,2026-07-18T23:16:08+00:00,2026-07-20T16:31:26+00:00,0,,
681,Late discovery,2026-01-15T00:00:00+00:00,date,-1,[TikTok](https://lifeattiktok.com/search/7536042624604997896),Software Engineer Intern - Global Site Reliability Engineer,SRE Intern,"San Jose, CA",United States,Onsite,Summer 2026,https://lifeattiktok.com/search/7536042624604997896,https://lifeattiktok.com/search/7536042624604997896,,,Internship Tracker SWE,Open,Not applied,0,0,0,,2026-07-18T23:16:08+00:00,2026-07-20T16:31:26+00:00,0,,
682,Late discovery,2026-01-15T00:00:00+00:00,date,-1,[TikTok](https://lifeattiktok.com/search/7595306554946193717),Frontend Software Engineer Intern - Ads Measurement Signal and Privacy,Frontend Engineer Intern,"San Jose, CA",United States,Onsite,Summer 2026,https://lifeattiktok.com/search/7595306554946193717,https://lifeattiktok.com/search/7595306554946193717,,,Internship Tracker SWE,Open,Not applied,0,0,0,,2026-07-18T23:16:08+00:00,2026-07-20T16:31:26+00:00,0,,
684,Late discovery,2026-01-07T00:00:00+00:00,date,1,[OpenAI](https://jobs.ashbyhq.com/openai/7613aca3-9dd8-41cd-b114-06ef4de967a9/application),Software Engineer - Cooperative AI,Software Developer Co-op,"Seattle, WA, SF",United States,Onsite,N/A,https://jobs.ashbyhq.com/openai/7613aca3-9dd8-41cd-b114-06ef4de967a9/application,https://jobs.ashbyhq.com/openai/7613aca3-9dd8-41cd-b114-06ef4de967a9/application,7613aca3-9dd8-41cd-b114-06ef4de967a9,ashby,Internship Tracker SWE,Open,Not applied,0,0,0,,2026-07-18T23:16:08+00:00,2026-07-20T16:31:26+00:00,0,,
683,Late discovery,2026-01-07T00:00:00+00:00,date,-1,[TikTok](https://lifeattiktok.com/search/7592368550477465909),General Hire – Software Engineer Intern,Software Engineer Intern,"San Jose, CA",United States,Onsite,Summer 2026,https://lifeattiktok.com/search/7592368550477465909,https://lifeattiktok.com/search/7592368550477465909,,,Internship Tracker SWE,Open,Not applied,0,0,0,,2026-07-18T23:16:08+00:00,2026-07-20T16:31:26+00:00,0,,
685,Late discovery,2025-12-26T00:00:00+00:00,date,-1,[AeroVironment](https://avav.wd1.myworkdayjobs.com/en-US/AVAV/job/20521-Seneca-Meadows-Pkwy-Germantown-MD/Software-Engineering-Intern---Hyper-RF-Division_6367),Software Engineering Intern – Hyper-RF Division,Software Engineer Intern,"Germantown, MD",,Onsite,Summer 2026,https://avav.wd1.myworkdayjobs.com/en-US/AVAV/job/20521-Seneca-Meadows-Pkwy-Germantown-MD/Software-Engineering-Intern---Hyper-RF-Division_6367,https://avav.wd1.myworkdayjobs.com/en-US/AVAV/job/20521-Seneca-Meadows-Pkwy-Germantown-MD/Software-Engineering-Intern---Hyper-RF-Division_6367,20521,workday,Internship Tracker SWE,Open,Not applied,0,0,0,,2026-07-18T23:16:08+00:00,2026-07-20T16:31:26+00:00,0,,
704,Late discovery,2025-12-20T23:16:24+00:00,relative,-1,Shield AI,Software Engineering Intern,Software Engineer Intern,"Dallas, TX",United States,Onsite,Winter 2025,https://simplify.jobs/c/Shield-AI?utm_source=GHList&utm_medium=company,https://simplify.jobs/c/Shield-AI,,,Simplify Off-Season,Open,Not applied,0,0,0,,2026-07-18T23:16:25+00:00,2026-07-20T16:31:26+00:00,0,,
520,Late discovery,2025-12-20T23:16:07+00:00,relative,-1,Danaher Corporation,Software Engineering Intern,Software Engineer Intern,"Oceanside, CA",United States,Onsite,Spring 2026,https://simplify.jobs/c/Danaher-Corporation?utm_source=GHList&utm_medium=company,https://simplify.jobs/c/Danaher-Corporation,,,Simplify Off-Season,Open,Not applied,0,0,0,,2026-07-18T23:16:08+00:00,2026-07-20T16:31:26+00:00,0,,
522,Late discovery,2025-12-20T23:16:07+00:00,relative,-1,Rivian,Software Engineering Intern - System Integration Engineering,Software Engineer Intern,"Palo Alto, CA",United States,Onsite,Winter 2026,https://simplify.jobs/c/Rivian?utm_source=GHList&utm_medium=company,https://simplify.jobs/c/Rivian,,,Simplify Off-Season,Open,Not applied,0,0,0,,2026-07-18T23:16:08+00:00,2026-07-20T16:31:26+00:00,0,,
523,Late discovery,2025-12-20T23:16:07+00:00,relative,-1,Ciena,Software Engineering Intern or Placement,Software Engineer Intern,"Edinburgh, UK",,Onsite,Winter 2025,https://simplify.jobs/c/Ciena?utm_source=GHList&utm_medium=company,https://simplify.jobs/c/Ciena,,,Simplify Off-Season,Open,Not applied,0,0,0,,2026-07-18T23:16:08+00:00,2026-07-20T16:31:26+00:00,0,,
519,Late discovery,2025-12-20T23:16:07+00:00,relative,-1,L3Harris Technologies,Software Engineer Internship - Melbourne - FL,Software Engineer Intern,"Melbourne, FL",,Onsite,Spring 2026,https://simplify.jobs/c/L3Harris-Technologies?utm_source=GHList&utm_medium=company,https://simplify.jobs/c/L3Harris-Technologies,,,Simplify Off-Season,Open,Not applied,0,0,0,,2026-07-18T23:16:08+00:00,2026-07-20T16:31:26+00:00,0,,
521,Late discovery,2025-12-20T23:16:07+00:00,relative,-3,Zoox,Firmware Engineer Intern,Firmware Intern,"San Mateo, CA",United States,Onsite,Spring 2026,https://simplify.jobs/c/Zoox?utm_source=GHList&utm_medium=company,https://simplify.jobs/c/Zoox,,,Simplify Off-Season,Open,Not applied,0,0,0,,2026-07-18T23:16:08+00:00,2026-07-20T16:31:26+00:00,0,,
500,Late discovery,2025-12-20T23:16:06+00:00,relative,2,BMO,Software Developer – Co-op/Intern - 4 months,Software Developer Co-op,"Toronto, ON, Canada",Canada,Onsite,Winter 2026,https://simplify.jobs/c/BMO-Bank?utm_source=GHList&utm_medium=company,https://simplify.jobs/c/BMO-Bank,,,Simplify Off-Season,Open,Not applied,0,0,0,,2026-07-18T23:16:08+00:00,2026-07-20T16:31:26+00:00,0,,
501,Late discovery,2025-12-20T23:16:06+00:00,relative,2,Nokia,Software Engineer Co-op/Intern,Software Developer Co-op,"Ottawa, ON, Canada",Canada,Onsite,Spring 2026,https://simplify.jobs/c/Nokia?utm_source=GHList&utm_medium=company,https://simplify.jobs/c/Nokia,,,Simplify Off-Season,Open,Not applied,0,0,0,,2026-07-18T23:16:08+00:00,2026-07-20T16:31:26+00:00,0,,
496,Late discovery,2025-12-20T23:16:06+00:00,relative,1,Oracle,Advanced Degree Software Engineer Intern - Industries,Software Engineer Intern,United States,United States,Onsite,Spring 2026,https://simplify.jobs/c/Oracle?utm_source=GHList&utm_medium=company,https://simplify.jobs/c/Oracle,,,Simplify Off-Season,Open,Not applied,0,0,0,,2026-07-18T23:16:08+00:00,2026-07-20T16:31:26+00:00,0,,
499,Late discovery,2025-12-20T23:16:06+00:00,relative,-1,Skydio,Software Engineer Intern - Boston,Software Engineer Intern,"Boston, MA",United States,Onsite,Spring 2026,https://simplify.jobs/c/Skydio?utm_source=GHList&utm_medium=company,https://simplify.jobs/c/Skydio,,,Simplify Off-Season; Cursor Agent Monitor,Open,Not applied,0,0,0,,2026-07-18T23:16:08+00:00,2026-07-20T16:37:00+00:00,0,,
498,Late discovery,2025-12-20T23:16:06+00:00,relative,-1,TikTok,Software Engineer Project Intern – Lead Ads - 2026 Start - BS/MS,Software Engineer Intern,"San Jose, CA",United States,Onsite,Spring 2026,https://simplify.jobs/c/TikTok?utm_source=GHList&utm_medium=company,https://simplify.jobs/c/TikTok,,,Simplify Off-Season,Open,Not applied,0,0,0,,2026-07-18T23:16:08+00:00,2026-07-20T16:31:26+00:00,0,,
497,Late discovery,2025-12-20T23:16:06+00:00,relative,-1,KBR,National Security Solutions – Software Engineering Intern - Nss,Security Engineering Intern,"Beavercreek, OH",,Onsite,Spring 2026,https://simplify.jobs/c/KBR?utm_source=GHList&utm_medium=company,https://simplify.jobs/c/KBR,,,Simplify Off-Season,Open,Not applied,0,0,0,,2026-07-18T23:16:08+00:00,2026-07-20T16:31:26+00:00,0,,
502,Late discovery,2025-12-20T23:16:06+00:00,relative,-1,Nutanix,Software Engineering Intern - C++ - Linux,Software Engineer Intern,"Durham, NC",,Onsite,Winter 2025,https://simplify.jobs/c/Nutanix?utm_source=GHList&utm_medium=company,https://simplify.jobs/c/Nutanix,,,Simplify Off-Season,Open,Not applied,0,0,0,,2026-07-18T23:16:08+00:00,2026-07-20T16:31:26+00:00,0,,
194,Late discovery,2025-12-20T23:01:27+00:00,relative,-1,Tenstorrent,Software Engineer – Metal Runtime Intern/PEY - Metal Runtime,Software Engineer Intern,"Toronto, ON, Canada",Canada,Onsite,Spring 2026,https://simplify.jobs/c/Tenstorrent?utm_source=GHList&amp;utm_medium=company,https://simplify.jobs/c/Tenstorrent?amp;utm_medium=company,,,Simplify Off-Season,Unverified,Not applied,0,0,0,,2026-07-18T23:04:31+00:00,2026-07-20T16:31:26+00:00,0,,Aggregator URL only
195,Late discovery,2025-12-20T23:01:27+00:00,relative,-4,Forterra,Software Intern,Software Engineer Intern,"Germantown, MD",,Onsite,Winter 2025,https://simplify.jobs/c/Forterra?utm_source=GHList&amp;utm_medium=company,https://simplify.jobs/c/Forterra?amp;utm_medium=company,,,Simplify Off-Season,Unverified,Not applied,0,0,0,,2026-07-18T23:04:31+00:00,2026-07-20T16:31:26+00:00,0,,Aggregator URL only
192,Late discovery,2025-12-20T23:01:27+00:00,relative,-6,Honeywell,Intern – Embedded Firmware Engineer,Embedded Software Intern,"Crawley, UK",,Onsite,Spring 2026,https://simplify.jobs/c/Honeywell?utm_source=GHList&amp;utm_medium=company,https://simplify.jobs/c/Honeywell?amp;utm_medium=company,,,Simplify Off-Season,Unverified,Not applied,0,0,0,,2026-07-18T23:04:31+00:00,2026-07-20T16:31:26+00:00,0,,Aggregator URL only
193,Late discovery,2025-12-20T23:01:27+00:00,relative,-6,Inspire Medical Systems,Firmware Engineering Intern,Firmware Intern,"Minneapolis, MN",,Onsite,Spring 2026,https://simplify.jobs/c/Inspire-Medical-Systems?utm_source=GHList&amp;utm_medium=company,https://simplify.jobs/c/Inspire-Medical-Systems?amp;utm_medium=company,,,Simplify Off-Season,Unverified,Not applied,0,0,0,,2026-07-18T23:04:31+00:00,2026-07-20T16:31:26+00:00,0,,Aggregator URL only
108,Late discovery,2025-12-20T23:01:26+00:00,relative,1,DataVisor,Backend Software Engineer Internship Winter 2026,Backend Engineer Intern,"Vancouver, BC, Canada",Canada,Onsite,Winter 2026,https://simplify.jobs/c/DataVisor?utm_source=GHList&amp;utm_medium=company,https://simplify.jobs/c/DataVisor?amp;utm_medium=company,,,Simplify Off-Season,Unverified,Not applied,0,0,0,,2026-07-18T23:04:31+00:00,2026-07-18T23:16:08+00:00,0,,Aggregator URL only
130,Late discovery,2025-12-20T23:01:26+00:00,relative,-1,Altera Corporation,Software Engineer – Intern,Software Engineer Intern,"Toronto, ON, Canada",Canada,Onsite,Winter 2025,https://simplify.jobs/c/Altera-Corporation?utm_source=GHList&amp;utm_medium=company,https://simplify.jobs/c/Altera-Corporation?amp;utm_medium=company,,,Simplify Off-Season,Unverified,Not applied,0,0,0,,2026-07-18T23:04:31+00:00,2026-07-18T23:16:08+00:00,0,,Aggregator URL only
106,Late discovery,2025-12-20T23:01:26+00:00,relative,-1,Constant Contact,Software Engineer Co-op,Software Developer Co-op,"Kitchener, ON, Canada",Canada,Onsite,Spring 2026,https://simplify.jobs/c/Constant-Contact?utm_source=GHList&amp;utm_medium=company,https://simplify.jobs/c/Constant-Contact?amp;utm_medium=company,,,Simplify Off-Season,Unverified,Not applied,0,0,0,,2026-07-18T23:04:31+00:00,2026-07-20T16:31:26+00:00,0,,Aggregator URL only
109,Late discovery,2025-12-20T23:01:26+00:00,relative,-1,Dialpad,Software Engineer Coop,Software Developer Co-op,"Kitchener, ON, Canada Vancouver, BC, Canada",Canada,Onsite,Winter 2026,https://simplify.jobs/c/Dialpad?utm_source=GHList&amp;utm_medium=company,https://simplify.jobs/c/Dialpad?amp;utm_medium=company,,,Simplify Off-Season,Unverified,Not applied,0,0,0,,2026-07-18T23:04:31+00:00,2026-07-20T16:31:26+00:00,0,,Aggregator URL only
111,Late discovery,2025-12-20T23:01:26+00:00,relative,-1,Magna,Software Engineering Co-op,Software Developer Co-op,"Newmarket, ON, Canada",Canada,Onsite,Winter 2026,https://simplify.jobs/c/Magna?utm_source=GHList&amp;utm_medium=company,https://simplify.jobs/c/Magna?amp;utm_medium=company,,,Simplify Off-Season,Unverified,Not applied,0,0,0,,2026-07-18T23:04:31+00:00,2026-07-20T16:31:26+00:00,0,,Aggregator URL only
114,Late discovery,2025-12-20T23:01:26+00:00,relative,-1,Zebra Technologies,Intern - Software Developer - Corporate and Business Services,Software Developer Intern,"Montréal, QC, Canada",Canada,Onsite,Winter 2026,https://simplify.jobs/c/Zebra-Technologies?utm_source=GHList&amp;utm_medium=company,https://simplify.jobs/c/Zebra-Technologies?amp;utm_medium=company,,,Simplify Off-Season,Unverified,Not applied,0,0,0,,2026-07-18T23:04:31+00:00,2026-07-20T16:31:26+00:00,0,,Aggregator URL only
123,Late discovery,2025-12-20T23:01:26+00:00,relative,-2,Walrus,Full Stack Developer Intern,Full Stack Engineer Intern,Remote in USA NYC,United States,Remote,"Winter 2026, Spring 2028",https://simplify.jobs/c/Walrus?utm_source=GHList&amp;utm_medium=company,https://simplify.jobs/c/Walrus?amp;utm_medium=company,,,Simplify Off-Season,Unverified,Not applied,0,0,0,,2026-07-18T23:04:31+00:00,2026-07-20T16:31:26+00:00,0,,Aggregator URL only
105,Late discovery,2025-12-20T23:01:26+00:00,relative,-2,Optiver,Software Engineer Intern - Summer 2026 - Austin,Software Engineer Intern,"Austin, TX Chicago, IL",United States,Onsite,Spring 2026,https://simplify.jobs/c/Optiver?utm_source=GHList&amp;utm_medium=company,https://simplify.jobs/c/Optiver?amp;utm_medium=company,,,Simplify Off-Season,Unverified,Not applied,0,0,0,,2026-07-18T23:04:31+00:00,2026-07-20T16:31:26+00:00,0,,Aggregator URL only
116,Late discovery,2025-12-20T23:01:26+00:00,relative,-4,Carrier Global,Software Engineering Intern - Summer,Software Engineer Intern,"East Syracuse, NY",United States,Onsite,Spring 2026,https://simplify.jobs/c/Carrier-Global?utm_source=GHList&amp;utm_medium=company,https://simplify.jobs/c/Carrier-Global?amp;utm_medium=company,,,Simplify Off-Season,Unverified,Not applied,0,0,0,,2026-07-18T23:04:31+00:00,2026-07-20T16:31:26+00:00,0,,Aggregator URL only
188,Late discovery,2025-12-20T23:01:26+00:00,relative,-4,Collaborative Robotics,Software Engineer Intern - Robotics,Software Engineer Intern,"Santa Clara, CA",United States,Onsite,Spring 2026,https://simplify.jobs/c/Collaborative-Robotics?utm_source=GHList&amp;utm_medium=company,https://simplify.jobs/c/Collaborative-Robotics?amp;utm_medium=company,,,Simplify Off-Season,Unverified,Not applied,0,0,0,,2026-07-18T23:04:31+00:00,2026-07-20T16:31:26+00:00,0,,Aggregator URL only
189,Late discovery,2025-12-20T23:01:26+00:00,relative,-4,Intuitive Surgical,Manufacturing Software Engineering Intern,Software Engineer Intern,"Sunnyvale, CA",United States,Onsite,Spring 2026,https://simplify.jobs/c/Intuitive-Surgical?utm_source=GHList&amp;utm_medium=company,https://simplify.jobs/c/Intuitive-Surgical?amp;utm_medium=company,,,Simplify Off-Season,Unverified,Not applied,0,0,0,,2026-07-18T23:04:31+00:00,2026-07-20T16:31:26+00:00,0,,Aggregator URL only
120,Late discovery,2025-12-20T23:01:26+00:00,relative,-4,Neuralink,Software Engineer Intern - BCI Applications,Software Engineer Intern,"Fremont, CA",United States,Onsite,Winter 2025,https://simplify.jobs/c/Neuralink?utm_source=GHList&amp;utm_medium=company,https://simplify.jobs/c/Neuralink?amp;utm_medium=company,,,Simplify Off-Season,Unverified,Not applied,0,0,0,,2026-07-18T23:04:31+00:00,2026-07-20T16:31:26+00:00,0,,Aggregator URL only
122,Late discovery,2025-12-20T23:01:26+00:00,relative,-4,Shield AI,Intern - Hardware Test - Software Engineering,Software Engineer Intern,"Dallas, TX",United States,Onsite,Winter 2025,https://simplify.jobs/c/Shield-AI?utm_source=GHList&amp;utm_medium=company,https://simplify.jobs/c/Shield-AI?amp;utm_medium=company,,,Simplify Off-Season,Unverified,Not applied,0,0,0,,2026-07-18T23:04:31+00:00,2026-07-18T23:16:25+00:00,0,,Aggregator URL only
118,Late discovery,2025-12-20T23:01:26+00:00,relative,-4,Simular,Software Engineer Intern,Software Engineer Intern,"Palo Alto, CA",United States,Onsite,Spring 2026,https://simplify.jobs/c/Simular?utm_source=GHList&amp;utm_medium=company,https://simplify.jobs/c/Simular?amp;utm_medium=company,,,Simplify Off-Season,Unverified,Not applied,0,0,0,,2026-07-18T23:04:31+00:00,2026-07-20T16:31:26+00:00,0,,Aggregator URL only
110,Late discovery,2025-12-20T23:01:26+00:00,relative,-4,The Walt Disney Company,Software Engineering AI Intern,Software Engineer Intern,"Glendale, CA",United States,Onsite,Spring 2026,https://simplify.jobs/c/Disney?utm_source=GHList&amp;utm_medium=company,https://simplify.jobs/c/Disney?amp;utm_medium=company,,,Simplify Off-Season,Unverified,Not applied,0,0,0,,2026-07-18T23:04:31+00:00,2026-07-20T16:31:26+00:00,0,,Aggregator URL only
113,Late discovery,2025-12-20T23:01:26+00:00,relative,-4,Ascend Learning,Software Engineer Internship - SRE,SRE Intern,"Leawood, KS",,Onsite,Spring 2026,https://simplify.jobs/c/Ascend-Learning?utm_source=GHList&amp;utm_medium=company,https://simplify.jobs/c/Ascend-Learning?amp;utm_medium=company,,,Simplify Off-Season,Unverified,Not applied,0,0,0,,2026-07-18T23:04:31+00:00,2026-07-20T16:31:26+00:00,0,,Aggregator URL only
121,Late discovery,2025-12-20T23:01:26+00:00,relative,-4,Danaher Corporation,Software Engineer Intern,Software Engineer Intern,"Chaska, MN",,Onsite,Winter 2025,https://simplify.jobs/c/Danaher-Corporation?utm_source=GHList&amp;utm_medium=company,https://simplify.jobs/c/Danaher-Corporation?amp;utm_medium=company,,,Simplify Off-Season,Unverified,Not applied,0,0,0,,2026-07-18T23:04:31+00:00,2026-07-18T23:16:08+00:00,0,,Aggregator URL only
107,Late discovery,2025-12-20T23:01:26+00:00,relative,-4,Dematic,Software Engineering Intern,Software Engineer Intern,"Grand Rapids, MI",,Onsite,Spring 2026,https://simplify.jobs/c/Dematic?utm_source=GHList&amp;utm_medium=company,https://simplify.jobs/c/Dematic?amp;utm_medium=company,,,Simplify Off-Season,Unverified,Not applied,0,0,0,,2026-07-18T23:04:31+00:00,2026-07-20T16:31:26+00:00,0,,Aggregator URL only
115,Late discovery,2025-12-20T23:01:26+00:00,relative,-4,Employee Navigator,Software Engineer Intern,Software Engineer Intern,"Bethesda, MD",,Onsite,Spring 2026,https://simplify.jobs/c/057d6a38-ad60-41e8-9856-87fd62f64315?utm_source=GHList&amp;utm_medium=company,https://simplify.jobs/c/057d6a38-ad60-41e8-9856-87fd62f64315?amp;utm_medium=company,057d6a38-ad60-41e8-9856-87fd62f64315,,Simplify Off-Season,Unverified,Not applied,0,0,0,,2026-07-18T23:04:31+00:00,2026-07-20T16:31:26+00:00,0,,Aggregator URL only
125,Late discovery,2025-12-20T23:01:26+00:00,relative,-4,Gas South,Software Engineering Intern,Software Engineer Intern,"Atlanta, GA",,Onsite,Winter 2025,https://simplify.jobs/c/ff06bdb4-52b3-402b-a26c-0d79ee9202a6?utm_source=GHList&amp;utm_medium=company,https://simplify.jobs/c/ff06bdb4-52b3-402b-a26c-0d79ee9202a6?amp;utm_medium=company,ff06bdb4-52b3-402b-a26c-0d79ee9202a6,,Simplify Off-Season,Unverified,Not applied,0,0,0,,2026-07-18T23:04:31+00:00,2026-07-20T16:31:26+00:00,0,,Aggregator URL only
187,Late discovery,2025-12-20T23:01:26+00:00,relative,-4,General Motors,2026 Summer Intern - Software Engineer - Mapping Software Team,Software Engineer Intern,"Warren, MI",,Onsite,Spring 2026,https://simplify.jobs/c/General-Motors?utm_source=GHList&amp;utm_medium=company,https://simplify.jobs/c/General-Motors?amp;utm_medium=company,,,Simplify Off-Season,Unverified,Not applied,0,0,0,,2026-07-18T23:04:31+00:00,2026-07-20T16:31:26+00:00,0,,Aggregator URL only
129,Late discovery,2025-12-20T23:01:26+00:00,relative,-4,Kimley-Horn,Software Engineer Intern,Software Engineer Intern,"Norcross, GA",,Onsite,Winter 2025,https://simplify.jobs/c/Kimley-Horn?utm_source=GHList&amp;utm_medium=company,https://simplify.jobs/c/Kimley-Horn?amp;utm_medium=company,,,Simplify Off-Season,Unverified,Not applied,0,0,0,,2026-07-18T23:04:31+00:00,2026-07-19T01:48:15+00:00,0,,Aggregator URL only
124,Late discovery,2025-12-20T23:01:26+00:00,relative,-4,Machina Labs,Frontend Software Engineer – Intern,Frontend Engineer Intern,"Canoga Park, LA",,Onsite,Winter 2025,https://simplify.jobs/c/MachinaLabs?utm_source=GHList&amp;utm_medium=company,https://simplify.jobs/c/MachinaLabs?amp;utm_medium=company,,,Simplify Off-Season,Unverified,Not applied,0,0,0,,2026-07-18T23:04:31+00:00,2026-07-20T16:31:26+00:00,0,,Aggregator URL only
127,Late discovery,2025-12-20T23:01:26+00:00,relative,-4,Radiance Technologies,R&D Software Engineer/Computer Scientist Intern,Software Engineer Intern,"Huntsville, AL",,Onsite,Winter 2025,https://simplify.jobs/c/Radiance-Technologies?utm_source=GHList&amp;utm_medium=company,https://simplify.jobs/c/Radiance-Technologies?amp;utm_medium=company,,,Simplify Off-Season,Unverified,Not applied,0,0,0,,2026-07-18T23:04:31+00:00,2026-07-19T01:48:15+00:00,0,,Aggregator URL only
128,Late discovery,2025-12-20T23:01:26+00:00,relative,-4,Root Access,Software Engineer Intern,Software Engineer Intern,NYC,,Onsite,Winter 2025,https://simplify.jobs/c/Root-Access?utm_source=GHList&amp;utm_medium=company,https://simplify.jobs/c/Root-Access?amp;utm_medium=company,,,Simplify Off-Season,Unverified,Not applied,0,0,0,,2026-07-18T23:04:31+00:00,2026-07-18T23:16:08+00:00,0,,Aggregator URL only
117,Late discovery,2025-12-20T23:01:26+00:00,relative,-4,Serco North America,Software Engineer Intern,Software Engineer Intern,"Newport, RI Warwick, RI",,Onsite,Spring 2026,https://simplify.jobs/c/Serco-North-America?utm_source=GHList&amp;utm_medium=company,https://simplify.jobs/c/Serco-North-America?amp;utm_medium=company,,,Simplify Off-Season,Unverified,Not applied,0,0,0,,2026-07-18T23:04:31+00:00,2026-07-20T16:31:26+00:00,0,,Aggregator URL only
112,Late discovery,2025-12-20T23:01:26+00:00,relative,-4,Trellix,Undergraduate Intern - Months - Software Engineering,Software Engineer Intern,"Aylesbury, UK",,Onsite,Spring 2026,https://simplify.jobs/c/Trellix?utm_source=GHList&amp;utm_medium=company,https://simplify.jobs/c/Trellix?amp;utm_medium=company,,,Simplify Off-Season,Unverified,Not applied,0,0,0,,2026-07-18T23:04:31+00:00,2026-07-20T16:31:26+00:00,0,,Aggregator URL only
119,Late discovery,2025-12-20T23:01:26+00:00,relative,-4,Trimble,Software Engineer Intern,Software Engineer Intern,"Portland, OR",,Onsite,Spring 2026,https://simplify.jobs/c/Trimble?utm_source=GHList&amp;utm_medium=company,https://simplify.jobs/c/Trimble?amp;utm_medium=company,,,Simplify Off-Season,Unverified,Not applied,0,0,0,,2026-07-18T23:04:31+00:00,2026-07-20T16:31:26+00:00,0,,Aggregator URL only
126,Late discovery,2025-12-20T23:01:26+00:00,relative,-6,Match Group,Android Engineer Intern,Mobile Engineer Intern,"Palo Alto, CA LA",United States,Onsite,Winter 2025,https://simplify.jobs/c/Match-Group?utm_source=GHList&amp;utm_medium=company,https://simplify.jobs/c/Match-Group?amp;utm_medium=company,,,Simplify Off-Season,Unverified,Not applied,0,0,0,,2026-07-18T23:04:31+00:00,2026-07-19T01:48:15+00:00,0,,Aggregator URL only
190,Late discovery,2025-12-20T23:01:26+00:00,relative,-6,Seagate Technology,Firmware Development Engineer Intern,Firmware Intern,"Longmont, CO",,Onsite,Spring 2026,https://simplify.jobs/c/Seagate-Technology?utm_source=GHList&amp;utm_medium=company,https://simplify.jobs/c/Seagate-Technology?amp;utm_medium=company,,,Simplify Off-Season,Unverified,Not applied,0,0,0,,2026-07-18T23:04:31+00:00,2026-07-20T16:31:26+00:00,0,,Aggregator URL only
191,Late discovery,2025-12-20T23:01:26+00:00,relative,-6,UntilLabs,Embedded Software Intern - Winter 2026,Embedded Software Intern,California,,Onsite,Winter 2026,https://simplify.jobs/c/UntilLabs?utm_source=GHList&amp;utm_medium=company,https://simplify.jobs/c/UntilLabs?amp;utm_medium=company,,,Simplify Off-Season,Unverified,Not applied,0,0,0,,2026-07-18T23:04:31+00:00,2026-07-20T16:31:26+00:00,0,,Aggregator URL only
97,Late discovery,2025-12-20T23:01:25+00:00,relative,-2,Eulerity,Backend Developer Intern,Backend Engineer Intern,NYC,,Onsite,"Winter 2026, Spring 2026",https://simplify.jobs/c/Eulerity?utm_source=GHList&amp;utm_medium=company,https://simplify.jobs/c/Eulerity?amp;utm_medium=company,,,Simplify Off-Season,Unverified,Not applied,0,0,0,,2026-07-18T23:04:31+00:00,2026-07-20T16:31:26+00:00,0,,Aggregator URL only
96,Late discovery,2025-12-20T23:01:25+00:00,relative,-4,ASML,Internship - Software Engineering,Software Engineer Intern,"San Jose, CA",United States,Onsite,Spring 2026,https://simplify.jobs/c/ASML?utm_source=GHList&amp;utm_medium=company,https://simplify.jobs/c/ASML?amp;utm_medium=company,,,Simplify Off-Season,Unverified,Not applied,0,0,0,,2026-07-18T23:04:31+00:00,2026-07-18T23:16:08+00:00,0,,Aggregator URL only
100,Late discovery,2025-12-20T23:01:25+00:00,relative,-4,Ambarella,Software Engineer Intern,Software Engineer Intern,United States,United States,Onsite,Spring 2026,https://simplify.jobs/c/Ambarella?utm_source=GHList&amp;utm_medium=company,https://simplify.jobs/c/Ambarella?amp;utm_medium=company,,,Simplify Off-Season,Unverified,Not applied,0,0,0,,2026-07-18T23:04:31+00:00,2026-07-20T16:31:26+00:00,0,,Aggregator URL only
98,Late discovery,2025-12-20T23:01:25+00:00,relative,-4,Astranis,Software Developer – Network Software Intern - Spring 2026,Software Developer Intern,SF,United States,Onsite,Spring 2026,https://simplify.jobs/c/Astranis?utm_source=GHList&amp;utm_medium=company,https://simplify.jobs/c/Astranis?amp;utm_medium=company,,,Simplify Off-Season,Unverified,Not applied,0,0,0,,2026-07-18T23:04:31+00:00,2026-07-18T23:16:08+00:00,0,,Aggregator URL only
101,Late discovery,2025-12-20T23:01:25+00:00,relative,-4,Ripple,Software Engineer Intern - Summer 2026,Software Engineer Intern,SF,United States,Onsite,Spring 2026,https://simplify.jobs/c/Ripple?utm_source=GHList&amp;utm_medium=company,https://simplify.jobs/c/Ripple?amp;utm_medium=company,,,Simplify Off-Season,Unverified,Not applied,0,0,0,,2026-07-18T23:04:31+00:00,2026-07-20T16:31:26+00:00,0,,Aggregator URL only
102,Late discovery,2025-12-20T23:01:25+00:00,relative,-4,Roku,Software Engineer Intern,Software Engineer Intern,"Austin, TX",United States,Onsite,Spring 2026,https://simplify.jobs/c/Roku?utm_source=GHList&amp;utm_medium=company,https://simplify.jobs/c/Roku?amp;utm_medium=company,,,Simplify Off-Season,Unverified,Not applied,0,0,0,,2026-07-18T23:04:31+00:00,2026-07-20T16:31:26+00:00,0,,Aggregator URL only
104,Late discovery,2025-12-20T23:01:25+00:00,relative,-4,Sentra,Software Engineer Intern,Software Engineer Intern,SF,United States,Onsite,Spring 2026,https://simplify.jobs/c/Sentra?utm_source=GHList&amp;utm_medium=company,https://simplify.jobs/c/Sentra?amp;utm_medium=company,,,Simplify Off-Season,Unverified,Not applied,0,0,0,,2026-07-18T23:04:31+00:00,2026-07-20T16:31:26+00:00,0,,Aggregator URL only
99,Late discovery,2025-12-20T23:01:25+00:00,relative,-4,CVS Health,Software Engineer – Grad Intern Conversion,Software Engineer Intern,NYC,,Onsite,Spring 2026,https://simplify.jobs/c/CVS-Health?utm_source=GHList&amp;utm_medium=company,https://simplify.jobs/c/CVS-Health?amp;utm_medium=company,,,Simplify Off-Season,Unverified,Not applied,0,0,0,,2026-07-18T23:04:31+00:00,2026-07-20T16:31:26+00:00,0,,Aggregator URL only
103,Late discovery,2025-12-20T23:01:25+00:00,relative,-4,Tiffany & Co.,Software Development Intern - Software Developer,Software Developer Intern,"Parsippany-Troy Hills, NJ",,Onsite,Spring 2026,https://simplify.jobs/c/Tiffany-And-Co?utm_source=GHList&amp;utm_medium=company,https://simplify.jobs/c/Tiffany-And-Co?amp;utm_medium=company,,,Simplify Off-Season,Unverified,Not applied,0,0,0,,2026-07-18T23:04:31+00:00,2026-07-20T16:31:26+00:00,0,,Aggregator URL only
686,Late discovery,2025-12-20T00:00:00+00:00,date,1,[Oracle](https://eeho.fa.us2.oraclecloud.com/hcmUI/CandidateExperience/en/sites/CX_45001/job/320947),Advanced Degree Software Engineer Intern - Industries,Software Engineer Intern,United States,United States,Onsite,Spring 2026,https://eeho.fa.us2.oraclecloud.com/hcmUI/CandidateExperience/en/sites/CX_45001/job/320947,https://eeho.fa.us2.oraclecloud.com/hcmUI/CandidateExperience/en/sites/CX_45001/job/320947,320947,,Internship Tracker SWE,Open,Not applied,0,0,0,,2026-07-18T23:16:08+00:00,2026-07-20T16:31:26+00:00,0,,
687,Late discovery,2025-12-16T00:00:00+00:00,date,1,[Symmetry Systems](https://jobs.lever.co/SymmetrySystems/dbca271b-a99b-48ab-83f2-b596a037ad65/apply),Full Stack Software Engineer Intern,Full Stack Engineer Intern,Remote in USA,United States,Remote,Summer 2026,https://jobs.lever.co/SymmetrySystems/dbca271b-a99b-48ab-83f2-b596a037ad65/apply,https://jobs.lever.co/SymmetrySystems/dbca271b-a99b-48ab-83f2-b596a037ad65/apply,dbca271b-a99b-48ab-83f2-b596a037ad65,lever,Internship Tracker SWE,Open,Not applied,0,0,0,,2026-07-18T23:16:08+00:00,2026-07-20T16:31:26+00:00,0,,
688,Late discovery,2025-12-16T00:00:00+00:00,date,1,[BAE Systems](https://jobs.baesystems.com/global/en/job/BAE1US119401BREXTERNAL/Summer-Software-Intern),Summer Software Intern,Software Engineer Intern,"Fort Wayne, IN",,Onsite,Summer 2026,https://jobs.baesystems.com/global/en/job/BAE1US119401BREXTERNAL/Summer-Software-Intern,https://jobs.baesystems.com/global/en/job/BAE1US119401BREXTERNAL/Summer-Software-Intern,,,Internship Tracker SWE,Open,Not applied,0,0,0,,2026-07-18T23:16:08+00:00,2026-07-20T16:31:26+00:00,0,,
689,Late discovery,2025-12-15T00:00:00+00:00,date,-1,[TikTok](https://lifeattiktok.com/search/7584179082162653445),Software Engineer Project Intern – Lead Ads - 2026 Start - BS/MS,Software Engineer Intern,"San Jose, CA",United States,Onsite,Spring 2026,https://lifeattiktok.com/search/7584179082162653445,https://lifeattiktok.com/search/7584179082162653445,,,Internship Tracker SWE,Open,Not applied,0,0,0,,2026-07-18T23:16:08+00:00,2026-07-20T16:31:26+00:00,0,,
690,Late discovery,2025-12-12T00:00:00+00:00,date,1,[Palantir](https://jobs.lever.co/palantir/315f695d-04d1-4a9a-848e-cb2bec7a997e/apply),Forward Deployed Software Engineer – Internship - US Government,Software Engineer Intern,"Honolulu, HI",,Onsite,"Winter 2027, Spring 2027, Summer 2027, Fall 2027",https://jobs.lever.co/palantir/315f695d-04d1-4a9a-848e-cb2bec7a997e/apply,https://jobs.lever.co/palantir/315f695d-04d1-4a9a-848e-cb2bec7a997e/apply,315f695d-04d1-4a9a-848e-cb2bec7a997e,lever,Internship Tracker SWE,Open,Not applied,0,0,0,,2026-07-18T23:16:08+00:00,2026-07-20T16:31:26+00:00,0,,
691,Late discovery,2025-12-10T00:00:00+00:00,date,-3,[Westinghouse](https://careers.westinghousenuclear.com/job/Shoreview-Software-Engineering-Intern-Summer-2026-MN-55126/1348239000/),Software Engineering Intern,Software Engineer Intern,"Shoreview, MN",,Onsite,Summer 2026,https://careers.westinghousenuclear.com/job/Shoreview-Software-Engineering-Intern-Summer-2026-MN-55126/1348239000/,https://careers.westinghousenuclear.com/job/Shoreview-Software-Engineering-Intern-Summer-2026-MN-55126/1348239000,,,Internship Tracker SWE,Open,Not applied,0,0,1,Export-control eligibility required,2026-07-18T23:16:08+00:00,2026-07-20T16:31:26+00:00,0,,
692,Late discovery,2025-12-09T00:00:00+00:00,date,-1,[Etched.ai](https://jobs.ashbyhq.com/etched/605c286d-be56-4e83-83b8-436d29ce17df),Software Intern,Software Engineer Intern,"San Jose, CA",United States,Onsite,Summer 2026,https://jobs.ashbyhq.com/etched/605c286d-be56-4e83-83b8-436d29ce17df,https://jobs.ashbyhq.com/etched/605c286d-be56-4e83-83b8-436d29ce17df,605c286d-be56-4e83-83b8-436d29ce17df,ashby,Internship Tracker SWE,Open,Not applied,0,0,0,,2026-07-18T23:16:08+00:00,2026-07-20T16:31:26+00:00,0,,
693,Late discovery,2025-12-03T00:00:00+00:00,date,-1,[Simular](https://jobs.ashbyhq.com/Simular/063f177b-c3f2-44d2-8eeb-622a977e7d5a/application),Software Engineer Intern,Software Engineer Intern,"Palo Alto, CA",United States,Onsite,Spring 2026,https://jobs.ashbyhq.com/Simular/063f177b-c3f2-44d2-8eeb-622a977e7d5a/application,https://jobs.ashbyhq.com/Simular/063f177b-c3f2-44d2-8eeb-622a977e7d5a/application,063f177b-c3f2-44d2-8eeb-622a977e7d5a,ashby,Internship Tracker SWE,Open,Not applied,0,0,0,,2026-07-18T23:16:08+00:00,2026-07-20T16:31:26+00:00,0,,
694,Late discovery,2025-12-02T00:00:00+00:00,date,-1,[TikTok](https://lifeattiktok.com/search/7572358528171510069),GPU/AI Application System Software Engineer Intern - System Technologies and Engineering - 2026 Summer,Software Engineer Intern,"San Jose, CA",United States,Onsite,Spring 2026,https://lifeattiktok.com/search/7572358528171510069,https://lifeattiktok.com/search/7572358528171510069,,,Internship Tracker SWE,Open,Not applied,0,0,0,,2026-07-18T23:16:08+00:00,2026-07-20T16:31:26+00:00,0,,
695,Late discovery,2025-11-28T00:00:00+00:00,date,-1,[ByteDance](https://jobs.bytedance.com/en/position/7533369475380070663/detail),Software Engineer Intern - Payment Network - Global Payment,Software Engineer Intern,"Seattle, WA",United States,Onsite,Summer 2026,https://jobs.bytedance.com/en/position/7533369475380070663/detail,https://jobs.bytedance.com/en/position/7533369475380070663/detail,,,Internship Tracker SWE,Open,Not applied,0,0,0,,2026-07-18T23:16:08+00:00,2026-07-20T16:31:26+00:00,0,,
696,Late discovery,2025-11-27T00:00:00+00:00,date,-1,[Dandy](https://jobs.ashbyhq.com/dandy/d8491a88-fa90-4299-afb0-af3a2121663f),"Software Engineer, Intern",Software Engineer Intern,"New York, NY",United States,Onsite,Summer 2026,https://jobs.ashbyhq.com/dandy/d8491a88-fa90-4299-afb0-af3a2121663f,https://jobs.ashbyhq.com/dandy/d8491a88-fa90-4299-afb0-af3a2121663f,d8491a88-fa90-4299-afb0-af3a2121663f,ashby,Internship Tracker SWE,Open,Not applied,0,0,0,,2026-07-18T23:16:08+00:00,2026-07-20T16:31:26+00:00,0,,
697,Late discovery,2025-11-25T00:00:00+00:00,date,1,[BAE Systems](https://jobs.baesystems.com/global/en/job/BAE1US118688BREXTERNAL/Software-Intern-Summer-2026),"Software Intern, Summer 2026",Software Engineer Intern,"Totowa, NJ",,Onsite,Summer 2026,https://jobs.baesystems.com/global/en/job/BAE1US118688BREXTERNAL/Software-Intern-Summer-2026,https://jobs.baesystems.com/global/en/job/BAE1US118688BREXTERNAL/Software-Intern-Summer-2026,,,Internship Tracker SWE,Open,Not applied,0,0,0,,2026-07-18T23:16:08+00:00,2026-07-20T16:31:26+00:00,0,,
699,Late discovery,2025-11-24T00:00:00+00:00,date,1,[Walrus](https://jobs.ashbyhq.com/walrusfi/99c93c0e-ed9a-4e41-862a-0cdbe71d7d54),Full Stack Developer Intern,Full Stack Engineer Intern,"New York, NY",United States,Onsite,Summer 2026,https://jobs.ashbyhq.com/walrusfi/99c93c0e-ed9a-4e41-862a-0cdbe71d7d54,https://jobs.ashbyhq.com/walrusfi/99c93c0e-ed9a-4e41-862a-0cdbe71d7d54,99c93c0e-ed9a-4e41-862a-0cdbe71d7d54,ashby,Internship Tracker SWE,Open,Not applied,0,0,0,,2026-07-18T23:16:08+00:00,2026-07-20T16:31:26+00:00,0,,
698,Late discovery,2025-11-24T00:00:00+00:00,date,-1,[TENEX.AI](https://jobs.ashbyhq.com/tenex/fbfefd5c-ae95-4a71-8a75-e2b61facb304),Software Engineer Intern,Software Engineer Intern,"San Jose, CA",United States,Onsite,Summer 2026,https://jobs.ashbyhq.com/tenex/fbfefd5c-ae95-4a71-8a75-e2b61facb304,https://jobs.ashbyhq.com/tenex/fbfefd5c-ae95-4a71-8a75-e2b61facb304,fbfefd5c-ae95-4a71-8a75-e2b61facb304,ashby,Internship Tracker SWE,Open,Not applied,0,0,0,,2026-07-18T23:16:08+00:00,2026-07-20T16:31:26+00:00,0,,
789,Late discovery,,unknown,0,NationGraph,Winter 2027 Software Engineering Intern,Software Engineer Intern,"Toronto, ON, Canada",Canada/US,Onsite,Winter 2027,https://jobs.ashbyhq.com/nationgraph/a1bcdd3e-d863-42b6-8469-ec587190ad68,https://jobs.ashbyhq.com/nationgraph/a1bcdd3e-d863-42b6-8469-ec587190ad68,a1bcdd3e-d863-42b6-8469-ec587190ad68,ashby,Cursor Agent Monitor,Open,Not applied,0,0,0,Toronto on-site; open to Canadian applicants,2026-07-20T16:37:00+00:00,2026-07-20T16:37:00+00:00,1,,"from 20260720T163628Z.json; duckduckgo_ats→ashby_resolve; CA$6K–CA$8K/month; stack: React/Next.js, Python, Go, PostgreSQL; URL improved from homepage to Ashby direct link; freshness_hint=Fresh"
781,Late discovery,,unknown,-1,**[Astreya](https://www.dreamworkhq.com/c/astreya.com?utm_source=github&utm_campaign=gh-tech-internships)**,[AI Infrastructure DC Design Intern](https://www.dreamworkhq.com/job/ff59e755-d449-4dfc-a718-7be9dfd15176?utm_source=github&utm_campaign=gh-tech-internships),Infrastructure Engineer Intern,"Remote (Remote, CA)",United States,Remote,,https://www.dreamworkhq.com/job/ff59e755-d449-4dfc-a718-7be9dfd15176?utm_source=github&utm_campaign=gh-tech-internships,https://www.dreamworkhq.com/job/ff59e755-d449-4dfc-a718-7be9dfd15176,ff59e755-d449-4dfc-a718-7be9dfd15176,,Dreamwork Tech Internships 2027,Unverified,Not applied,0,0,0,,2026-07-20T16:31:26+00:00,2026-07-20T16:31:26+00:00,0,,
786,Late discovery,,unknown,-1,**[Plus](https://www.dreamworkhq.com/c/plus.ai?utm_source=github&utm_campaign=gh-tech-internships)**,[Machine Learning Engineer Intern - Scenario Generation](https://www.dreamworkhq.com/job/013d70f2-6fc7-4f06-a1ce-6b07de2ef191?utm_source=github&utm_campaign=gh-tech-internships),ML Engineering Intern,"Santa Clara, CA",United States,Onsite,,https://www.dreamworkhq.com/job/013d70f2-6fc7-4f06-a1ce-6b07de2ef191?utm_source=github&utm_campaign=gh-tech-internships,https://www.dreamworkhq.com/job/013d70f2-6fc7-4f06-a1ce-6b07de2ef191,013d70f2-6fc7-4f06-a1ce-6b07de2ef191,,Dreamwork Tech Internships 2027,Unverified,Not applied,0,0,0,,2026-07-20T16:31:26+00:00,2026-07-20T16:31:26+00:00,0,,
780,Late discovery,,unknown,-1,**[Intel](https://www.dreamworkhq.com/c/intel.com?utm_source=github&utm_campaign=gh-tech-internships)**,[AI Software Engineering Intern](https://www.dreamworkhq.com/job/55d513cc-ec64-4500-9816-93fcf49d65a1?utm_source=github&utm_campaign=gh-tech-internships),Software Engineer Intern,"US, Arizona, Phoenix (Hybrid)",,Hybrid,,https://www.dreamworkhq.com/job/55d513cc-ec64-4500-9816-93fcf49d65a1?utm_source=github&utm_campaign=gh-tech-internships,https://www.dreamworkhq.com/job/55d513cc-ec64-4500-9816-93fcf49d65a1,55d513cc-ec64-4500-9816-93fcf49d65a1,,Dreamwork Tech Internships 2027,Unverified,Not applied,0,0,0,,2026-07-20T16:31:26+00:00,2026-07-20T16:31:26+00:00,0,,
788,Late discovery,,unknown,-1,**[Intel](https://www.dreamworkhq.com/c/intel.com?utm_source=github&utm_campaign=gh-tech-internships)**,[AI Software Engineering Intern](https://www.dreamworkhq.com/job/3d7967da-e483-4e0c-816e-3384d2d31c4a?utm_source=github&utm_campaign=gh-tech-internships),Software Engineer Intern,"US, Oregon, Hillsboro (Hybrid)",,Hybrid,,https://www.dreamworkhq.com/job/3d7967da-e483-4e0c-816e-3384d2d31c4a?utm_source=github&utm_campaign=gh-tech-internships,https://www.dreamworkhq.com/job/3d7967da-e483-4e0c-816e-3384d2d31c4a,3d7967da-e483-4e0c-816e-3384d2d31c4a,,Dreamwork Tech Internships 2027,Unverified,Not applied,0,0,0,,2026-07-20T16:31:26+00:00,2026-07-20T16:31:26+00:00,0,,
779,Late discovery,,unknown,-1,**[Palantir](https://www.dreamworkhq.com/c/palantir.com?utm_source=github&utm_campaign=gh-tech-internships)**,"[Software Engineer, Internship](https://www.dreamworkhq.com/job/28b68a0b-8470-4cfd-a8dd-0e8683c3a3e1?utm_source=github&utm_campaign=gh-tech-internships)",Software Engineer Intern,"Denver, CO (Hybrid)",,Hybrid,,https://www.dreamworkhq.com/job/28b68a0b-8470-4cfd-a8dd-0e8683c3a3e1?utm_source=github&utm_campaign=gh-tech-internships,https://www.dreamworkhq.com/job/28b68a0b-8470-4cfd-a8dd-0e8683c3a3e1,28b68a0b-8470-4cfd-a8dd-0e8683c3a3e1,,Dreamwork Tech Internships 2027,Unverified,Not applied,0,0,0,,2026-07-20T16:31:26+00:00,2026-07-20T16:31:26+00:00,0,,
787,Late discovery,,unknown,-1,**[Tesla](https://www.dreamworkhq.com/c/tesla.com?utm_source=github&utm_campaign=gh-tech-internships)**,"[Internship, Software Engineer, Code Hardening & Framework Resilience, R…](https://www.dreamworkhq.com/job/11cac441-5aa1-432a-b96a-d524abb540ae?utm_source=github&utm_campaign=gh-tech-internships)",Software Engineer Intern,"Palo Alto, California",,Onsite,,https://www.dreamworkhq.com/job/11cac441-5aa1-432a-b96a-d524abb540ae?utm_source=github&utm_campaign=gh-tech-internships,https://www.dreamworkhq.com/job/11cac441-5aa1-432a-b96a-d524abb540ae,11cac441-5aa1-432a-b96a-d524abb540ae,,Dreamwork Tech Internships 2027,Unverified,Not applied,0,0,0,,2026-07-20T16:31:26+00:00,2026-07-20T16:31:26+00:00,0,,
784,Late discovery,,unknown,-3,**[Beyondsoft](https://www.dreamworkhq.com/c/beyondsoft.com?utm_source=github&utm_campaign=gh-tech-internships)**,[Software Engineer Intern](https://www.dreamworkhq.com/job/0879bfed-5b31-4831-9882-6baf71bf95c2?utm_source=github&utm_campaign=gh-tech-internships),Software Engineer Intern,"Remote (United States (Remote), US)",United States,Remote,,https://www.dreamworkhq.com/job/0879bfed-5b31-4831-9882-6baf71bf95c2?utm_source=github&utm_campaign=gh-tech-internships,https://www.dreamworkhq.com/job/0879bfed-5b31-4831-9882-6baf71bf95c2,0879bfed-5b31-4831-9882-6baf71bf95c2,,Dreamwork Tech Internships 2027,Unverified,Not applied,0,0,0,,2026-07-20T16:31:26+00:00,2026-07-20T16:31:26+00:00,0,,
778,Late discovery,,unknown,-3,**[Copart](https://www.dreamworkhq.com/c/copart.com?utm_source=github&utm_campaign=gh-tech-internships)**,[Software Engineering Intern](https://www.dreamworkhq.com/job/f9681fd9-55aa-4caf-afc4-e816f209aa8b?utm_source=github&utm_campaign=gh-tech-internships),Software Engineer Intern,"Dallas, TX - Headquarters",United States,Onsite,,https://www.dreamworkhq.com/job/f9681fd9-55aa-4caf-afc4-e816f209aa8b?utm_source=github&utm_campaign=gh-tech-internships,https://www.dreamworkhq.com/job/f9681fd9-55aa-4caf-afc4-e816f209aa8b,f9681fd9-55aa-4caf-afc4-e816f209aa8b,,Dreamwork Tech Internships 2027,Unverified,Not applied,0,0,0,,2026-07-20T16:31:26+00:00,2026-07-20T16:31:26+00:00,0,,
782,Late discovery,,unknown,-3,**[Palo Alto Networks](https://www.dreamworkhq.com/c/paloaltonetworks.com?utm_source=github&utm_campaign=gh-tech-internships)**,[Intern - Software Engineer](https://www.dreamworkhq.com/job/aadc17fb-98a4-4359-8bfa-c39baa209573?utm_source=github&utm_campaign=gh-tech-internships),Software Engineer Intern,Office - USA - CA - Headquarters,United States,Onsite,,https://www.dreamworkhq.com/job/aadc17fb-98a4-4359-8bfa-c39baa209573?utm_source=github&utm_campaign=gh-tech-internships,https://www.dreamworkhq.com/job/aadc17fb-98a4-4359-8bfa-c39baa209573,aadc17fb-98a4-4359-8bfa-c39baa209573,,Dreamwork Tech Internships 2027,Unverified,Not applied,0,0,0,,2026-07-20T16:31:26+00:00,2026-07-20T16:31:26+00:00,0,,
785,Late discovery,,unknown,-3,**[Plus](https://www.dreamworkhq.com/c/plus.ai?utm_source=github&utm_campaign=gh-tech-internships)**,"[Software Engineer Intern- Runtime, Robotics](https://www.dreamworkhq.com/job/197d51dd-f6e8-4aa4-9802-e04e9edd05e4?utm_source=github&utm_campaign=gh-tech-internships)",Software Engineer Intern,"Santa Clara, CA (Hybrid)",United States,Hybrid,,https://www.dreamworkhq.com/job/197d51dd-f6e8-4aa4-9802-e04e9edd05e4?utm_source=github&utm_campaign=gh-tech-internships,https://www.dreamworkhq.com/job/197d51dd-f6e8-4aa4-9802-e04e9edd05e4,197d51dd-f6e8-4aa4-9802-e04e9edd05e4,,Dreamwork Tech Internships 2027,Unverified,Not applied,0,0,0,,2026-07-20T16:31:26+00:00,2026-07-20T16:31:26+00:00,0,,
783,Late discovery,,unknown,-5,**[Base Power](https://www.dreamworkhq.com/c/basepowercompany.com?utm_source=github&utm_campaign=gh-tech-internships)**,[Firmware Engineering Intern](https://www.dreamworkhq.com/job/f7b50f29-062a-4e81-b003-e3cd8df6ffe1?utm_source=github&utm_campaign=gh-tech-internships),Firmware Intern,"Austin, TX",United States,Onsite,,https://www.dreamworkhq.com/job/f7b50f29-062a-4e81-b003-e3cd8df6ffe1?utm_source=github&utm_campaign=gh-tech-internships,https://www.dreamworkhq.com/job/f7b50f29-062a-4e81-b003-e3cd8df6ffe1,f7b50f29-062a-4e81-b003-e3cd8df6ffe1,,Dreamwork Tech Internships 2027,Unverified,Not applied,0,0,0,,2026-07-20T16:31:26+00:00,2026-07-20T16:31:26+00:00,0,,
371,Posting date unavailable,2026-07-16T23:16:08+00:00,relative,4,Netic,"Software Engineer Intern, Agent Platform / Full Stack (2026-2027)",Platform Engineer Intern,"San Francisco, CA",United States,Onsite,"Winter 2026, Spring 2026, Summer 2026, Fall 2026, Winter 2027, Spring 2027, Summer 2027",https://jobs.ashbyhq.com/netic/b0ea7aab-8eea-4d31-96f9-278364180ae7,https://jobs.ashbyhq.com/netic/b0ea7aab-8eea-4d31-96f9-278364180ae7,b0ea7aab-8eea-4d31-96f9-278364180ae7,ashby,sndsh404 Summer2027; SpeedyApply 2027 SWE; Internship Tracker SWE; Cursor Agent Monitor,Open,Not applied,0,0,0,,2026-07-18T23:04:31+00:00,2026-07-20T16:37:00+00:00,0,,
373,Posting date unavailable,2026-07-16T23:16:06+00:00,relative,2,Western Digital,Software Engineering Co-op (Winter 2027),Software Developer Co-op,"Milpitas, CA",United States,Onsite,Winter 2027,https://jobs.smartrecruiters.com/WesternDigital/744000138184309,https://jobs.smartrecruiters.com/WesternDigital/744000138184309,,smartrecruiters,sndsh404 Summer2027; Simplify Off-Season; Internship Tracker SWE; Cursor Agent Monitor,Open,Not applied,0,0,0,,2026-07-18T23:04:31+00:00,2026-07-20T16:37:00+00:00,0,,
510,Posting date unavailable,2026-07-13T23:16:24+00:00,relative,4,Nextiva,Intern AI Engineer,AI Engineering Intern,"Scottsdale, AZ",,Onsite,"Winter 2026, Spring 2026",https://simplify.jobs/c/Nextiva?utm_source=GHList&utm_medium=company,https://simplify.jobs/c/Nextiva,,,Simplify Off-Season,Open,Not applied,0,0,0,,2026-07-18T23:16:08+00:00,2026-07-20T16:31:26+00:00,0,,
755,Posting date unavailable,2026-07-11T00:45:33+00:00,relative,4,Stripe,"Software Engineer, Intern",Software Engineer Intern,Bengaluru,,Onsite,,https://stripe.com/jobs/listing/software-engineer-intern/8031833,https://stripe.com/jobs/search?gh_jid=8031833,8031833,greenhouse,Company ATS:Stripe; SpeedyApply 2027 SWE Intl,Open,Not applied,0,0,0,,2026-07-19T00:45:26+00:00,2026-07-20T16:31:26+00:00,0,,
375,Posting date unavailable,2026-06-29T00:00:00+00:00,date,6,Palantir,"Software Engineer Intern, Infrastructure",Infrastructure Engineer Intern,"New York, NY (multiple US)",United States,Onsite,"Winter 2028, Spring 2028, Summer 2028",https://jobs.lever.co/palantir/b229baac-494b-4a0d-9a13-2e38806e06f3,https://jobs.lever.co/palantir/b229baac-494b-4a0d-9a13-2e38806e06f3,b229baac-494b-4a0d-9a13-2e38806e06f3,lever,sndsh404 Summer2027; Internship Tracker SWE,Open,Not applied,0,0,0,,2026-07-18T23:04:31+00:00,2026-07-20T16:31:26+00:00,0,,
374,Posting date unavailable,2026-06-29T00:00:00+00:00,date,4,Palantir,Software Engineer Intern,Software Engineer Intern,"New York, NY (multiple US)",United States,Onsite,"Winter 2028, Spring 2028, Summer 2028",https://jobs.lever.co/palantir/e27af7ab-41fc-40c9-b31d-02c6cb1c505c,https://jobs.lever.co/palantir/e27af7ab-41fc-40c9-b31d-02c6cb1c505c,e27af7ab-41fc-40c9-b31d-02c6cb1c505c,lever,sndsh404 Summer2027; Internship Tracker SWE,Open,Not applied,0,0,0,Export-control eligibility required,2026-07-18T23:04:31+00:00,2026-07-20T16:31:26+00:00,0,,
376,Posting date unavailable,2026-06-29T00:00:00+00:00,date,4,Palantir,"Software Engineer Intern, Defense Tech",Software Engineer Intern,"Washington, DC (multiple US)",,Onsite,"Winter 2028, Spring 2028, Summer 2028",https://jobs.lever.co/palantir/f17e98d0-046a-4e6e-9d65-ed0b12dd0ff7,https://jobs.lever.co/palantir/f17e98d0-046a-4e6e-9d65-ed0b12dd0ff7,f17e98d0-046a-4e6e-9d65-ed0b12dd0ff7,lever,sndsh404 Summer2027; Internship Tracker SWE,Open,Not applied,0,0,0,,2026-07-18T23:04:31+00:00,2026-07-20T16:31:26+00:00,0,,
723,Posting date unavailable,2026-05-22T00:00:00+00:00,date,0,Kudu Dynamics,Software Engineer Intern (3),Software Engineer Intern,"Chantilly, VA",,Onsite,,https://leidos.wd5.myworkdayjobs.com/External/job/Chantilly-VA/Software-Engineer-Intern_R-00183714,https://leidos.wd5.myworkdayjobs.com/External/job/Chantilly-VA/Software-Engineer-Intern_R-00183714,,workday,sndsh404 Summer2027; Vansh Summer2027,Open,Not applied,1,0,0,U.S. citizenship required,2026-07-18T23:16:25+00:00,2026-07-20T16:31:26+00:00,0,,
754,Posting date unavailable,2026-05-03T00:45:33+00:00,relative,7,Cohere,Software Engineer Intern (Fall / Winter 2026),Software Engineer Intern,Canada,Canada,Onsite,,https://jobs.ashbyhq.com/cohere/8c035d3d-081d-4c8a-914a-72f4efaad254,https://jobs.ashbyhq.com/cohere/8c035d3d-081d-4c8a-914a-72f4efaad254,8c035d3d-081d-4c8a-914a-72f4efaad254,ashby,Company ATS:Cohere; SpeedyApply 2027 SWE,Open,Not applied,0,0,0,,2026-07-19T00:45:26+00:00,2026-07-20T16:31:26+00:00,0,,
381,Posting date unavailable,2026-04-23T23:16:08+00:00,relative,2,ASM,Software Engineering Intern (Spring 2027),Software Engineer Intern,,,Onsite,Spring 2027,https://www.asm.com/open-vacancies/software-engineering-intern-spring-2027-4830113101?gh_jid=4830113101,https://www.asm.com/open-vacancies/software-engineering-intern-spring-2027-4830113101?gh_jid=4830113101,4830113101,,sndsh404 Summer2027; SpeedyApply 2027 SWE; Internship Tracker SWE,Open,Not applied,0,0,0,,2026-07-18T23:04:31+00:00,2026-07-20T16:31:26+00:00,0,,
382,Posting date unavailable,2026-03-27T23:16:08+00:00,relative,2,Ellipsis Labs,Software Engineer Intern,Software Engineer Intern,"New York, NY",United States,Onsite,,https://jobs.ashbyhq.com/ellipsislabs/02136b22-35b1-4b3d-8bef-567c3380a849,https://jobs.ashbyhq.com/ellipsislabs/02136b22-35b1-4b3d-8bef-567c3380a849,02136b22-35b1-4b3d-8bef-567c3380a849,ashby,sndsh404 Summer2027; SpeedyApply 2027 SWE,Open,Not applied,0,0,0,,2026-07-18T23:04:31+00:00,2026-07-20T16:31:26+00:00,0,,
509,Posting date unavailable,2026-02-18T23:16:23+00:00,relative,2,KLA Corporation,Software Engineer Intern,Software Engineer Intern,"Milpitas, CA",United States,Onsite,Spring 2026,https://simplify.jobs/c/KLA-Corporation?utm_source=GHList&utm_medium=company,https://simplify.jobs/c/KLA-Corporation,,,Simplify Off-Season,Open,Not applied,0,0,0,,2026-07-18T23:16:08+00:00,2026-07-20T16:31:26+00:00,0,,
507,Posting date unavailable,2026-02-18T23:16:07+00:00,relative,2,The Aerospace Corporation,2026 Data and Software Engineering Grad Intern,Software Engineer Intern,"Chantilly, VA El Segundo, CA",United States,Onsite,Spring 2026,https://simplify.jobs/c/The-Aerospace-Corporation?utm_source=GHList&utm_medium=company,https://simplify.jobs/c/The-Aerospace-Corporation,,,Simplify Off-Season,Open,Not applied,0,0,0,,2026-07-18T23:16:08+00:00,2026-07-20T16:31:26+00:00,0,,
512,Posting date unavailable,2025-12-20T23:16:24+00:00,relative,4,Root Access,Machine Learning Engineer Intern,ML Engineering Intern,NYC,,Onsite,Winter 2025,https://simplify.jobs/c/Root-Access?utm_source=GHList&utm_medium=company,https://simplify.jobs/c/Root-Access,,,Simplify Off-Season,Open,Not applied,0,0,0,,2026-07-18T23:16:08+00:00,2026-07-20T16:31:26+00:00,0,,
508,Posting date unavailable,2025-12-20T23:16:23+00:00,relative,4,DataVisor,AI/Machine Learning Engineering Intern,ML Engineering Intern,"Mountain View, CA",United States,Onsite,Winter 2026,https://simplify.jobs/c/DataVisor?utm_source=GHList&utm_medium=company,https://simplify.jobs/c/DataVisor,,,Simplify Off-Season,Open,Not applied,0,0,0,,2026-07-18T23:16:08+00:00,2026-07-20T16:31:26+00:00,0,,
511,Posting date unavailable,2025-12-20T23:16:07+00:00,relative,4,ASML,Intern – CDO Data / Visualization / Cloud / AI Engineer Intern,AI Engineering Intern,"San Diego, CA",United States,Onsite,Spring 2026,https://simplify.jobs/c/ASML?utm_source=GHList&utm_medium=company,https://simplify.jobs/c/ASML,,,Simplify Off-Season,Open,Not applied,0,0,0,,2026-07-18T23:16:08+00:00,2026-07-20T16:31:26+00:00,0,,
372,Posting date unavailable,2025-11-30T00:00:00+00:00,date,2,Neuralink,"Software Engineer Intern, BCI Applications",Software Engineer Intern,"Fremont, CA",United States,Onsite,Winter 2025,https://job-boards.greenhouse.io/neuralink/jobs/6594422003,https://job-boards.greenhouse.io/neuralink/jobs/6594422003,6594422003,greenhouse,sndsh404 Summer2027; Internship Tracker SWE,Open,Not applied,0,0,0,,2026-07-18T23:04:31+00:00,2026-07-20T16:31:26+00:00,0,,
756,Posting date unavailable,,unknown,4,Instacart,"Machine Learning Engineer, PhD Intern (Fall)",ML Engineering Intern,United States - Remote,United States,Remote,,https://www.instacart.careers/job?gh_jid=5917202,https://instacart.careers/job?gh_jid=5917202,5917202,greenhouse,Company ATS:Instacart,Open,Not applied,0,0,0,,2026-07-19T00:45:26+00:00,2026-07-20T16:31:26+00:00,0,,
726,Posting date unavailable,,unknown,4,**[Palantir](https://www.dreamworkhq.com/c/palantir.com?utm_source=github&utm_campaign=gh-tech-internships)**,"[Software Engineer, Internship - Infrastructure](https://www.dreamworkhq.com/job/dc106703-9972-4545-8d37-38f1db45aab0?utm_source=github&utm_campaign=gh-tech-internships)",Infrastructure Engineer Intern,"New York, NY (Hybrid)",United States,Hybrid,,https://www.dreamworkhq.com/job/dc106703-9972-4545-8d37-38f1db45aab0?utm_source=github&utm_campaign=gh-tech-internships,https://www.dreamworkhq.com/job/dc106703-9972-4545-8d37-38f1db45aab0,dc106703-9972-4545-8d37-38f1db45aab0,,Dreamwork Tech Internships 2027,Open,Not applied,0,0,0,,2026-07-18T23:16:25+00:00,2026-07-20T16:31:26+00:00,0,,
727,Posting date unavailable,,unknown,4,**[Palantir](https://www.dreamworkhq.com/c/palantir.com?utm_source=github&utm_campaign=gh-tech-internships)**,"[Software Engineer, Internship - Production Infrastructure](https://www.dreamworkhq.com/job/2ecfe130-b575-4dec-8fec-daa9f663a763?utm_source=github&utm_campaign=gh-tech-internships)",Infrastructure Engineer Intern,"New York, NY (Hybrid)",United States,Hybrid,,https://www.dreamworkhq.com/job/2ecfe130-b575-4dec-8fec-daa9f663a763?utm_source=github&utm_campaign=gh-tech-internships,https://www.dreamworkhq.com/job/2ecfe130-b575-4dec-8fec-daa9f663a763,2ecfe130-b575-4dec-8fec-daa9f663a763,,Dreamwork Tech Internships 2027,Open,Not applied,0,0,0,,2026-07-18T23:16:25+00:00,2026-07-19T01:48:15+00:00,0,,
728,Posting date unavailable,,unknown,4,**[Palantir](https://www.dreamworkhq.com/c/palantir.com?utm_source=github&utm_campaign=gh-tech-internships)**,"[Software Engineer, Internship - Infrastructure](https://www.dreamworkhq.com/job/4b23b4bb-59a3-4d82-86bc-b05140369fb7?utm_source=github&utm_campaign=gh-tech-internships)",Infrastructure Engineer Intern,"Palo Alto, CA (Hybrid)",United States,Hybrid,,https://www.dreamworkhq.com/job/4b23b4bb-59a3-4d82-86bc-b05140369fb7?utm_source=github&utm_campaign=gh-tech-internships,https://www.dreamworkhq.com/job/4b23b4bb-59a3-4d82-86bc-b05140369fb7,4b23b4bb-59a3-4d82-86bc-b05140369fb7,,Dreamwork Tech Internships 2027,Open,Not applied,0,0,0,,2026-07-18T23:16:25+00:00,2026-07-20T16:31:26+00:00,0,,
745,Posting date unavailable,,unknown,4,**[Tesla](https://www.dreamworkhq.com/c/tesla.com?utm_source=github&utm_campaign=gh-tech-internships)**,"[Internship, Fullstack Software Engineer, Machine Learning Platform, AI …](https://www.dreamworkhq.com/job/ed9709fc-666c-4cf7-a75c-ed8558dd336e?utm_source=github&utm_campaign=gh-tech-internships)",ML Engineering Intern,"Palo Alto, California",,Onsite,,https://www.dreamworkhq.com/job/ed9709fc-666c-4cf7-a75c-ed8558dd336e?utm_source=github&utm_campaign=gh-tech-internships,https://www.dreamworkhq.com/job/ed9709fc-666c-4cf7-a75c-ed8558dd336e,ed9709fc-666c-4cf7-a75c-ed8558dd336e,,Dreamwork Tech Internships 2027,Open,Not applied,0,0,0,,2026-07-18T23:16:25+00:00,2026-07-20T16:31:26+00:00,0,,
757,Posting date unavailable,,unknown,4,Jump Trading,Campus Data Engineer (Intern),Data Engineering Intern,London,,Onsite,,https://www.jumptrading.com/hr/job?gh_jid=7975008,https://www.jumptrading.com/hr/job?gh_jid=7975008,7975008,greenhouse,Company ATS:Jump Trading,Open,Not applied,0,0,0,,2026-07-19T00:45:26+00:00,2026-07-20T16:31:26+00:00,0,,
153,Posting date unavailable,,unknown,2,Fidelity National Information Services,Intern – AI ML Engineer,ML Engineering Intern,Remote in Canada,Canada,Remote,,https://simplify.jobs/c/Fidelity-National-Information-Services?utm_source=GHList&amp;utm_medium=company,https://simplify.jobs/c/Fidelity-National-Information-Services?amp;utm_medium=company,,,Simplify Off-Season,Unverified,Not applied,0,0,0,,2026-07-18T23:04:31+00:00,2026-07-20T16:31:26+00:00,0,,Aggregator URL only
729,Posting date unavailable,,unknown,2,**[Palantir](https://www.dreamworkhq.com/c/palantir.com?utm_source=github&utm_campaign=gh-tech-internships)**,"[Software Engineer, Internship - Defense Tech](https://www.dreamworkhq.com/job/d9645ba3-3a15-4104-bc29-de5e4ec0ba32?utm_source=github&utm_campaign=gh-tech-internships)",Software Engineer Intern,"Palo Alto, CA (Hybrid)",United States,Hybrid,,https://www.dreamworkhq.com/job/d9645ba3-3a15-4104-bc29-de5e4ec0ba32?utm_source=github&utm_campaign=gh-tech-internships,https://www.dreamworkhq.com/job/d9645ba3-3a15-4104-bc29-de5e4ec0ba32,d9645ba3-3a15-4104-bc29-de5e4ec0ba32,,Dreamwork Tech Internships 2027,Open,Not applied,0,0,0,,2026-07-18T23:16:25+00:00,2026-07-20T16:31:26+00:00,0,,
730,Posting date unavailable,,unknown,2,**[Palantir](https://www.dreamworkhq.com/c/palantir.com?utm_source=github&utm_campaign=gh-tech-internships)**,"[Software Engineer, Internship](https://www.dreamworkhq.com/job/1a74591e-21b2-469e-92de-6d6b90893bd0?utm_source=github&utm_campaign=gh-tech-internships)",Software Engineer Intern,"New York, NY (Hybrid)",United States,Hybrid,,https://www.dreamworkhq.com/job/1a74591e-21b2-469e-92de-6d6b90893bd0?utm_source=github&utm_campaign=gh-tech-internships,https://www.dreamworkhq.com/job/1a74591e-21b2-469e-92de-6d6b90893bd0,1a74591e-21b2-469e-92de-6d6b90893bd0,,Dreamwork Tech Internships 2027,Open,Not applied,0,0,0,,2026-07-18T23:16:25+00:00,2026-07-20T16:31:26+00:00,0,,
731,Posting date unavailable,,unknown,2,**[Palantir](https://www.dreamworkhq.com/c/palantir.com?utm_source=github&utm_campaign=gh-tech-internships)**,"[Privacy and Civil Liberties Software Engineer, Internship](https://www.dreamworkhq.com/job/559bc4da-baa9-4077-8f08-56b26251219e?utm_source=github&utm_campaign=gh-tech-internships)",Software Engineer Intern,"New York, NY (Hybrid)",United States,Hybrid,,https://www.dreamworkhq.com/job/559bc4da-baa9-4077-8f08-56b26251219e?utm_source=github&utm_campaign=gh-tech-internships,https://www.dreamworkhq.com/job/559bc4da-baa9-4077-8f08-56b26251219e,559bc4da-baa9-4077-8f08-56b26251219e,,Dreamwork Tech Internships 2027,Open,Not applied,0,0,0,,2026-07-18T23:16:25+00:00,2026-07-20T16:31:26+00:00,0,,
732,Posting date unavailable,,unknown,2,**[Palantir](https://www.dreamworkhq.com/c/palantir.com?utm_source=github&utm_campaign=gh-tech-internships)**,"[Forward Deployed Software Engineer, Internship - Commercial](https://www.dreamworkhq.com/job/d8528bfd-6cfa-4fed-8818-e2b14b0d050e?utm_source=github&utm_campaign=gh-tech-internships)",Software Engineer Intern,"New York, NY (Hybrid)",United States,Hybrid,,https://www.dreamworkhq.com/job/d8528bfd-6cfa-4fed-8818-e2b14b0d050e?utm_source=github&utm_campaign=gh-tech-internships,https://www.dreamworkhq.com/job/d8528bfd-6cfa-4fed-8818-e2b14b0d050e,d8528bfd-6cfa-4fed-8818-e2b14b0d050e,,Dreamwork Tech Internships 2027,Open,Not applied,0,0,0,,2026-07-18T23:16:25+00:00,2026-07-20T16:31:26+00:00,0,,
735,Posting date unavailable,,unknown,2,**[Palantir](https://www.dreamworkhq.com/c/palantir.com?utm_source=github&utm_campaign=gh-tech-internships)**,"[Forward Deployed Software Engineer, Internship - US Government](https://www.dreamworkhq.com/job/68c051d2-e617-45d5-99fa-83c3c8d33f18?utm_source=github&utm_campaign=gh-tech-internships)",Software Engineer Intern,"New York, NY (Hybrid)",United States,Hybrid,,https://www.dreamworkhq.com/job/68c051d2-e617-45d5-99fa-83c3c8d33f18?utm_source=github&utm_campaign=gh-tech-internships,https://www.dreamworkhq.com/job/68c051d2-e617-45d5-99fa-83c3c8d33f18,68c051d2-e617-45d5-99fa-83c3c8d33f18,,Dreamwork Tech Internships 2027,Open,Not applied,0,0,0,,2026-07-18T23:16:25+00:00,2026-07-20T16:31:26+00:00,0,,
751,Posting date unavailable,,unknown,2,**[Palantir](https://www.dreamworkhq.com/c/palantir.com?utm_source=github&utm_campaign=gh-tech-internships)**,"[Forward Deployed Software Engineer, Internship - Poland](https://www.dreamworkhq.com/job/1661af69-8aee-4771-b1a2-832858096063?utm_source=github&utm_campaign=gh-tech-internships)",Software Engineer Intern,"New York, NY (Hybrid)",United States,Hybrid,,https://www.dreamworkhq.com/job/1661af69-8aee-4771-b1a2-832858096063?utm_source=github&utm_campaign=gh-tech-internships,https://www.dreamworkhq.com/job/1661af69-8aee-4771-b1a2-832858096063,1661af69-8aee-4771-b1a2-832858096063,,Dreamwork Tech Internships 2027,Open,Not applied,0,0,0,,2026-07-18T23:16:25+00:00,2026-07-20T16:31:26+00:00,0,,
752,Posting date unavailable,,unknown,2,**[Palantir](https://www.dreamworkhq.com/c/palantir.com?utm_source=github&utm_campaign=gh-tech-internships)**,"[Forward Deployed Software Engineer, Internship - France](https://www.dreamworkhq.com/job/20c5c08b-c2be-4ea6-9b2b-fa146ad8b114?utm_source=github&utm_campaign=gh-tech-internships)",Software Engineer Intern,"New York, NY (Hybrid)",United States,Hybrid,,https://www.dreamworkhq.com/job/20c5c08b-c2be-4ea6-9b2b-fa146ad8b114?utm_source=github&utm_campaign=gh-tech-internships,https://www.dreamworkhq.com/job/20c5c08b-c2be-4ea6-9b2b-fa146ad8b114,20c5c08b-c2be-4ea6-9b2b-fa146ad8b114,,Dreamwork Tech Internships 2027,Open,Not applied,0,0,0,,2026-07-18T23:16:25+00:00,2026-07-20T16:31:26+00:00,0,,
385,Posting date unavailable,,unknown,2,Salesforce,Software Engineer Intern (Futureforce),Software Engineer Intern,"San Francisco, CA",United States,Onsite,,https://salesforce.wd12.myworkdayjobs.com/External_Career_Site/job/California---San-Francisco/Summer-2027-Intern---Software-Engineer_JR340771-1,https://salesforce.wd12.myworkdayjobs.com/External_Career_Site/job/California---San-Francisco/Summer-2027-Intern---Software-Engineer_JR340771-1,340771,workday,sndsh404 Summer2027,Open,Not applied,0,0,0,,2026-07-18T23:04:31+00:00,2026-07-20T16:31:26+00:00,0,,
740,Posting date unavailable,,unknown,2,**[Plus](https://www.dreamworkhq.com/c/plus.ai?utm_source=github&utm_campaign=gh-tech-internships)**,[Machine Learning Infrastructure Engineer Intern](https://www.dreamworkhq.com/job/4629a37c-99cc-4c03-a335-991b6c80b99d?utm_source=github&utm_campaign=gh-tech-internships),ML Engineering Intern,"Santa Clara, CA",United States,Onsite,,https://www.dreamworkhq.com/job/4629a37c-99cc-4c03-a335-991b6c80b99d?utm_source=github&utm_campaign=gh-tech-internships,https://www.dreamworkhq.com/job/4629a37c-99cc-4c03-a335-991b6c80b99d,4629a37c-99cc-4c03-a335-991b6c80b99d,,Dreamwork Tech Internships 2027,Open,Not applied,0,0,0,,2026-07-18T23:16:25+00:00,2026-07-20T16:31:26+00:00,0,,
741,Posting date unavailable,,unknown,2,**[Plus](https://www.dreamworkhq.com/c/plus.ai?utm_source=github&utm_campaign=gh-tech-internships)**,[Machine Learning Engineer Intern - Scenario Simulation](https://www.dreamworkhq.com/job/e5f1fa9c-d0a3-479b-bef0-03c2f1a08012?utm_source=github&utm_campaign=gh-tech-internships),ML Engineering Intern,"Santa Clara, CA",United States,Onsite,,https://www.dreamworkhq.com/job/e5f1fa9c-d0a3-479b-bef0-03c2f1a08012?utm_source=github&utm_campaign=gh-tech-internships,https://www.dreamworkhq.com/job/e5f1fa9c-d0a3-479b-bef0-03c2f1a08012,e5f1fa9c-d0a3-479b-bef0-03c2f1a08012,,Dreamwork Tech Internships 2027,Open,Not applied,0,0,0,,2026-07-18T23:16:25+00:00,2026-07-20T16:31:26+00:00,0,,
742,Posting date unavailable,,unknown,2,**[Plus](https://www.dreamworkhq.com/c/plus.ai?utm_source=github&utm_campaign=gh-tech-internships)**,[Machine Learning Engineer Intern](https://www.dreamworkhq.com/job/c92e4f2a-0cf2-47ab-bc24-2421236818db?utm_source=github&utm_campaign=gh-tech-internships),ML Engineering Intern,"Santa Clara, CA",United States,Onsite,,https://www.dreamworkhq.com/job/c92e4f2a-0cf2-47ab-bc24-2421236818db?utm_source=github&utm_campaign=gh-tech-internships,https://www.dreamworkhq.com/job/c92e4f2a-0cf2-47ab-bc24-2421236818db,c92e4f2a-0cf2-47ab-bc24-2421236818db,,Dreamwork Tech Internships 2027,Open,Not applied,0,0,0,,2026-07-18T23:16:25+00:00,2026-07-20T16:31:26+00:00,0,,
724,Posting date unavailable,,unknown,2,**[Tesla](https://www.dreamworkhq.com/c/tesla.com?utm_source=github&utm_campaign=gh-tech-internships)**,"[Internship, Software Engineer Diagnostics, Energy Engineering (Fall 202…](https://www.dreamworkhq.com/job/eb0ce02f-00c5-4004-8950-5c716fef4402?utm_source=github&utm_campaign=gh-tech-internships)",Software Engineer Intern,"Palo Alto, California",,Onsite,,https://www.dreamworkhq.com/job/eb0ce02f-00c5-4004-8950-5c716fef4402?utm_source=github&utm_campaign=gh-tech-internships,https://www.dreamworkhq.com/job/eb0ce02f-00c5-4004-8950-5c716fef4402,eb0ce02f-00c5-4004-8950-5c716fef4402,,Dreamwork Tech Internships 2027,Open,Not applied,0,0,0,,2026-07-18T23:16:25+00:00,2026-07-20T16:31:26+00:00,0,,
725,Posting date unavailable,,unknown,2,**[Tesla](https://www.dreamworkhq.com/c/tesla.com?utm_source=github&utm_campaign=gh-tech-internships)**,"[Internship, Software Engineer, Torque Path & Chassis Controls (Fall 202…](https://www.dreamworkhq.com/job/c588b932-4732-4da6-a1fc-8b9cf355cf8d?utm_source=github&utm_campaign=gh-tech-internships)",Software Engineer Intern,"Palo Alto, California",,Onsite,,https://www.dreamworkhq.com/job/c588b932-4732-4da6-a1fc-8b9cf355cf8d?utm_source=github&utm_campaign=gh-tech-internships,https://www.dreamworkhq.com/job/c588b932-4732-4da6-a1fc-8b9cf355cf8d,c588b932-4732-4da6-a1fc-8b9cf355cf8d,,Dreamwork Tech Internships 2027,Open,Not applied,0,0,0,,2026-07-18T23:16:25+00:00,2026-07-20T16:31:26+00:00,0,,
733,Posting date unavailable,,unknown,2,**[Tesla](https://www.dreamworkhq.com/c/tesla.com?utm_source=github&utm_campaign=gh-tech-internships)**,"[Internship, Software Engineer Industrial Firmware, Energy Engineering (…](https://www.dreamworkhq.com/job/71a0b37e-e417-4247-8ade-bbcd2bb05846?utm_source=github&utm_campaign=gh-tech-internships)",Firmware Intern,"Palo Alto, California",,Onsite,,https://www.dreamworkhq.com/job/71a0b37e-e417-4247-8ade-bbcd2bb05846?utm_source=github&utm_campaign=gh-tech-internships,https://www.dreamworkhq.com/job/71a0b37e-e417-4247-8ade-bbcd2bb05846,71a0b37e-e417-4247-8ade-bbcd2bb05846,,Dreamwork Tech Internships 2027,Open,Not applied,0,0,0,,2026-07-18T23:16:25+00:00,2026-07-20T16:31:26+00:00,0,,
734,Posting date unavailable,,unknown,2,**[Tesla](https://www.dreamworkhq.com/c/tesla.com?utm_source=github&utm_campaign=gh-tech-internships)**,"[Internship, Embedded Software Engineer, Steering, Chassis Systems (Fall…](https://www.dreamworkhq.com/job/ce57936c-efc7-4383-a39e-774555f7d6aa?utm_source=github&utm_campaign=gh-tech-internships)",Embedded Software Intern,"Palo Alto, California",,Onsite,,https://www.dreamworkhq.com/job/ce57936c-efc7-4383-a39e-774555f7d6aa?utm_source=github&utm_campaign=gh-tech-internships,https://www.dreamworkhq.com/job/ce57936c-efc7-4383-a39e-774555f7d6aa,ce57936c-efc7-4383-a39e-774555f7d6aa,,Dreamwork Tech Internships 2027,Open,Not applied,0,0,0,,2026-07-18T23:16:25+00:00,2026-07-20T16:31:26+00:00,0,,
736,Posting date unavailable,,unknown,2,**[Tesla](https://www.dreamworkhq.com/c/tesla.com?utm_source=github&utm_campaign=gh-tech-internships)**,"[Internship, Commercial UI Software Engineer, Energy Engineering (Fall 2…](https://www.dreamworkhq.com/job/f620e395-d48b-4c7f-88d1-33a8c9bfa42d?utm_source=github&utm_campaign=gh-tech-internships)",Software Engineer Intern,"Palo Alto, California",,Onsite,,https://www.dreamworkhq.com/job/f620e395-d48b-4c7f-88d1-33a8c9bfa42d?utm_source=github&utm_campaign=gh-tech-internships,https://www.dreamworkhq.com/job/f620e395-d48b-4c7f-88d1-33a8c9bfa42d,f620e395-d48b-4c7f-88d1-33a8c9bfa42d,,Dreamwork Tech Internships 2027,Open,Not applied,0,0,0,,2026-07-18T23:16:25+00:00,2026-07-20T16:31:26+00:00,0,,
737,Posting date unavailable,,unknown,2,**[Tesla](https://www.dreamworkhq.com/c/tesla.com?utm_source=github&utm_campaign=gh-tech-internships)**,"[Internship, Residential Energy Device Software Engineer, Energy Enginee…](https://www.dreamworkhq.com/job/919105e2-070a-4686-a7e8-4ccf0cf4405d?utm_source=github&utm_campaign=gh-tech-internships)",Software Engineer Intern,"Palo Alto, California",,Onsite,,https://www.dreamworkhq.com/job/919105e2-070a-4686-a7e8-4ccf0cf4405d?utm_source=github&utm_campaign=gh-tech-internships,https://www.dreamworkhq.com/job/919105e2-070a-4686-a7e8-4ccf0cf4405d,919105,,Dreamwork Tech Internships 2027,Open,Not applied,0,0,0,,2026-07-18T23:16:25+00:00,2026-07-20T16:31:26+00:00,0,,
738,Posting date unavailable,,unknown,2,**[Tesla](https://www.dreamworkhq.com/c/tesla.com?utm_source=github&utm_campaign=gh-tech-internships)**,"[Internship, Site Controller Software Engineer, Energy Engineering (Fall…](https://www.dreamworkhq.com/job/26c4e2ac-8f5c-4b55-873e-137b38a879f9?utm_source=github&utm_campaign=gh-tech-internships)",Software Engineer Intern,"Palo Alto, California",,Onsite,,https://www.dreamworkhq.com/job/26c4e2ac-8f5c-4b55-873e-137b38a879f9?utm_source=github&utm_campaign=gh-tech-internships,https://www.dreamworkhq.com/job/26c4e2ac-8f5c-4b55-873e-137b38a879f9,26c4e2ac-8f5c-4b55-873e-137b38a879f9,,Dreamwork Tech Internships 2027,Open,Not applied,0,0,0,,2026-07-18T23:16:25+00:00,2026-07-20T16:31:26+00:00,0,,
746,Posting date unavailable,,unknown,2,**[Tesla](https://www.dreamworkhq.com/c/tesla.com?utm_source=github&utm_campaign=gh-tech-internships)**,"[Internship, Embedded Software Engineer, Keys & Authentication (Fall 202…](https://www.dreamworkhq.com/job/40586124-c62f-4f69-b55d-4ce2e1e7b2a4?utm_source=github&utm_campaign=gh-tech-internships)",Embedded Software Intern,"Palo Alto, California",,Onsite,,https://www.dreamworkhq.com/job/40586124-c62f-4f69-b55d-4ce2e1e7b2a4?utm_source=github&utm_campaign=gh-tech-internships,https://www.dreamworkhq.com/job/40586124-c62f-4f69-b55d-4ce2e1e7b2a4,40586124,,Dreamwork Tech Internships 2027,Open,Not applied,0,0,0,,2026-07-18T23:16:25+00:00,2026-07-20T16:31:26+00:00,0,,
747,Posting date unavailable,,unknown,2,**[Tesla](https://www.dreamworkhq.com/c/tesla.com?utm_source=github&utm_campaign=gh-tech-internships)**,"[Internship, Wireless Connectivity Software Engineer, Electronic Devices…](https://www.dreamworkhq.com/job/ed5900c4-8f99-4261-b3ca-d3911916c766?utm_source=github&utm_campaign=gh-tech-internships)",Software Engineer Intern,"Palo Alto, California",,Onsite,,https://www.dreamworkhq.com/job/ed5900c4-8f99-4261-b3ca-d3911916c766?utm_source=github&utm_campaign=gh-tech-internships,https://www.dreamworkhq.com/job/ed5900c4-8f99-4261-b3ca-d3911916c766,ed5900c4-8f99-4261-b3ca-d3911916c766,,Dreamwork Tech Internships 2027,Open,Not applied,0,0,0,,2026-07-18T23:16:25+00:00,2026-07-20T16:31:26+00:00,0,,
748,Posting date unavailable,,unknown,2,**[Tesla](https://www.dreamworkhq.com/c/tesla.com?utm_source=github&utm_campaign=gh-tech-internships)**,"[Internship, Embedded Software Engineer, Body Controls Firmware (Fall 20…](https://www.dreamworkhq.com/job/c406b040-2e91-4cf4-afc2-158a4c259290?utm_source=github&utm_campaign=gh-tech-internships)",Embedded Software Intern,"Palo Alto, California",,Onsite,,https://www.dreamworkhq.com/job/c406b040-2e91-4cf4-afc2-158a4c259290?utm_source=github&utm_campaign=gh-tech-internships,https://www.dreamworkhq.com/job/c406b040-2e91-4cf4-afc2-158a4c259290,c406b040-2e91-4cf4-afc2-158a4c259290,,Dreamwork Tech Internships 2027,Open,Not applied,0,0,0,,2026-07-18T23:16:25+00:00,2026-07-20T16:31:26+00:00,0,,
386,Posting date unavailable,,unknown,2,Apple,[Software Undergrad Engineering Internship](https://jobs.apple.com/en-us/details/200664785-3810/software-undergrad-engineering-internships?team=STDNT),Software Engineer Intern,SWE intern (undergrad),,Onsite,,https://jobs.apple.com/en-us/details/200664785-3810/software-undergrad-engineering-internships?team=STDNT,https://jobs.apple.com/en-us/details/200664785-3810/software-undergrad-engineering-internships?team=STDNT,,,sndsh404 Summer2027,Open,Not applied,0,0,0,,2026-07-18T23:04:31+00:00,2026-07-20T16:31:26+00:00,0,,
758,Posting date unavailable,,unknown,2,Jump Trading,Campus Trading Team Software Engineer (Intern),Software Engineer Intern,Hong Kong,,Onsite,,https://www.jumptrading.com/hr/job?gh_jid=7565728,https://www.jumptrading.com/hr/job?gh_jid=7565728,7565728,greenhouse,Company ATS:Jump Trading,Open,Not applied,0,0,0,,2026-07-19T00:45:26+00:00,2026-07-20T16:31:26+00:00,0,,
762,Posting date unavailable,,unknown,2,Nuro,"Software Engineer, AI Platform - Intern",Platform Engineer Intern,"Mountain View, California (HQ)",,Onsite,,https://www.nuro.ai/careersitem?gh_jid=7351061,https://nuro.ai/careersitem?gh_jid=7351061,7351061,greenhouse,Company ATS:Nuro,Open,Not applied,0,0,0,,2026-07-19T00:45:26+00:00,2026-07-20T16:31:26+00:00,0,,
753,Posting date unavailable,,unknown,0,**[Tesla](https://www.dreamworkhq.com/c/tesla.com?utm_source=github&utm_campaign=gh-tech-internships)**,"[Internship, Offensive Security Engineer, Information Security (Fall 202…](https://www.dreamworkhq.com/job/5f50d6e9-c1f0-4496-a518-298f2584575d?utm_source=github&utm_campaign=gh-tech-internships)",Security Engineering Intern,"Austin, Texas",United States,Onsite,,https://www.dreamworkhq.com/job/5f50d6e9-c1f0-4496-a518-298f2584575d?utm_source=github&utm_campaign=gh-tech-internships,https://www.dreamworkhq.com/job/5f50d6e9-c1f0-4496-a518-298f2584575d,5f50d6e9-c1f0-4496-a518-298f2584575d,,Dreamwork Tech Internships 2027,Open,Not applied,0,0,0,,2026-07-18T23:16:25+00:00,2026-07-20T16:31:26+00:00,0,,
749,Posting date unavailable,,unknown,0,**[Palantir](https://www.dreamworkhq.com/c/palantir.com?utm_source=github&utm_campaign=gh-tech-internships)**,"[Year at Palantir - Forward Deployed Software Engineer, Internship - Com…](https://www.dreamworkhq.com/job/9d75ecd0-4e08-42a5-9ad6-5af454fd7362?utm_source=github&utm_campaign=gh-tech-internships)",Software Engineer Intern,"New York, NY",United States,Onsite,,https://www.dreamworkhq.com/job/9d75ecd0-4e08-42a5-9ad6-5af454fd7362?utm_source=github&utm_campaign=gh-tech-internships,https://www.dreamworkhq.com/job/9d75ecd0-4e08-42a5-9ad6-5af454fd7362,9d75ecd0-4e08-42a5-9ad6-5af454fd7362,,Dreamwork Tech Internships 2027,Open,Not applied,0,0,1,Export-control eligibility required,2026-07-18T23:16:25+00:00,2026-07-20T16:31:26+00:00,0,,
750,Posting date unavailable,,unknown,0,**[Palantir](https://www.dreamworkhq.com/c/palantir.com?utm_source=github&utm_campaign=gh-tech-internships)**,"[Year at Palantir - Software Engineer, Internship](https://www.dreamworkhq.com/job/ddd79b84-d91b-4fff-be13-c168076c4836?utm_source=github&utm_campaign=gh-tech-internships)",Software Engineer Intern,"New York, NY",United States,Onsite,,https://www.dreamworkhq.com/job/ddd79b84-d91b-4fff-be13-c168076c4836?utm_source=github&utm_campaign=gh-tech-internships,https://www.dreamworkhq.com/job/ddd79b84-d91b-4fff-be13-c168076c4836,ddd79b84-d91b-4fff-be13-c168076c4836,,Dreamwork Tech Internships 2027,Open,Not applied,0,0,1,Export-control eligibility required,2026-07-18T23:16:25+00:00,2026-07-20T16:31:26+00:00,0,,
743,Posting date unavailable,,unknown,0,**[Neuralink](https://www.dreamworkhq.com/c/neuralink.com?utm_source=github&utm_campaign=gh-tech-internships)**,"[Software Engineer Intern, Internal Apps](https://www.dreamworkhq.com/job/743c5898-a7f1-4544-b7e2-f7114944dcb4?utm_source=github&utm_campaign=gh-tech-internships)",Software Engineer Intern,"Austin, Texas, United States; South San Fra…",United States,Onsite,,https://www.dreamworkhq.com/job/743c5898-a7f1-4544-b7e2-f7114944dcb4?utm_source=github&utm_campaign=gh-tech-internships,https://www.dreamworkhq.com/job/743c5898-a7f1-4544-b7e2-f7114944dcb4,743c5898-a7f1-4544-b7e2-f7114944dcb4,,Dreamwork Tech Internships 2027,Open,Not applied,0,0,0,,2026-07-18T23:16:25+00:00,2026-07-20T16:31:26+00:00,0,,
744,Posting date unavailable,,unknown,0,**[Neuralink](https://www.dreamworkhq.com/c/neuralink.com?utm_source=github&utm_campaign=gh-tech-internships)**,"[Software Engineer Intern, Robotics](https://www.dreamworkhq.com/job/7b3f0a52-61e7-45a2-8a97-63863903dcbb?utm_source=github&utm_campaign=gh-tech-internships)",Software Engineer Intern,"Austin, Texas, United States; South San Fra…",United States,Onsite,,https://www.dreamworkhq.com/job/7b3f0a52-61e7-45a2-8a97-63863903dcbb?utm_source=github&utm_campaign=gh-tech-internships,https://www.dreamworkhq.com/job/7b3f0a52-61e7-45a2-8a97-63863903dcbb,7b3f0a52-61e7-45a2-8a97-63863903dcbb,,Dreamwork Tech Internships 2027,Open,Not applied,0,0,0,,2026-07-18T23:16:25+00:00,2026-07-20T16:31:26+00:00,0,,
739,Posting date unavailable,,unknown,0,**[Plus](https://www.dreamworkhq.com/c/plus.ai?utm_source=github&utm_campaign=gh-tech-internships)**,[Software Engineer Intern - Data](https://www.dreamworkhq.com/job/597bd2a3-94e8-494b-ad00-6481e25b050f?utm_source=github&utm_campaign=gh-tech-internships),Software Engineer Intern,"Santa Clara, CA",United States,Onsite,,https://www.dreamworkhq.com/job/597bd2a3-94e8-494b-ad00-6481e25b050f?utm_source=github&utm_campaign=gh-tech-internships,https://www.dreamworkhq.com/job/597bd2a3-94e8-494b-ad00-6481e25b050f,597bd2a3-94e8-494b-ad00-6481e25b050f,,Dreamwork Tech Internships 2027,Open,Not applied,0,0,0,,2026-07-18T23:16:25+00:00,2026-07-20T16:31:26+00:00,0,,
384,Posting date unavailable,,unknown,0,Epic,Software Developer Intern,Software Developer Intern,"Verona, WI",,Onsite,,https://careers.epic.com/jobs/intern/,https://careers.epic.com/jobs/intern,,,sndsh404 Summer2027,Open,Not applied,0,0,0,,2026-07-18T23:04:31+00:00,2026-07-20T16:31:26+00:00,0,,
759,Posting date unavailable,,unknown,0,IMC,2027 - Software Engineering Intern - BITS Pilani,Software Engineer Intern,"Mumbai, India",,Onsite,,https://job-boards.eu.greenhouse.io/imc/jobs/4917549101,https://job-boards.eu.greenhouse.io/imc/jobs/4917549101,4917549101,greenhouse,Company ATS:IMC,Open,Not applied,0,0,0,,2026-07-19T00:45:26+00:00,2026-07-20T16:31:26+00:00,0,,
760,Posting date unavailable,,unknown,0,IMC,2027 - Software Engineering Intern - IIT Bombay,Software Engineer Intern,"Mumbai, India",,Onsite,,https://job-boards.eu.greenhouse.io/imc/jobs/4860319101,https://job-boards.eu.greenhouse.io/imc/jobs/4860319101,4860319101,greenhouse,Company ATS:IMC,Open,Not applied,0,0,0,,2026-07-19T00:45:26+00:00,2026-07-20T16:31:26+00:00,0,,
761,Posting date unavailable,,unknown,0,IMC,2027 - Software Engineering Intern - IIT Delhi,Software Engineer Intern,"Mumbai, India",,Onsite,,https://job-boards.eu.greenhouse.io/imc/jobs/4917535101,https://job-boards.eu.greenhouse.io/imc/jobs/4917535101,4917535101,greenhouse,Company ATS:IMC,Open,Not applied,0,0,0,,2026-07-19T00:45:26+00:00,2026-07-20T16:31:26+00:00,0,,
147,Posting date unavailable,,unknown,-1,Marmon Holdings,Data Engineer – Co-op,Data Engineering Intern,"Oakville, ON, Canada",Canada,Onsite,,https://simplify.jobs/c/Marmon-Holdings?utm_source=GHList&amp;utm_medium=company,https://simplify.jobs/c/Marmon-Holdings?amp;utm_medium=company,,,Simplify Off-Season,Unverified,Not applied,0,0,0,,2026-07-18T23:04:31+00:00,2026-07-20T16:31:26+00:00,0,,Aggregator URL only
146,Posting date unavailable,,unknown,-1,Ontario Teachers' Pension Plan,Intern – Product & Data Engineering - May 2026 - Months,Data Engineering Intern,"Toronto, ON, Canada",Canada,Onsite,,https://simplify.jobs/c/Ontario-Teachers-Pension-Plan?utm_source=GHList&amp;utm_medium=company,https://simplify.jobs/c/Ontario-Teachers-Pension-Plan?amp;utm_medium=company,,,Simplify Off-Season,Unverified,Not applied,0,0,0,,2026-07-18T23:04:31+00:00,2026-07-20T16:31:26+00:00,0,,Aggregator URL only
155,Posting date unavailable,,unknown,-1,Wood,Data Engineering / Computer Science Intern,Data Engineering Intern,"St. John's, NL, Canada",Canada,Onsite,,https://simplify.jobs/c/Wood?utm_source=GHList&amp;utm_medium=company,https://simplify.jobs/c/Wood?amp;utm_medium=company,,,Simplify Off-Season,Unverified,Not applied,0,0,0,,2026-07-18T23:04:31+00:00,2026-07-20T16:31:26+00:00,0,,Aggregator URL only
142,Posting date unavailable,,unknown,-2,Instacart,Machine Learning Engineer Intern,ML Engineering Intern,Remote in USA,United States,Remote,,https://simplify.jobs/c/Instacart?utm_source=GHList&amp;utm_medium=company,https://simplify.jobs/c/Instacart?amp;utm_medium=company,,,Simplify Off-Season,Unverified,Not applied,0,0,0,,2026-07-18T23:04:31+00:00,2026-07-19T01:48:15+00:00,0,,Aggregator URL only
398,Posting date unavailable,,unknown,-2,**[Palantir](https://www.dreamworkhq.com/c/palantir.com?utm_source=github&utm_campaign=gh-tech-internships)**,"[Forward Deployed Infrastructure Engineer, Internship - US Government](https://www.dreamworkhq.com/job/7abcc6aa-41a0-4f1f-a679-5ea19ce03490?utm_source=github&utm_campaign=gh-tech-internships)",Infrastructure Engineer Intern,"New York, NY (Hybrid)",United States,Hybrid,,https://www.dreamworkhq.com/job/7abcc6aa-41a0-4f1f-a679-5ea19ce03490?utm_source=github&utm_campaign=gh-tech-internships,https://www.dreamworkhq.com/job/7abcc6aa-41a0-4f1f-a679-5ea19ce03490,7abcc6aa-41a0-4f1f-a679-5ea19ce03490,,Dreamwork Tech Internships 2027,Unverified,Not applied,0,0,0,,2026-07-18T23:04:31+00:00,2026-07-20T16:31:26+00:00,0,,Aggregator URL only
399,Posting date unavailable,,unknown,-2,**[Palantir](https://www.dreamworkhq.com/c/palantir.com?utm_source=github&utm_campaign=gh-tech-internships)**,"[Forward Deployed Infrastructure Engineer, Internship - US Government](https://www.dreamworkhq.com/job/3fc44650-2d07-4e95-bef5-4beb79ce681f?utm_source=github&utm_campaign=gh-tech-internships)",Infrastructure Engineer Intern,"Palo Alto, CA (Hybrid)",United States,Hybrid,,https://www.dreamworkhq.com/job/3fc44650-2d07-4e95-bef5-4beb79ce681f?utm_source=github&utm_campaign=gh-tech-internships,https://www.dreamworkhq.com/job/3fc44650-2d07-4e95-bef5-4beb79ce681f,3fc44650-2d07-4e95-bef5-4beb79ce681f,,Dreamwork Tech Internships 2027,Unverified,Not applied,0,0,0,,2026-07-18T23:04:31+00:00,2026-07-20T16:31:26+00:00,0,,Aggregator URL only
410,Posting date unavailable,,unknown,-2,**[Palantir](https://www.dreamworkhq.com/c/palantir.com?utm_source=github&utm_campaign=gh-tech-internships)**,"[Software Engineer, Internship - Production Infrastructure](https://www.dreamworkhq.com/job/16edcd85-81a0-4790-b133-2af09f3577e8?utm_source=github&utm_campaign=gh-tech-internships)",Infrastructure Engineer Intern,"Seattle, WA (Hybrid)",United States,Hybrid,,https://www.dreamworkhq.com/job/16edcd85-81a0-4790-b133-2af09f3577e8?utm_source=github&utm_campaign=gh-tech-internships,https://www.dreamworkhq.com/job/16edcd85-81a0-4790-b133-2af09f3577e8,16edcd85-81a0-4790-b133-2af09f3577e8,,Dreamwork Tech Internships 2027,Unverified,Not applied,0,0,0,,2026-07-18T23:04:31+00:00,2026-07-20T16:31:26+00:00,0,,Aggregator URL only
470,Posting date unavailable,,unknown,-2,**[Tesla](https://www.dreamworkhq.com/c/tesla.com?utm_source=github&utm_campaign=gh-tech-internships)**,"[Internship, Architecture & Structural Engineer, Infrastructure (Fall 20…](https://www.dreamworkhq.com/job/c03a9d99-6492-4d81-b557-3dcd1087167b?utm_source=github&utm_campaign=gh-tech-internships)",Infrastructure Engineer Intern,"Austin, Texas",United States,Onsite,,https://www.dreamworkhq.com/job/c03a9d99-6492-4d81-b557-3dcd1087167b?utm_source=github&utm_campaign=gh-tech-internships,https://www.dreamworkhq.com/job/c03a9d99-6492-4d81-b557-3dcd1087167b,c03a9d99-6492-4d81-b557-3dcd1087167b,,Dreamwork Tech Internships 2027,Unverified,Not applied,0,0,0,,2026-07-18T23:04:31+00:00,2026-07-19T01:48:15+00:00,0,,Aggregator URL only
379,Posting date unavailable,,unknown,-2,Blue Origin,Software Developer Intern (Spring 2027),Software Developer Intern,"Seattle, WA (multiple US)",United States,Onsite,Spring 2027,https://blueorigin.wd5.myworkdayjobs.com/en-US/BlueOrigin/job/Greater-Seattle-Area/Spring-2027--Software-Developer-Internship---Undergraduate_R66216,https://blueorigin.wd5.myworkdayjobs.com/en-US/BlueOrigin/job/Greater-Seattle-Area/Spring-2027--Software-Developer-Internship---Undergraduate_R66216,,workday,sndsh404 Summer2027,Open,Not applied,1,0,0,U.S. citizenship required,2026-07-18T23:04:31+00:00,2026-07-20T16:31:26+00:00,0,,
380,Posting date unavailable,,unknown,-2,Blue Origin,Avionics Software Intern (Spring 2027),Software Engineer Intern,"Seattle, WA (multiple US)",United States,Onsite,Spring 2027,https://blueorigin.wd5.myworkdayjobs.com/en-US/BlueOrigin/job/Greater-Seattle-Area/Spring-2027-Avionics-Software-Internship---Undergraduate_R66213,https://blueorigin.wd5.myworkdayjobs.com/en-US/BlueOrigin/job/Greater-Seattle-Area/Spring-2027-Avionics-Software-Internship---Undergraduate_R66213,,workday,sndsh404 Summer2027,Open,Not applied,1,0,0,U.S. citizenship required,2026-07-18T23:04:31+00:00,2026-07-20T16:31:26+00:00,0,,
395,Posting date unavailable,,unknown,-2,**[Tesla](https://www.dreamworkhq.com/c/tesla.com?utm_source=github&utm_campaign=gh-tech-internships)**,"[Internship, Supercharger SIL Test Infrastructure Software Engineer, Ene…](https://www.dreamworkhq.com/job/d588b426-958c-470a-9916-a1085605c59f?utm_source=github&utm_campaign=gh-tech-internships)",Infrastructure Engineer Intern,"Palo Alto, California",,Onsite,,https://www.dreamworkhq.com/job/d588b426-958c-470a-9916-a1085605c59f?utm_source=github&utm_campaign=gh-tech-internships,https://www.dreamworkhq.com/job/d588b426-958c-470a-9916-a1085605c59f,d588b426-958c-470a-9916-a1085605c59f,,Dreamwork Tech Internships 2027,Unverified,Not applied,0,0,0,,2026-07-18T23:04:31+00:00,2026-07-20T16:31:26+00:00,0,,Aggregator URL only
427,Posting date unavailable,,unknown,-2,**[Tesla](https://www.dreamworkhq.com/c/tesla.com?utm_source=github&utm_campaign=gh-tech-internships)**,"[Internship, Software Machine Learning Engineer, Reliability Energy Engi…](https://www.dreamworkhq.com/job/1e3ba0aa-6a2d-4e3d-9b6e-d57d0974c071?utm_source=github&utm_campaign=gh-tech-internships)",ML Engineering Intern,"Palo Alto, California",,Onsite,,https://www.dreamworkhq.com/job/1e3ba0aa-6a2d-4e3d-9b6e-d57d0974c071?utm_source=github&utm_campaign=gh-tech-internships,https://www.dreamworkhq.com/job/1e3ba0aa-6a2d-4e3d-9b6e-d57d0974c071,1e3ba0aa-6a2d-4e3d-9b6e-d57d0974c071,,Dreamwork Tech Internships 2027,Unverified,Not applied,0,0,0,,2026-07-18T23:04:31+00:00,2026-07-20T16:31:26+00:00,0,,Aggregator URL only
377,Posting date unavailable,,unknown,-2,Midmark,Firmware Engineering Co-op (Spring 2027),Firmware Intern,"Versailles, OH",,Onsite,Spring 2027,https://hcor.fa.us2.oraclecloud.com/hcmUI/CandidateExperience/en/sites/CX_1/job/4333,https://hcor.fa.us2.oraclecloud.com/hcmUI/CandidateExperience/en/sites/CX_1/job/4333,,,sndsh404 Summer2027,Open,Not applied,0,0,0,,2026-07-18T23:04:31+00:00,2026-07-20T16:31:26+00:00,0,,
383,Posting date unavailable,,unknown,-2,CloudFit Software,"Summer Intern, Early Interest (Software / AI/ML / Cyber)",Software Engineer Intern,"Lynchburg, VA",,Onsite,,https://cloudfitsoftware.applytojob.com/apply/oaG5GcybAo,https://cloudfitsoftware.applytojob.com/apply/oaG5GcybAo,,,sndsh404 Summer2027,Open,Not applied,1,0,0,U.S. citizenship required,2026-07-18T23:04:31+00:00,2026-07-20T16:31:26+00:00,0,,
152,Posting date unavailable,,unknown,-3,Genesys,Software Developer Intern - Analytics - 3mos,Software Developer Intern,Canada,Canada,Onsite,,https://simplify.jobs/c/a073f454-6408-44aa-87cc-070e67702447?utm_source=GHList&amp;utm_medium=company,https://simplify.jobs/c/a073f454-6408-44aa-87cc-070e67702447?amp;utm_medium=company,a073f454-6408-44aa-87cc-070e67702447,,Simplify Off-Season,Unverified,Not applied,0,0,0,,2026-07-18T23:04:31+00:00,2026-07-20T16:31:26+00:00,0,,Aggregator URL only
420,Posting date unavailable,,unknown,-4,**[Astreya](https://www.dreamworkhq.com/c/astreya.com?utm_source=github&utm_campaign=gh-tech-internships)**,[AI Infrastructure DC Design Intern](https://www.dreamworkhq.com/job/72f95c68-e9d3-451c-b450-542c0b6b208d?utm_source=github&utm_campaign=gh-tech-internships),Infrastructure Engineer Intern,"Remote (Remote, CA)",United States,Remote,,https://www.dreamworkhq.com/job/72f95c68-e9d3-451c-b450-542c0b6b208d?utm_source=github&utm_campaign=gh-tech-internships,https://www.dreamworkhq.com/job/72f95c68-e9d3-451c-b450-542c0b6b208d,72f95c68-e9d3-451c-b450-542c0b6b208d,,Dreamwork Tech Internships 2027,Unverified,Not applied,0,0,0,,2026-07-18T23:04:31+00:00,2026-07-19T01:48:15+00:00,0,,Aggregator URL only
456,Posting date unavailable,,unknown,-4,**[Athenago](https://www.dreamworkhq.com/c/athena.com?utm_source=github&utm_campaign=gh-tech-internships)**,[AI Engineering Intern](https://www.dreamworkhq.com/job/a8ed6e2d-315d-499a-8193-d83f0f610859?utm_source=github&utm_campaign=gh-tech-internships),AI Engineering Intern,Remote (Wilmington),,Remote,,https://www.dreamworkhq.com/job/a8ed6e2d-315d-499a-8193-d83f0f610859?utm_source=github&utm_campaign=gh-tech-internships,https://www.dreamworkhq.com/job/a8ed6e2d-315d-499a-8193-d83f0f610859,a8ed6e2d-315d-499a-8193-d83f0f610859,,Dreamwork Tech Internships 2027,Unverified,Not applied,0,0,0,,2026-07-18T23:04:31+00:00,2026-07-20T16:31:26+00:00,0,,Aggregator URL only
436,Posting date unavailable,,unknown,-4,**[Defenseunicorns](https://www.dreamworkhq.com/c/defenseunicorns.com?utm_source=github&utm_campaign=gh-tech-internships)**,[SkillBridge Intern - Platform Engineer](https://www.dreamworkhq.com/job/88983c1b-7f6e-4eca-967d-6e2613a99c51?utm_source=github&utm_campaign=gh-tech-internships),Platform Engineer Intern,"Remote (Remote, United States)",United States,Remote,,https://www.dreamworkhq.com/job/88983c1b-7f6e-4eca-967d-6e2613a99c51?utm_source=github&utm_campaign=gh-tech-internships,https://www.dreamworkhq.com/job/88983c1b-7f6e-4eca-967d-6e2613a99c51,88983,,Dreamwork Tech Internships 2027,Unverified,Not applied,0,0,0,,2026-07-18T23:04:31+00:00,2026-07-20T16:31:26+00:00,0,,Aggregator URL only
145,Posting date unavailable,,unknown,-4,Abacus Insights,Data Engineer Intern,Data Engineering Intern,Remote in USA,United States,Remote,,https://simplify.jobs/c/Abacus-Insights?utm_source=GHList&amp;utm_medium=company,https://simplify.jobs/c/Abacus-Insights?amp;utm_medium=company,,,Simplify Off-Season,Unverified,Not applied,0,0,0,,2026-07-18T23:04:31+00:00,2026-07-20T16:31:26+00:00,0,,Aggregator URL only
421,Posting date unavailable,,unknown,-4,**[Anduril](https://www.dreamworkhq.com/c/anduril.com?utm_source=github&utm_campaign=gh-tech-internships)**,[2027 Software Engineer Intern](https://www.dreamworkhq.com/job/60a5fc55-7b41-44fe-b15d-eeaf1d273271?utm_source=github&utm_campaign=gh-tech-internships),Software Engineer Intern,"Atlanta, Georgia, United States; Boston, Ma…",United States,Onsite,,https://www.dreamworkhq.com/job/60a5fc55-7b41-44fe-b15d-eeaf1d273271?utm_source=github&utm_campaign=gh-tech-internships,https://www.dreamworkhq.com/job/60a5fc55-7b41-44fe-b15d-eeaf1d273271,60a5fc55-7b41-44fe-b15d-eeaf1d273271,,Dreamwork Tech Internships 2027,Unverified,Not applied,0,0,0,,2026-07-18T23:04:31+00:00,2026-07-20T16:31:26+00:00,0,,Aggregator URL only
430,Posting date unavailable,,unknown,-4,**[LiveRamp](https://www.dreamworkhq.com/c/liveramp.com?utm_source=github&utm_campaign=gh-tech-internships)**,"[Co-Op, Software Engineer - Action Runtime](https://www.dreamworkhq.com/job/29c918f6-9289-4ff4-a7c8-123258c8c1ad?utm_source=github&utm_campaign=gh-tech-internships)",Software Developer Co-op,San Francisco,United States,Onsite,,https://www.dreamworkhq.com/job/29c918f6-9289-4ff4-a7c8-123258c8c1ad?utm_source=github&utm_campaign=gh-tech-internships,https://www.dreamworkhq.com/job/29c918f6-9289-4ff4-a7c8-123258c8c1ad,29c918f6-9289-4ff4-a7c8-123258c8c1ad,,Dreamwork Tech Internships 2027,Unverified,Not applied,0,0,0,,2026-07-18T23:04:31+00:00,2026-07-20T16:31:26+00:00,0,,Aggregator URL only
409,Posting date unavailable,,unknown,-4,**[Palantir](https://www.dreamworkhq.com/c/palantir.com?utm_source=github&utm_campaign=gh-tech-internships)**,"[Forward Deployed Software Engineer, Internship - Commercial](https://www.dreamworkhq.com/job/c4d2b2f2-8103-4553-bd81-43cf3cdc7ebc?utm_source=github&utm_campaign=gh-tech-internships)",Software Engineer Intern,"Chicago, IL (Hybrid)",United States,Hybrid,,https://www.dreamworkhq.com/job/c4d2b2f2-8103-4553-bd81-43cf3cdc7ebc?utm_source=github&utm_campaign=gh-tech-internships,https://www.dreamworkhq.com/job/c4d2b2f2-8103-4553-bd81-43cf3cdc7ebc,c4d2b2f2-8103-4553-bd81-43cf3cdc7ebc,,Dreamwork Tech Internships 2027,Unverified,Not applied,0,0,0,,2026-07-18T23:04:31+00:00,2026-07-20T16:31:26+00:00,0,,Aggregator URL only
411,Posting date unavailable,,unknown,-4,**[Palantir](https://www.dreamworkhq.com/c/palantir.com?utm_source=github&utm_campaign=gh-tech-internships)**,"[Software Engineer, Internship - Defense Tech](https://www.dreamworkhq.com/job/c09e7bb1-3535-4465-a75a-8ca6ed33fc55?utm_source=github&utm_campaign=gh-tech-internships)",Software Engineer Intern,"New York, NY (Hybrid)",United States,Hybrid,,https://www.dreamworkhq.com/job/c09e7bb1-3535-4465-a75a-8ca6ed33fc55?utm_source=github&utm_campaign=gh-tech-internships,https://www.dreamworkhq.com/job/c09e7bb1-3535-4465-a75a-8ca6ed33fc55,c09e7bb1-3535-4465-a75a-8ca6ed33fc55,,Dreamwork Tech Internships 2027,Unverified,Not applied,0,0,0,,2026-07-18T23:04:31+00:00,2026-07-20T16:31:26+00:00,0,,Aggregator URL only
412,Posting date unavailable,,unknown,-4,**[Palantir](https://www.dreamworkhq.com/c/palantir.com?utm_source=github&utm_campaign=gh-tech-internships)**,"[Software Engineer, Internship](https://www.dreamworkhq.com/job/907a24b4-5777-4188-b717-24eec49864a4?utm_source=github&utm_campaign=gh-tech-internships)",Software Engineer Intern,"Palo Alto, CA (Hybrid)",United States,Hybrid,,https://www.dreamworkhq.com/job/907a24b4-5777-4188-b717-24eec49864a4?utm_source=github&utm_campaign=gh-tech-internships,https://www.dreamworkhq.com/job/907a24b4-5777-4188-b717-24eec49864a4,907a24b4-5777-4188-b717-24eec49864a4,,Dreamwork Tech Internships 2027,Unverified,Not applied,0,0,0,,2026-07-18T23:04:31+00:00,2026-07-20T16:31:26+00:00,0,,Aggregator URL only
477,Posting date unavailable,,unknown,-4,**[Ramp](https://www.dreamworkhq.com/c/ramp.com?utm_source=github&utm_campaign=gh-tech-internships)**,"[Software Engineer Internship, Android](https://www.dreamworkhq.com/job/9da1906b-d8fa-4b46-b856-9eaebd6d342a?utm_source=github&utm_campaign=gh-tech-internships)",Mobile Engineer Intern,"New York, NY (HQ) (Hybrid)",United States,Hybrid,,https://www.dreamworkhq.com/job/9da1906b-d8fa-4b46-b856-9eaebd6d342a?utm_source=github&utm_campaign=gh-tech-internships,https://www.dreamworkhq.com/job/9da1906b-d8fa-4b46-b856-9eaebd6d342a,9da1906b-d8fa-4b46-b856-9eaebd6d342a,,Dreamwork Tech Internships 2027,Unverified,Not applied,0,0,0,,2026-07-18T23:04:31+00:00,2026-07-20T16:31:26+00:00,0,,Aggregator URL only
449,Posting date unavailable,,unknown,-4,**[Black Box](https://www.dreamworkhq.com/c/blackbox.com?utm_source=github&utm_campaign=gh-tech-internships)**,[AI Engineer Intern - USA](https://www.dreamworkhq.com/job/0e8f34b9-49e3-49f9-902a-7a23d53f1d05?utm_source=github&utm_campaign=gh-tech-internships),AI Engineering Intern,"PLANO, TX, United States",United States,Onsite,,https://www.dreamworkhq.com/job/0e8f34b9-49e3-49f9-902a-7a23d53f1d05?utm_source=github&utm_campaign=gh-tech-internships,https://www.dreamworkhq.com/job/0e8f34b9-49e3-49f9-902a-7a23d53f1d05,0e8f34b9-49e3-49f9-902a-7a23d53f1d05,,Dreamwork Tech Internships 2027,Unverified,Not applied,0,0,0,,2026-07-18T23:04:31+00:00,2026-07-20T16:31:26+00:00,0,,Aggregator URL only
422,Posting date unavailable,,unknown,-4,**[Fortive](https://www.dreamworkhq.com/c/fortive.com?utm_source=github&utm_campaign=gh-tech-internships)**,[IT Infrastructure Internship](https://www.dreamworkhq.com/job/8ec0e4dd-4792-4c2d-b4fb-e3259c161ca3?utm_source=github&utm_campaign=gh-tech-internships),Infrastructure Engineer Intern,"Irvine, CA, United States",United States,Onsite,,https://www.dreamworkhq.com/job/8ec0e4dd-4792-4c2d-b4fb-e3259c161ca3?utm_source=github&utm_campaign=gh-tech-internships,https://www.dreamworkhq.com/job/8ec0e4dd-4792-4c2d-b4fb-e3259c161ca3,8ec0e4dd-4792-4c2d-b4fb-e3259c161ca3,,Dreamwork Tech Internships 2027,Unverified,Not applied,0,0,0,,2026-07-18T23:04:31+00:00,2026-07-20T16:31:26+00:00,0,,Aggregator URL only
468,Posting date unavailable,,unknown,-4,**[General Dynamics Mission Systems](https://www.dreamworkhq.com/c/gdmissionsystems.com?utm_source=github&utm_campaign=gh-tech-internships)**,[Infrastructure Engineer Co-op (Fall 2026 or Spring 2027)](https://www.dreamworkhq.com/job/69192b0c-3ffe-4392-8feb-2f4131dd344f?utm_source=github&utm_campaign=gh-tech-internships),Infrastructure Engineer Intern,"Pittsfield, MA, US (Hybrid)",United States,Hybrid,Spring 2027,https://www.dreamworkhq.com/job/69192b0c-3ffe-4392-8feb-2f4131dd344f?utm_source=github&utm_campaign=gh-tech-internships,https://www.dreamworkhq.com/job/69192b0c-3ffe-4392-8feb-2f4131dd344f,69192,,Dreamwork Tech Internships 2027,Unverified,Not applied,0,0,0,,2026-07-18T23:04:31+00:00,2026-07-20T16:31:26+00:00,0,,Aggregator URL only
458,Posting date unavailable,,unknown,-4,**[Neuralink](https://www.dreamworkhq.com/c/neuralink.com?utm_source=github&utm_campaign=gh-tech-internships)**,"[Software Engineer Intern, Infrastructure](https://www.dreamworkhq.com/job/9d4dc14a-862c-4d82-bf1d-50b23bffc933?utm_source=github&utm_campaign=gh-tech-internships)",Infrastructure Engineer Intern,"South San Francisco, California, United Sta…",United States,Onsite,,https://www.dreamworkhq.com/job/9d4dc14a-862c-4d82-bf1d-50b23bffc933?utm_source=github&utm_campaign=gh-tech-internships,https://www.dreamworkhq.com/job/9d4dc14a-862c-4d82-bf1d-50b23bffc933,9d4dc14a-862c-4d82-bf1d-50b23bffc933,,Dreamwork Tech Internships 2027,Unverified,Not applied,0,0,0,,2026-07-18T23:04:31+00:00,2026-07-20T16:31:26+00:00,0,,Aggregator URL only
462,Posting date unavailable,,unknown,-4,**[Neuralink](https://www.dreamworkhq.com/c/neuralink.com?utm_source=github&utm_campaign=gh-tech-internships)**,[Machine Learning Engineer Intern](https://www.dreamworkhq.com/job/17b77c2a-38b3-4c4b-96e3-bebcb2638b68?utm_source=github&utm_campaign=gh-tech-internships),ML Engineering Intern,"South San Francisco, California, United Sta…",United States,Onsite,,https://www.dreamworkhq.com/job/17b77c2a-38b3-4c4b-96e3-bebcb2638b68?utm_source=github&utm_campaign=gh-tech-internships,https://www.dreamworkhq.com/job/17b77c2a-38b3-4c4b-96e3-bebcb2638b68,17b77c2a-38b3-4c4b-96e3-bebcb2638b68,,Dreamwork Tech Internships 2027,Unverified,Not applied,0,0,0,,2026-07-18T23:04:31+00:00,2026-07-20T16:31:26+00:00,0,,Aggregator URL only
433,Posting date unavailable,,unknown,-4,**[Octaura](https://www.dreamworkhq.com/c/octaura.com?utm_source=github&utm_campaign=gh-tech-internships)**,"[Intern, Data Engineering](https://www.dreamworkhq.com/job/b0c1283b-9890-47ee-b7de-d04230672877?utm_source=github&utm_campaign=gh-tech-internships)",Data Engineering Intern,New York,United States,Onsite,,https://www.dreamworkhq.com/job/b0c1283b-9890-47ee-b7de-d04230672877?utm_source=github&utm_campaign=gh-tech-internships,https://www.dreamworkhq.com/job/b0c1283b-9890-47ee-b7de-d04230672877,b0c1283b-9890-47ee-b7de-d04230672877,,Dreamwork Tech Internships 2027,Unverified,Not applied,0,0,0,,2026-07-18T23:04:31+00:00,2026-07-20T16:31:26+00:00,0,,Aggregator URL only
451,Posting date unavailable,,unknown,-4,**[Plus](https://www.dreamworkhq.com/c/plus.ai?utm_source=github&utm_campaign=gh-tech-internships)**,[Software Engineer Intern - Data Infrastructure and Tools](https://www.dreamworkhq.com/job/2bc2d931-f3d3-438f-b31b-8e6e850f1dcb?utm_source=github&utm_campaign=gh-tech-internships),Infrastructure Engineer Intern,"Santa Clara, CA",United States,Onsite,,https://www.dreamworkhq.com/job/2bc2d931-f3d3-438f-b31b-8e6e850f1dcb?utm_source=github&utm_campaign=gh-tech-internships,https://www.dreamworkhq.com/job/2bc2d931-f3d3-438f-b31b-8e6e850f1dcb,2bc2d931-f3d3-438f-b31b-8e6e850f1dcb,,Dreamwork Tech Internships 2027,Unverified,Not applied,0,0,0,,2026-07-18T23:04:31+00:00,2026-07-20T16:31:26+00:00,0,,Aggregator URL only
453,Posting date unavailable,,unknown,-4,**[Plus](https://www.dreamworkhq.com/c/plus.ai?utm_source=github&utm_campaign=gh-tech-internships)**,[Full Stack Engineer Intern](https://www.dreamworkhq.com/job/13893af7-fab0-44ba-a06b-40a92a708077?utm_source=github&utm_campaign=gh-tech-internships),Full Stack Engineer Intern,"Santa Clara, CA",United States,Onsite,,https://www.dreamworkhq.com/job/13893af7-fab0-44ba-a06b-40a92a708077?utm_source=github&utm_campaign=gh-tech-internships,https://www.dreamworkhq.com/job/13893af7-fab0-44ba-a06b-40a92a708077,13893,,Dreamwork Tech Internships 2027,Unverified,Not applied,0,0,0,,2026-07-18T23:04:31+00:00,2026-07-20T16:31:26+00:00,0,,Aggregator URL only
454,Posting date unavailable,,unknown,-4,**[Plus](https://www.dreamworkhq.com/c/plus.ai?utm_source=github&utm_campaign=gh-tech-internships)**,[Machine Learning Engineer Intern - Planning](https://www.dreamworkhq.com/job/2a95cce9-3fd6-41e5-b5f0-70ca34060778?utm_source=github&utm_campaign=gh-tech-internships),ML Engineering Intern,"Santa Clara, CA",United States,Onsite,,https://www.dreamworkhq.com/job/2a95cce9-3fd6-41e5-b5f0-70ca34060778?utm_source=github&utm_campaign=gh-tech-internships,https://www.dreamworkhq.com/job/2a95cce9-3fd6-41e5-b5f0-70ca34060778,2a95cce9-3fd6-41e5-b5f0-70ca34060778,,Dreamwork Tech Internships 2027,Unverified,Not applied,0,0,0,,2026-07-18T23:04:31+00:00,2026-07-20T16:31:26+00:00,0,,Aggregator URL only
143,Posting date unavailable,,unknown,-4,Auctane,Data Engineering Intern,Data Engineering Intern,"Austin, TX",United States,Onsite,,https://simplify.jobs/c/Auctane?utm_source=GHList&amp;utm_medium=company,https://simplify.jobs/c/Auctane?amp;utm_medium=company,,,Simplify Off-Season,Unverified,Not applied,0,0,0,,2026-07-18T23:04:31+00:00,2026-07-20T16:31:26+00:00,0,,Aggregator URL only
148,Posting date unavailable,,unknown,-4,Cirrus Logic,Intern - Embedded Machine Learning Engineer - AI/ML,ML Engineering Intern,"Austin, TX",United States,Onsite,,https://simplify.jobs/c/Cirrus-Logic?utm_source=GHList&amp;utm_medium=company,https://simplify.jobs/c/Cirrus-Logic?amp;utm_medium=company,,,Simplify Off-Season,Unverified,Not applied,0,0,0,,2026-07-18T23:04:31+00:00,2026-07-20T16:31:26+00:00,0,,Aggregator URL only
158,Posting date unavailable,,unknown,-4,Dallas Fort Worth International Airport,Undergraduate IT Data Engineering Intern - IT Data Engineering,Data Engineering Intern,"Dallas, TX",United States,Onsite,,https://simplify.jobs/c/Dallas-Fort-Worth-International-Airport?utm_source=GHList&amp;utm_medium=company,https://simplify.jobs/c/Dallas-Fort-Worth-International-Airport?amp;utm_medium=company,,,Simplify Off-Season,Unverified,Not applied,0,0,0,,2026-07-18T23:04:31+00:00,2026-07-20T16:31:26+00:00,0,,Aggregator URL only
154,Posting date unavailable,,unknown,-4,Found Energy,Data Engineer Spring Co-op Spring,Data Engineering Intern,"Boston, MA",United States,Onsite,,https://simplify.jobs/c/Found-Energy?utm_source=GHList&amp;utm_medium=company,https://simplify.jobs/c/Found-Energy?amp;utm_medium=company,,,Simplify Off-Season,Unverified,Not applied,0,0,0,,2026-07-18T23:04:31+00:00,2026-07-20T16:31:26+00:00,0,,Aggregator URL only
156,Posting date unavailable,,unknown,-4,Harvard Business Publishing,Data Engineering Co-Op,Data Engineering Intern,"Boston, MA",United States,Onsite,,https://simplify.jobs/c/d81af397-171b-4d7e-972e-b4ec5cf23ea0?utm_source=GHList&amp;utm_medium=company,https://simplify.jobs/c/d81af397-171b-4d7e-972e-b4ec5cf23ea0?amp;utm_medium=company,d81af397-171b-4d7e-972e-b4ec5cf23ea0,,Simplify Off-Season,Unverified,Not applied,0,0,0,,2026-07-18T23:04:31+00:00,2026-07-20T16:31:26+00:00,0,,Aggregator URL only
149,Posting date unavailable,,unknown,-4,Vera Institute of Justice,Data Engineering Intern - Research Central,Data Engineering Intern,"4 locations New Orleans, LA Washington, DC LA Brooklyn, NY",United States,Onsite,,https://simplify.jobs/c/VeraInstitute?utm_source=GHList&amp;utm_medium=company,https://simplify.jobs/c/VeraInstitute?amp;utm_medium=company,,,Simplify Off-Season,Unverified,Not applied,0,0,0,,2026-07-18T23:04:31+00:00,2026-07-20T16:31:26+00:00,0,,Aggregator URL only
144,Posting date unavailable,,unknown,-4,Zscaler,Data Engineer Intern,Data Engineering Intern,"San Jose, CA",United States,Onsite,,https://simplify.jobs/c/Zscaler?utm_source=GHList&amp;utm_medium=company,https://simplify.jobs/c/Zscaler?amp;utm_medium=company,,,Simplify Off-Season,Unverified,Not applied,0,0,0,,2026-07-18T23:04:31+00:00,2026-07-20T16:31:26+00:00,0,,Aggregator URL only
473,Posting date unavailable,,unknown,-4,**[Palantir](https://www.dreamworkhq.com/c/palantir.com?utm_source=github&utm_campaign=gh-tech-internships)**,"[Forward Deployed Software Engineer, Internship - US Government](https://www.dreamworkhq.com/job/49206733-3606-4edc-a460-770552359b00?utm_source=github&utm_campaign=gh-tech-internships)",Software Engineer Intern,"Honolulu, HI (Hybrid)",,Hybrid,,https://www.dreamworkhq.com/job/49206733-3606-4edc-a460-770552359b00?utm_source=github&utm_campaign=gh-tech-internships,https://www.dreamworkhq.com/job/49206733-3606-4edc-a460-770552359b00,49206733,,Dreamwork Tech Internships 2027,Unverified,Not applied,0,0,0,,2026-07-18T23:04:31+00:00,2026-07-20T16:31:26+00:00,0,,Aggregator URL only
403,Posting date unavailable,,unknown,-4,**[Tesla](https://www.dreamworkhq.com/c/tesla.com?utm_source=github&utm_campaign=gh-tech-internships)**,"[Internship, Distributed Systems Software Engineer, Energy Engineering (…](https://www.dreamworkhq.com/job/b47f8cf5-c50f-40d0-b667-ff45dc2d37db?utm_source=github&utm_campaign=gh-tech-internships)",Software Engineer Intern,"Palo Alto, California",,Onsite,,https://www.dreamworkhq.com/job/b47f8cf5-c50f-40d0-b667-ff45dc2d37db?utm_source=github&utm_campaign=gh-tech-internships,https://www.dreamworkhq.com/job/b47f8cf5-c50f-40d0-b667-ff45dc2d37db,b47f8cf5-c50f-40d0-b667-ff45dc2d37db,,Dreamwork Tech Internships 2027,Unverified,Not applied,0,0,0,,2026-07-18T23:04:31+00:00,2026-07-20T16:31:26+00:00,0,,Aggregator URL only
418,Posting date unavailable,,unknown,-4,**[Tesla](https://www.dreamworkhq.com/c/tesla.com?utm_source=github&utm_campaign=gh-tech-internships)**,"[Internship, Embedded System Software Engineer, Energy Engineering (Fall…](https://www.dreamworkhq.com/job/e08f8a85-63ff-47c2-b296-47d90071c1e0?utm_source=github&utm_campaign=gh-tech-internships)",Embedded Software Intern,"Palo Alto, California",,Onsite,,https://www.dreamworkhq.com/job/e08f8a85-63ff-47c2-b296-47d90071c1e0?utm_source=github&utm_campaign=gh-tech-internships,https://www.dreamworkhq.com/job/e08f8a85-63ff-47c2-b296-47d90071c1e0,e08f8a85-63ff-47c2-b296-47d90071c1e0,,Dreamwork Tech Internships 2027,Unverified,Not applied,0,0,0,,2026-07-18T23:04:31+00:00,2026-07-20T16:31:26+00:00,0,,Aggregator URL only
467,Posting date unavailable,,unknown,-4,**[Tesla](https://www.dreamworkhq.com/c/tesla.com?utm_source=github&utm_campaign=gh-tech-internships)**,"[Internship, Mobile Application Software Engineer, Energy Engineering (F…](https://www.dreamworkhq.com/job/59592fd0-d6d4-463e-b730-7a55dd4e8316?utm_source=github&utm_campaign=gh-tech-internships)",Mobile Engineer Intern,"Palo Alto, California",,Onsite,,https://www.dreamworkhq.com/job/59592fd0-d6d4-463e-b730-7a55dd4e8316?utm_source=github&utm_campaign=gh-tech-internships,https://www.dreamworkhq.com/job/59592fd0-d6d4-463e-b730-7a55dd4e8316,59592,,Dreamwork Tech Internships 2027,Unverified,Not applied,0,0,0,,2026-07-18T23:04:31+00:00,2026-07-20T16:31:26+00:00,0,,Aggregator URL only
397,Posting date unavailable,,unknown,-4,**[Exowatt](https://www.dreamworkhq.com/c/exowatt.com?utm_source=github&utm_campaign=gh-tech-internships)**,[Software Engineering Intern - Agent Platform (AI)](https://www.dreamworkhq.com/job/0079e44f-d813-4f6b-943e-fcbbcf172ebd?utm_source=github&utm_campaign=gh-tech-internships),Platform Engineer Intern,"Miami, FL",,Onsite,,https://www.dreamworkhq.com/job/0079e44f-d813-4f6b-943e-fcbbcf172ebd?utm_source=github&utm_campaign=gh-tech-internships,https://www.dreamworkhq.com/job/0079e44f-d813-4f6b-943e-fcbbcf172ebd,0079e44f-d813-4f6b-943e-fcbbcf172ebd,,Dreamwork Tech Internships 2027,Unverified,Not applied,0,0,0,,2026-07-18T23:04:31+00:00,2026-07-20T16:31:26+00:00,0,,Aggregator URL only
392,Posting date unavailable,,unknown,-4,**[Ferrovial](https://www.dreamworkhq.com/c/ferrovial.com?utm_source=github&utm_campaign=gh-tech-internships)**,[Webber - Field Engineer Intern I - Infrastructure](https://www.dreamworkhq.com/job/5bc3afd1-ce8e-4e73-986b-40d17f5b016c?utm_source=github&utm_campaign=gh-tech-internships),Infrastructure Engineer Intern,Miami,,Onsite,,https://www.dreamworkhq.com/job/5bc3afd1-ce8e-4e73-986b-40d17f5b016c?utm_source=github&utm_campaign=gh-tech-internships,https://www.dreamworkhq.com/job/5bc3afd1-ce8e-4e73-986b-40d17f5b016c,5bc3afd1-ce8e-4e73-986b-40d17f5b016c,,Dreamwork Tech Internships 2027,Unverified,Not applied,0,0,0,,2026-07-18T23:04:31+00:00,2026-07-20T16:31:26+00:00,0,,Aggregator URL only
393,Posting date unavailable,,unknown,-4,**[Ferrovial](https://www.dreamworkhq.com/c/ferrovial.com?utm_source=github&utm_campaign=gh-tech-internships)**,[Webber - Field Engineer Intern I - Infrastructure](https://www.dreamworkhq.com/job/21839cf9-d92d-46ac-bf11-f4bf4d985f22?utm_source=github&utm_campaign=gh-tech-internships),Infrastructure Engineer Intern,"Murfreesboro, TN",,Onsite,,https://www.dreamworkhq.com/job/21839cf9-d92d-46ac-bf11-f4bf4d985f22?utm_source=github&utm_campaign=gh-tech-internships,https://www.dreamworkhq.com/job/21839cf9-d92d-46ac-bf11-f4bf4d985f22,21839,,Dreamwork Tech Internships 2027,Unverified,Not applied,0,0,0,,2026-07-18T23:04:31+00:00,2026-07-20T16:31:26+00:00,0,,Aggregator URL only
406,Posting date unavailable,,unknown,-4,**[Nelnet](https://www.dreamworkhq.com/c/nelnet.com?utm_source=github&utm_campaign=gh-tech-internships)**,[Intern - AI Engineer](https://www.dreamworkhq.com/job/6be35633-209e-44a1-96c8-688a1c9c28bd?utm_source=github&utm_campaign=gh-tech-internships),AI Engineering Intern,"Lincoln, NE",,Onsite,,https://www.dreamworkhq.com/job/6be35633-209e-44a1-96c8-688a1c9c28bd?utm_source=github&utm_campaign=gh-tech-internships,https://www.dreamworkhq.com/job/6be35633-209e-44a1-96c8-688a1c9c28bd,6be35633-209e-44a1-96c8-688a1c9c28bd,,Dreamwork Tech Internships 2027,Unverified,Not applied,0,0,0,,2026-07-18T23:04:31+00:00,2026-07-20T16:31:26+00:00,0,,Aggregator URL only
474,Posting date unavailable,,unknown,-4,**[Nuro](https://www.dreamworkhq.com/c/nuro.ai?utm_source=github&utm_campaign=gh-tech-internships)**,"[Software Engineer, AI Platform - Intern](https://www.dreamworkhq.com/job/288a5819-cfb6-48eb-af99-6116c93ea065?utm_source=github&utm_campaign=gh-tech-internships)",Platform Engineer Intern,"Mountain View, California (HQ)",,Onsite,,https://www.dreamworkhq.com/job/288a5819-cfb6-48eb-af99-6116c93ea065?utm_source=github&utm_campaign=gh-tech-internships,https://www.dreamworkhq.com/job/288a5819-cfb6-48eb-af99-6116c93ea065,288a5819-cfb6-48eb-af99-6116c93ea065,,Dreamwork Tech Internships 2027,Unverified,Not applied,0,0,0,,2026-07-18T23:04:31+00:00,2026-07-20T16:31:26+00:00,0,,Aggregator URL only
426,Posting date unavailable,,unknown,-4,**[Peraton](https://www.dreamworkhq.com/c/peraton.com?utm_source=github&utm_campaign=gh-tech-internships)**,[Generative AI Engineering Intern (Graduate)](https://www.dreamworkhq.com/job/cde5a8fe-7309-400f-adc5-edbd783ac6ca?utm_source=github&utm_campaign=gh-tech-internships),AI Engineering Intern,US (Hybrid),,Hybrid,,https://www.dreamworkhq.com/job/cde5a8fe-7309-400f-adc5-edbd783ac6ca?utm_source=github&utm_campaign=gh-tech-internships,https://www.dreamworkhq.com/job/cde5a8fe-7309-400f-adc5-edbd783ac6ca,cde5a8fe-7309-400f-adc5-edbd783ac6ca,,Dreamwork Tech Internships 2027,Unverified,Not applied,0,0,0,,2026-07-18T23:04:31+00:00,2026-07-20T16:31:26+00:00,0,,Aggregator URL only
150,Posting date unavailable,,unknown,-4,Commonwealth of Massachusetts,Geospatial AI Data Engineer Co-op,Data Engineering Intern,Massachusetts,,Onsite,,https://simplify.jobs/c/Commonwealth-Of-Massachusetts?utm_source=GHList&amp;utm_medium=company,https://simplify.jobs/c/Commonwealth-Of-Massachusetts?amp;utm_medium=company,,,Simplify Off-Season,Unverified,Not applied,0,0,0,,2026-07-18T23:04:31+00:00,2026-07-20T16:31:26+00:00,0,,Aggregator URL only
151,Posting date unavailable,,unknown,-4,Genies,Machine Learning Engineer Intern: 3D Generative AI - Q1 2026,ML Engineering Intern,LA,,Onsite,,https://simplify.jobs/c/Genies?utm_source=GHList&amp;utm_medium=company,https://simplify.jobs/c/Genies?amp;utm_medium=company,,,Simplify Off-Season,Unverified,Not applied,0,0,0,,2026-07-18T23:04:31+00:00,2026-07-20T16:31:26+00:00,0,,Aggregator URL only
157,Posting date unavailable,,unknown,-4,NBCUniversal,Media Tech – Data Engineering Intern,Data Engineering Intern,NYC,,Onsite,,https://simplify.jobs/c/NBCUniversal?utm_source=GHList&amp;utm_medium=company,https://simplify.jobs/c/NBCUniversal?amp;utm_medium=company,,,Simplify Off-Season,Unverified,Not applied,0,0,0,,2026-07-18T23:04:31+00:00,2026-07-20T16:31:26+00:00,0,,Aggregator URL only
159,Posting date unavailable,,unknown,-4,Solva,AI Engineer Internship,AI Engineering Intern,NYC,,Onsite,,https://simplify.jobs/c/Solva?utm_source=GHList&amp;utm_medium=company,https://simplify.jobs/c/Solva?amp;utm_medium=company,,,Simplify Off-Season,Unverified,Not applied,0,0,0,,2026-07-18T23:04:31+00:00,2026-07-19T01:48:15+00:00,0,,Aggregator URL only
414,Posting date unavailable,,unknown,-6,**[Binance.Us](https://www.dreamworkhq.com/c/binance.us?utm_source=github&utm_campaign=gh-tech-internships)**,[Software Engineering Intern](https://www.dreamworkhq.com/job/57a42c83-7adb-4b97-9602-17a1a3a3c0bf?utm_source=github&utm_campaign=gh-tech-internships),Software Engineer Intern,Remote (U.S.),,Remote,,https://www.dreamworkhq.com/job/57a42c83-7adb-4b97-9602-17a1a3a3c0bf?utm_source=github&utm_campaign=gh-tech-internships,https://www.dreamworkhq.com/job/57a42c83-7adb-4b97-9602-17a1a3a3c0bf,57a42c83-7adb-4b97-9602-17a1a3a3c0bf,,Dreamwork Tech Internships 2027,Unverified,Not applied,0,0,0,,2026-07-18T23:04:31+00:00,2026-07-20T16:31:26+00:00,0,,Aggregator URL only
445,Posting date unavailable,,unknown,-6,**[Jobyaviation](https://www.dreamworkhq.com/c/jobyaviation.com?utm_source=github&utm_campaign=gh-tech-internships)**,[Software Engineer Intern - Air Taxi](https://www.dreamworkhq.com/job/52932912-45cc-45f7-8d2b-d8d675f73668?utm_source=github&utm_campaign=gh-tech-internships),Software Engineer Intern,"Remote (San Carlos, CA, US)",United States,Remote,,https://www.dreamworkhq.com/c/jobyaviation.com?utm_source=github&utm_campaign=gh-tech-internships,https://www.dreamworkhq.com/c/jobyaviation.com,52932912,,Dreamwork Tech Internships 2027,Unverified,Not applied,0,0,0,,2026-07-18T23:04:31+00:00,2026-07-19T01:48:15+00:00,0,,Aggregator URL only
478,Posting date unavailable,,unknown,-6,**[Tesla](https://www.dreamworkhq.com/c/tesla.com?utm_source=github&utm_campaign=gh-tech-internships)**,"[Internship, Industrial Security Engineer, Information Security (Fall 20…](https://www.dreamworkhq.com/job/083e9de6-bb03-45f5-8d3d-7323588f8a62?utm_source=github&utm_campaign=gh-tech-internships)",Security Engineering Intern,"Austin, Texas",United States,Onsite,,https://www.dreamworkhq.com/job/083e9de6-bb03-45f5-8d3d-7323588f8a62?utm_source=github&utm_campaign=gh-tech-internships,https://www.dreamworkhq.com/job/083e9de6-bb03-45f5-8d3d-7323588f8a62,083e9de6-bb03-45f5-8d3d-7323588f8a62,,Dreamwork Tech Internships 2027,Unverified,Not applied,0,0,0,,2026-07-18T23:04:31+00:00,2026-07-20T16:31:26+00:00,0,,Aggregator URL only
413,Posting date unavailable,,unknown,-6,**[Palantir](https://www.dreamworkhq.com/c/palantir.com?utm_source=github&utm_campaign=gh-tech-internships)**,"[Year at Palantir - Forward Deployed Software Engineer, Internship - Com…](https://www.dreamworkhq.com/job/b4ba6735-b6a9-404e-9024-f63952920217?utm_source=github&utm_campaign=gh-tech-internships)",Software Engineer Intern,"Chicago, IL",United States,Onsite,,https://www.dreamworkhq.com/job/b4ba6735-b6a9-404e-9024-f63952920217?utm_source=github&utm_campaign=gh-tech-internships,https://www.dreamworkhq.com/job/b4ba6735-b6a9-404e-9024-f63952920217,b4ba6735-b6a9-404e-9024-f63952920217,,Dreamwork Tech Internships 2027,Unverified,Not applied,0,0,1,Export-control eligibility required,2026-07-18T23:04:31+00:00,2026-07-20T16:31:26+00:00,0,,Aggregator URL only
471,Posting date unavailable,,unknown,-6,**[Palantir](https://www.dreamworkhq.com/c/palantir.com?utm_source=github&utm_campaign=gh-tech-internships)**,"[Year at Palantir - Forward Deployed Software Engineer, Internship - USG](https://www.dreamworkhq.com/job/16a842fd-dab1-41a7-8ce8-a4a823e75a80?utm_source=github&utm_campaign=gh-tech-internships)",Software Engineer Intern,"New York, NY",United States,Onsite,,https://www.dreamworkhq.com/job/16a842fd-dab1-41a7-8ce8-a4a823e75a80?utm_source=github&utm_campaign=gh-tech-internships,https://www.dreamworkhq.com/job/16a842fd-dab1-41a7-8ce8-a4a823e75a80,16a842fd-dab1-41a7-8ce8-a4a823e75a80,,Dreamwork Tech Internships 2027,Unverified,Not applied,0,0,1,Export-control eligibility required,2026-07-18T23:04:31+00:00,2026-07-20T16:31:26+00:00,0,,Aggregator URL only
401,Posting date unavailable,,unknown,-6,**Prospect Equities®**,[Backend / Frontend Developer Intern](https://www.dreamworkhq.com/job/d61be234-d8a1-4146-a808-cc9503d0a99e?utm_source=github&utm_campaign=gh-tech-internships),Frontend Engineer Intern,"Chicago, IL",United States,Onsite,,https://www.dreamworkhq.com/job/d61be234-d8a1-4146-a808-cc9503d0a99e?utm_source=github&utm_campaign=gh-tech-internships,https://www.dreamworkhq.com/job/d61be234-d8a1-4146-a808-cc9503d0a99e,d61be234-d8a1-4146-a808-cc9503d0a99e,,Dreamwork Tech Internships 2027,Unverified,Not applied,0,0,0,,2026-07-18T23:04:31+00:00,2026-07-20T16:31:26+00:00,0,,Aggregator URL only
405,Posting date unavailable,,unknown,-6,**[Apptronik](https://www.dreamworkhq.com/c/apptronik.com?utm_source=github&utm_campaign=gh-tech-internships)**,[Robotics Software Intern – Real-Time Controls](https://www.dreamworkhq.com/job/702651f1-7b7c-4421-ac42-4ef4d1346c20?utm_source=github&utm_campaign=gh-tech-internships),Software Engineer Intern,"Austin, TX",United States,Onsite,,https://www.dreamworkhq.com/job/702651f1-7b7c-4421-ac42-4ef4d1346c20?utm_source=github&utm_campaign=gh-tech-internships,https://www.dreamworkhq.com/job/702651f1-7b7c-4421-ac42-4ef4d1346c20,702651,,Dreamwork Tech Internships 2027,Unverified,Not applied,0,0,0,,2026-07-18T23:04:31+00:00,2026-07-20T16:31:26+00:00,0,,Aggregator URL only
443,Posting date unavailable,,unknown,-6,**[Auctor](https://www.dreamworkhq.com/c/auctor.ai?utm_source=github&utm_campaign=gh-tech-internships)**,[Software Engineering Intern](https://www.dreamworkhq.com/job/2a572c6c-f7a2-4eee-9aed-50b2582a0ad3?utm_source=github&utm_campaign=gh-tech-internships),Software Engineer Intern,New York,United States,Onsite,,https://www.dreamworkhq.com/job/2a572c6c-f7a2-4eee-9aed-50b2582a0ad3?utm_source=github&utm_campaign=gh-tech-internships,https://www.dreamworkhq.com/job/2a572c6c-f7a2-4eee-9aed-50b2582a0ad3,2a572c6c-f7a2-4eee-9aed-50b2582a0ad3,,Dreamwork Tech Internships 2027,Unverified,Not applied,0,0,0,,2026-07-18T23:04:31+00:00,2026-07-20T16:31:26+00:00,0,,Aggregator URL only
448,Posting date unavailable,,unknown,-6,**[Base Power](https://www.dreamworkhq.com/c/basepowercompany.com?utm_source=github&utm_campaign=gh-tech-internships)**,[Software Engineering Intern](https://www.dreamworkhq.com/job/543790ae-0b50-4f4b-825a-070debfc86c0?utm_source=github&utm_campaign=gh-tech-internships),Software Engineer Intern,"Austin, TX",United States,Onsite,,https://www.dreamworkhq.com/job/543790ae-0b50-4f4b-825a-070debfc86c0?utm_source=github&utm_campaign=gh-tech-internships,https://www.dreamworkhq.com/job/543790ae-0b50-4f4b-825a-070debfc86c0,543790,,Dreamwork Tech Internships 2027,Unverified,Not applied,0,0,0,,2026-07-18T23:04:31+00:00,2026-07-20T16:31:26+00:00,0,,Aggregator URL only
444,Posting date unavailable,,unknown,-6,**[Brunswick](https://www.dreamworkhq.com/c/brunswick.com?utm_source=github&utm_campaign=gh-tech-internships)**,[Computer Graphics Software Developer Intern](https://www.dreamworkhq.com/job/7fe72cd8-ace0-47c5-97a1-863726f5593c?utm_source=github&utm_campaign=gh-tech-internships),Software Developer Intern,"Champaign, IL",United States,Onsite,,https://www.dreamworkhq.com/job/7fe72cd8-ace0-47c5-97a1-863726f5593c?utm_source=github&utm_campaign=gh-tech-internships,https://www.dreamworkhq.com/job/7fe72cd8-ace0-47c5-97a1-863726f5593c,7fe72cd8-ace0-47c5-97a1-863726f5593c,,Dreamwork Tech Internships 2027,Unverified,Not applied,0,0,0,,2026-07-18T23:04:31+00:00,2026-07-20T16:31:26+00:00,0,,Aggregator URL only
388,Posting date unavailable,,unknown,-6,**[Copart](https://www.dreamworkhq.com/c/copart.com?utm_source=github&utm_campaign=gh-tech-internships)**,[Software Engineering Intern](https://www.dreamworkhq.com/job/7ad72a44-31df-4bb4-829e-6c57ea0ff433?utm_source=github&utm_campaign=gh-tech-internships),Software Engineer Intern,"Dallas, TX - Headquarters",United States,Onsite,,https://www.dreamworkhq.com/job/7ad72a44-31df-4bb4-829e-6c57ea0ff433?utm_source=github&utm_campaign=gh-tech-internships,https://www.dreamworkhq.com/job/7ad72a44-31df-4bb4-829e-6c57ea0ff433,7ad72a44-31df-4bb4-829e-6c57ea0ff433,,Dreamwork Tech Internships 2027,Unverified,Not applied,0,0,0,,2026-07-18T23:04:31+00:00,2026-07-19T01:48:15+00:00,0,,Aggregator URL only
440,Posting date unavailable,,unknown,-6,**[Deductive](https://www.dreamworkhq.com/c/deductive.ai?utm_source=github&utm_campaign=gh-tech-internships)**,[Software Engineer Intern (Fall '24)](https://www.dreamworkhq.com/job/97ad0896-330f-417c-81c6-02ef81773d5b?utm_source=github&utm_campaign=gh-tech-internships),Software Engineer Intern,"Mountain View, CA",United States,Onsite,,https://www.dreamworkhq.com/job/97ad0896-330f-417c-81c6-02ef81773d5b?utm_source=github&utm_campaign=gh-tech-internships,https://www.dreamworkhq.com/job/97ad0896-330f-417c-81c6-02ef81773d5b,97ad0896-330f-417c-81c6-02ef81773d5b,,Dreamwork Tech Internships 2027,Unverified,Not applied,0,0,0,,2026-07-18T23:04:31+00:00,2026-07-20T16:31:26+00:00,0,,Aggregator URL only
435,Posting date unavailable,,unknown,-6,**[Docugami](https://www.dreamworkhq.com/c/docugami.com?utm_source=github&utm_campaign=gh-tech-internships)**,[Software Engineering Intern](https://www.dreamworkhq.com/job/54e4f85d-bcb7-49f1-81ef-14f6647c7a85?utm_source=github&utm_campaign=gh-tech-internships),Software Engineer Intern,"Kirkland, Washington, United States",United States,Onsite,,https://www.dreamworkhq.com/job/54e4f85d-bcb7-49f1-81ef-14f6647c7a85?utm_source=github&utm_campaign=gh-tech-internships,https://www.dreamworkhq.com/job/54e4f85d-bcb7-49f1-81ef-14f6647c7a85,54e4f85d-bcb7-49f1-81ef-14f6647c7a85,,Dreamwork Tech Internships 2027,Unverified,Not applied,0,0,0,,2026-07-18T23:04:31+00:00,2026-07-20T16:31:26+00:00,0,,Aggregator URL only
396,Posting date unavailable,,unknown,-6,**[Exowatt](https://www.dreamworkhq.com/c/exowatt.com?utm_source=github&utm_campaign=gh-tech-internships)**,[Software Engineering Intern - Inventory Automation & IoT/Robotics](https://www.dreamworkhq.com/job/f976a077-6a52-44e7-9104-f11f51f64813?utm_source=github&utm_campaign=gh-tech-internships),Software Engineer Intern,"Austin, TX",United States,Onsite,,https://www.dreamworkhq.com/job/f976a077-6a52-44e7-9104-f11f51f64813?utm_source=github&utm_campaign=gh-tech-internships,https://www.dreamworkhq.com/job/f976a077-6a52-44e7-9104-f11f51f64813,f976a077-6a52-44e7-9104-f11f51f64813,,Dreamwork Tech Internships 2027,Unverified,Not applied,0,0,0,,2026-07-18T23:04:31+00:00,2026-07-20T16:31:26+00:00,0,,Aggregator URL only
390,Posting date unavailable,,unknown,-6,**[Fiveringsllc](https://www.dreamworkhq.com/c/fiverings.com?utm_source=github&utm_campaign=gh-tech-internships)**,[Summer Intern 2027 - Software Developer](https://www.dreamworkhq.com/job/2b7dc194-e281-4f75-8f72-11e3f3243a9d?utm_source=github&utm_campaign=gh-tech-internships),Software Developer Intern,New York,United States,Onsite,,https://www.dreamworkhq.com/job/2b7dc194-e281-4f75-8f72-11e3f3243a9d?utm_source=github&utm_campaign=gh-tech-internships,https://www.dreamworkhq.com/job/2b7dc194-e281-4f75-8f72-11e3f3243a9d,2b7dc194-e281-4f75-8f72-11e3f3243a9d,,Dreamwork Tech Internships 2027,Unverified,Not applied,0,0,0,,2026-07-18T23:04:31+00:00,2026-07-20T16:31:26+00:00,0,,Aggregator URL only
439,Posting date unavailable,,unknown,-6,**[Fizz](https://www.dreamworkhq.com/c/fizz.app?utm_source=github&utm_campaign=gh-tech-internships)**,[Software Engineering Intern (Summer 2026)](https://www.dreamworkhq.com/job/0ecf3f26-1676-4895-8e00-e6c27d31252a?utm_source=github&utm_campaign=gh-tech-internships),Software Engineer Intern,New York,United States,Onsite,,https://www.dreamworkhq.com/job/0ecf3f26-1676-4895-8e00-e6c27d31252a?utm_source=github&utm_campaign=gh-tech-internships,https://www.dreamworkhq.com/job/0ecf3f26-1676-4895-8e00-e6c27d31252a,0ecf3f26-1676-4895-8e00-e6c27d31252a,,Dreamwork Tech Internships 2027,Unverified,Not applied,0,0,0,,2026-07-18T23:04:31+00:00,2026-07-20T16:31:26+00:00,0,,Aggregator URL only
431,Posting date unavailable,,unknown,-6,**[Genbio](https://www.dreamworkhq.com/c/genbio.ai?utm_source=github&utm_campaign=gh-tech-internships)**,[Software Engineering Intern](https://www.dreamworkhq.com/job/bba6d24c-a44e-4002-9b89-519d8e69de42?utm_source=github&utm_campaign=gh-tech-internships),Software Engineer Intern,"Palo Alto, CA",United States,Onsite,,https://www.dreamworkhq.com/job/bba6d24c-a44e-4002-9b89-519d8e69de42?utm_source=github&utm_campaign=gh-tech-internships,https://www.dreamworkhq.com/job/bba6d24c-a44e-4002-9b89-519d8e69de42,bba6d24c-a44e-4002-9b89-519d8e69de42,,Dreamwork Tech Internships 2027,Unverified,Not applied,0,0,0,,2026-07-18T23:04:31+00:00,2026-07-20T16:31:26+00:00,0,,Aggregator URL only
428,Posting date unavailable,,unknown,-6,**[Instead](https://www.dreamworkhq.com/c/instead.com?utm_source=github&utm_campaign=gh-tech-internships)**,[Software Engineering Intern](https://www.dreamworkhq.com/job/1b5ff6b0-1cad-4cdd-afe4-519ee2445619?utm_source=github&utm_campaign=gh-tech-internships),Software Engineer Intern,San Francisco,United States,Onsite,,https://www.dreamworkhq.com/job/1b5ff6b0-1cad-4cdd-afe4-519ee2445619?utm_source=github&utm_campaign=gh-tech-internships,https://www.dreamworkhq.com/job/1b5ff6b0-1cad-4cdd-afe4-519ee2445619,1b5ff6b0-1cad-4cdd-afe4-519ee2445619,,Dreamwork Tech Internships 2027,Unverified,Not applied,0,0,0,,2026-07-18T23:04:31+00:00,2026-07-20T16:31:26+00:00,0,,Aggregator URL only
407,Posting date unavailable,,unknown,-6,**[K&S](https://www.dreamworkhq.com/c/kns.com?utm_source=github&utm_campaign=gh-tech-internships)**,"[Intern, Software Engineering](https://www.dreamworkhq.com/job/930afd57-765c-467e-ab06-39f732e854c3?utm_source=github&utm_campaign=gh-tech-internships)",Software Engineer Intern,"Fort Washington, PA, United States",United States,Onsite,,https://www.dreamworkhq.com/job/930afd57-765c-467e-ab06-39f732e854c3?utm_source=github&utm_campaign=gh-tech-internships,https://www.dreamworkhq.com/job/930afd57-765c-467e-ab06-39f732e854c3,930afd57-765c-467e-ab06-39f732e854c3,,Dreamwork Tech Internships 2027,Unverified,Not applied,0,0,0,,2026-07-18T23:04:31+00:00,2026-07-20T16:31:26+00:00,0,,Aggregator URL only
442,Posting date unavailable,,unknown,-6,**[Layup](https://www.dreamworkhq.com/c/layupparts.com?utm_source=github&utm_campaign=gh-tech-internships)**,[Software Engineering Intern](https://www.dreamworkhq.com/job/111598bd-eef6-43ae-b77b-258fd108b4d7?utm_source=github&utm_campaign=gh-tech-internships),Software Engineer Intern,"Huntington Beach, CA",United States,Onsite,,https://www.dreamworkhq.com/job/111598bd-eef6-43ae-b77b-258fd108b4d7?utm_source=github&utm_campaign=gh-tech-internships,https://www.dreamworkhq.com/job/111598bd-eef6-43ae-b77b-258fd108b4d7,111598,,Dreamwork Tech Internships 2027,Unverified,Not applied,0,0,0,,2026-07-18T23:04:31+00:00,2026-07-20T16:31:26+00:00,0,,Aggregator URL only
441,Posting date unavailable,,unknown,-6,**[Make Rain](https://www.dreamworkhq.com/c/rainmaker.us?utm_source=github&utm_campaign=gh-tech-internships)**,[Software Engineering Intern](https://www.dreamworkhq.com/job/6359305b-b592-4834-9820-67e4ad7c4c54?utm_source=github&utm_campaign=gh-tech-internships),Software Engineer Intern,"El Segundo, CA",United States,Onsite,,https://www.dreamworkhq.com/job/6359305b-b592-4834-9820-67e4ad7c4c54?utm_source=github&utm_campaign=gh-tech-internships,https://www.dreamworkhq.com/job/6359305b-b592-4834-9820-67e4ad7c4c54,6359305,,Dreamwork Tech Internships 2027,Unverified,Not applied,0,0,0,,2026-07-18T23:04:31+00:00,2026-07-20T16:31:26+00:00,0,,Aggregator URL only
469,Posting date unavailable,,unknown,-6,**[Motorola Solutions](https://www.dreamworkhq.com/c/motorolasolutions.com?utm_source=github&utm_campaign=gh-tech-internships)**,[Intern – Web Interface Software Engineer (2026)](https://www.dreamworkhq.com/job/fdfcb094-025b-4442-a9b4-4010bde319be?utm_source=github&utm_campaign=gh-tech-internships),Software Engineer Intern,"Los Angeles, CA",United States,Onsite,,https://www.dreamworkhq.com/job/fdfcb094-025b-4442-a9b4-4010bde319be?utm_source=github&utm_campaign=gh-tech-internships,https://www.dreamworkhq.com/job/fdfcb094-025b-4442-a9b4-4010bde319be,fdfcb094-025b-4442-a9b4-4010bde319be,,Dreamwork Tech Internships 2027,Unverified,Not applied,0,0,0,,2026-07-18T23:04:31+00:00,2026-07-19T01:48:15+00:00,0,,Aggregator URL only
459,Posting date unavailable,,unknown,-6,**[Neuralink](https://www.dreamworkhq.com/c/neuralink.com?utm_source=github&utm_campaign=gh-tech-internships)**,"[Software Engineer Intern, Implant](https://www.dreamworkhq.com/job/d8414754-c9f1-4bff-b5c0-bce717ecfc85?utm_source=github&utm_campaign=gh-tech-internships)",Software Engineer Intern,"Austin, Texas, United States; South San Fra…",United States,Onsite,,https://www.dreamworkhq.com/job/d8414754-c9f1-4bff-b5c0-bce717ecfc85?utm_source=github&utm_campaign=gh-tech-internships,https://www.dreamworkhq.com/job/d8414754-c9f1-4bff-b5c0-bce717ecfc85,d8414754-c9f1-4bff-b5c0-bce717ecfc85,,Dreamwork Tech Internships 2027,Unverified,Not applied,0,0,0,,2026-07-18T23:04:31+00:00,2026-07-20T16:31:26+00:00,0,,Aggregator URL only
460,Posting date unavailable,,unknown,-6,**[Neuralink](https://www.dreamworkhq.com/c/neuralink.com?utm_source=github&utm_campaign=gh-tech-internships)**,"[Software Engineer Intern, BCI Applications](https://www.dreamworkhq.com/job/662f0e9f-41e7-4c4b-86be-fc51ec0f10b8?utm_source=github&utm_campaign=gh-tech-internships)",Software Engineer Intern,"South San Francisco, California, United Sta…",United States,Onsite,,https://www.dreamworkhq.com/job/662f0e9f-41e7-4c4b-86be-fc51ec0f10b8?utm_source=github&utm_campaign=gh-tech-internships,https://www.dreamworkhq.com/job/662f0e9f-41e7-4c4b-86be-fc51ec0f10b8,662f0e9f-41e7-4c4b-86be-fc51ec0f10b8,,Dreamwork Tech Internships 2027,Unverified,Not applied,0,0,0,,2026-07-18T23:04:31+00:00,2026-07-20T16:31:26+00:00,0,,Aggregator URL only
463,Posting date unavailable,,unknown,-6,**[Neuralink](https://www.dreamworkhq.com/c/neuralink.com?utm_source=github&utm_campaign=gh-tech-internships)**,"[Embedded Software Engineer Intern, Implant Embedded Systems](https://www.dreamworkhq.com/job/c89c10e0-5371-4ed9-8305-c4edb33a367e?utm_source=github&utm_campaign=gh-tech-internships)",Embedded Software Intern,"Austin, Texas, United States; South San Fra…",United States,Onsite,,https://www.dreamworkhq.com/job/c89c10e0-5371-4ed9-8305-c4edb33a367e?utm_source=github&utm_campaign=gh-tech-internships,https://www.dreamworkhq.com/job/c89c10e0-5371-4ed9-8305-c4edb33a367e,c89c10e0-5371-4ed9-8305-c4edb33a367e,,Dreamwork Tech Internships 2027,Unverified,Not applied,0,0,0,,2026-07-18T23:04:31+00:00,2026-07-20T16:31:26+00:00,0,,Aggregator URL only
389,Posting date unavailable,,unknown,-6,**[Oldmissioncapital](https://www.dreamworkhq.com/c/oldmissioncapital.com?utm_source=github&utm_campaign=gh-tech-internships)**,[Software Engineer – 2027 Internship Program (June Start)](https://www.dreamworkhq.com/job/8462663a-4417-48e5-94de-6571dac85d76?utm_source=github&utm_campaign=gh-tech-internships),Software Engineer Intern,"Chicago, IL, United States",United States,Onsite,,https://www.dreamworkhq.com/job/8462663a-4417-48e5-94de-6571dac85d76?utm_source=github&utm_campaign=gh-tech-internships,https://www.dreamworkhq.com/job/8462663a-4417-48e5-94de-6571dac85d76,8462663,,Dreamwork Tech Internships 2027,Unverified,Not applied,0,0,0,,2026-07-18T23:04:31+00:00,2026-07-20T16:31:26+00:00,0,,Aggregator URL only
452,Posting date unavailable,,unknown,-6,**[Plus](https://www.dreamworkhq.com/c/plus.ai?utm_source=github&utm_campaign=gh-tech-internships)**,[Software Engineer Intern - Robotics](https://www.dreamworkhq.com/job/4d1a17d2-04d1-49a7-8e1c-56da31b4e786?utm_source=github&utm_campaign=gh-tech-internships),Software Engineer Intern,"Santa Clara, CA",United States,Onsite,,https://www.dreamworkhq.com/job/4d1a17d2-04d1-49a7-8e1c-56da31b4e786?utm_source=github&utm_campaign=gh-tech-internships,https://www.dreamworkhq.com/job/4d1a17d2-04d1-49a7-8e1c-56da31b4e786,4d1a17d2-04d1-49a7-8e1c-56da31b4e786,,Dreamwork Tech Internships 2027,Unverified,Not applied,0,0,0,,2026-07-18T23:04:31+00:00,2026-07-20T16:31:26+00:00,0,,Aggregator URL only
419,Posting date unavailable,,unknown,-6,**[Ralliant](https://www.dreamworkhq.com/c/ralliantstg.wpenginepowered.com?utm_source=github&utm_campaign=gh-tech-internships)**,[Software Engineering Intern (MECOP) – 2026](https://www.dreamworkhq.com/job/47661ee4-c026-44b5-a5a3-bcb0a3b8f16d?utm_source=github&utm_campaign=gh-tech-internships),Software Engineer Intern,"Beaverton, OR, United States",United States,Onsite,,https://www.dreamworkhq.com/job/47661ee4-c026-44b5-a5a3-bcb0a3b8f16d?utm_source=github&utm_campaign=gh-tech-internships,https://www.dreamworkhq.com/job/47661ee4-c026-44b5-a5a3-bcb0a3b8f16d,47661,,Dreamwork Tech Internships 2027,Unverified,Not applied,0,0,0,,2026-07-18T23:04:31+00:00,2026-07-20T16:31:26+00:00,0,,Aggregator URL only
472,Posting date unavailable,,unknown,-6,**[Replit](https://www.dreamworkhq.com/c/replit.com?utm_source=github&utm_campaign=gh-tech-internships)**,[Software Engineering Intern (Summer 2026)](https://www.dreamworkhq.com/job/d58363f4-d94f-4e1c-86f3-472d956c50b8?utm_source=github&utm_campaign=gh-tech-internships),Software Engineer Intern,"Foster City, CA (Hybrid)",United States,Hybrid,,https://www.dreamworkhq.com/job/d58363f4-d94f-4e1c-86f3-472d956c50b8?utm_source=github&utm_campaign=gh-tech-internships,https://www.dreamworkhq.com/job/d58363f4-d94f-4e1c-86f3-472d956c50b8,d58363f4-d94f-4e1c-86f3-472d956c50b8,,Dreamwork Tech Internships 2027,Unverified,Not applied,0,0,0,,2026-07-18T23:04:31+00:00,2026-07-20T16:31:26+00:00,0,,Aggregator URL only
394,Posting date unavailable,,unknown,-6,**[SAP](https://www.dreamworkhq.com/c/sap.com?utm_source=github&utm_campaign=gh-tech-internships)**,[SAP SuccessFactors iXp Intern - AI Software Developer](https://www.dreamworkhq.com/job/cf8f8a68-8c1c-41db-b05c-36ad32a93b68?utm_source=github&utm_campaign=gh-tech-internships),Software Developer Intern,"North America, USA, San Ramon (Hybrid)",United States,Hybrid,,https://www.dreamworkhq.com/job/cf8f8a68-8c1c-41db-b05c-36ad32a93b68?utm_source=github&utm_campaign=gh-tech-internships,https://www.dreamworkhq.com/job/cf8f8a68-8c1c-41db-b05c-36ad32a93b68,cf8f8a68-8c1c-41db-b05c-36ad32a93b68,,Dreamwork Tech Internships 2027,Unverified,Not applied,0,0,0,,2026-07-18T23:04:31+00:00,2026-07-20T16:31:26+00:00,0,,Aggregator URL only
457,Posting date unavailable,,unknown,-6,**[Skydio](https://www.dreamworkhq.com/c/skydio.com?utm_source=github&utm_campaign=gh-tech-internships)**,[Software Engineer Intern Fall 2026/Winter 2027](https://www.dreamworkhq.com/job/29440c4e-2411-40ea-82b2-24fb96bfc1ad?utm_source=github&utm_campaign=gh-tech-internships),Software Engineer Intern,"San Mateo, California, United States",United States,Onsite,Winter 2027,https://www.dreamworkhq.com/job/29440c4e-2411-40ea-82b2-24fb96bfc1ad?utm_source=github&utm_campaign=gh-tech-internships,https://www.dreamworkhq.com/job/29440c4e-2411-40ea-82b2-24fb96bfc1ad,29440,,Dreamwork Tech Internships 2027,Unverified,Not applied,0,0,0,,2026-07-18T23:04:31+00:00,2026-07-20T16:31:26+00:00,0,,Aggregator URL only
450,Posting date unavailable,,unknown,-6,**[Tenex](https://www.dreamworkhq.com/c/tenex.ai?utm_source=github&utm_campaign=gh-tech-internships)**,[Software Engineer Intern](https://www.dreamworkhq.com/job/e864721f-07ae-4f72-b8c9-a36e7fb9cff8?utm_source=github&utm_campaign=gh-tech-internships),Software Engineer Intern,"San Jose, CA",United States,Onsite,,https://www.dreamworkhq.com/job/e864721f-07ae-4f72-b8c9-a36e7fb9cff8?utm_source=github&utm_campaign=gh-tech-internships,https://www.dreamworkhq.com/job/e864721f-07ae-4f72-b8c9-a36e7fb9cff8,e864721f-07ae-4f72-b8c9-a36e7fb9cff8,,Dreamwork Tech Internships 2027,Unverified,Not applied,0,0,0,,2026-07-18T23:04:31+00:00,2026-07-20T16:31:26+00:00,0,,Aggregator URL only
446,Posting date unavailable,,unknown,-6,**[Tenstorrent](https://www.dreamworkhq.com/c/tenstorrent.com?utm_source=github&utm_campaign=gh-tech-internships)**,[Software Intern - AI Compilers](https://www.dreamworkhq.com/job/6cb9cf5a-7a94-4964-8189-1c982c6140df?utm_source=github&utm_campaign=gh-tech-internships),Software Engineer Intern,"Santa Clara, California, United States",United States,Onsite,,https://www.dreamworkhq.com/job/6cb9cf5a-7a94-4964-8189-1c982c6140df?utm_source=github&utm_campaign=gh-tech-internships,https://www.dreamworkhq.com/job/6cb9cf5a-7a94-4964-8189-1c982c6140df,6cb9cf5a-7a94-4964-8189-1c982c6140df,,Dreamwork Tech Internships 2027,Unverified,Not applied,0,0,0,,2026-07-18T23:04:31+00:00,2026-07-20T16:31:26+00:00,0,,Aggregator URL only
447,Posting date unavailable,,unknown,-6,**[Tenstorrent](https://www.dreamworkhq.com/c/tenstorrent.com?utm_source=github&utm_campaign=gh-tech-internships)**,[Software Intern - AI Compilers](https://www.dreamworkhq.com/job/5b6a824a-461e-44a7-97e6-137bb653d3b0?utm_source=github&utm_campaign=gh-tech-internships),Software Engineer Intern,"Austin, Texas, United States (Hybrid)",United States,Hybrid,,https://www.dreamworkhq.com/job/5b6a824a-461e-44a7-97e6-137bb653d3b0?utm_source=github&utm_campaign=gh-tech-internships,https://www.dreamworkhq.com/job/5b6a824a-461e-44a7-97e6-137bb653d3b0,5b6a824a-461e-44a7-97e6-137bb653d3b0,,Dreamwork Tech Internships 2027,Unverified,Not applied,0,0,0,,2026-07-18T23:04:31+00:00,2026-07-20T16:31:26+00:00,0,,Aggregator URL only
424,Posting date unavailable,,unknown,-6,**[Truveta](https://www.dreamworkhq.com/c/truveta.com?utm_source=github&utm_campaign=gh-tech-internships)**,[Software Engineering Intern](https://www.dreamworkhq.com/job/e40738e7-ba3e-49e5-a093-80ea8b3d9ae0?utm_source=github&utm_campaign=gh-tech-internships),Software Engineer Intern,"Seattle, WA (Hybrid)",United States,Hybrid,,https://www.dreamworkhq.com/job/e40738e7-ba3e-49e5-a093-80ea8b3d9ae0?utm_source=github&utm_campaign=gh-tech-internships,https://www.dreamworkhq.com/job/e40738e7-ba3e-49e5-a093-80ea8b3d9ae0,e40738e7-ba3e-49e5-a093-80ea8b3d9ae0,,Dreamwork Tech Internships 2027,Unverified,Not applied,0,0,0,,2026-07-18T23:04:31+00:00,2026-07-20T16:31:26+00:00,0,,Aggregator URL only
387,Posting date unavailable,,unknown,-6,**[Western Digital](https://www.dreamworkhq.com/c/westerndigital.com?utm_source=github&utm_campaign=gh-tech-internships)**,[Software Engineering Co-Op - Winter 2027](https://www.dreamworkhq.com/job/d399ac2c-7424-41cb-9c96-1ab44216e109?utm_source=github&utm_campaign=gh-tech-internships),Software Developer Co-op,"Rochester, MN, United States",United States,Onsite,Winter 2027,https://www.dreamworkhq.com/job/d399ac2c-7424-41cb-9c96-1ab44216e109?utm_source=github&utm_campaign=gh-tech-internships,https://www.dreamworkhq.com/job/d399ac2c-7424-41cb-9c96-1ab44216e109,d399ac2c-7424-41cb-9c96-1ab44216e109,,Dreamwork Tech Internships 2027,Unverified,Not applied,0,0,0,,2026-07-18T23:04:31+00:00,2026-07-20T16:31:26+00:00,0,,Aggregator URL only
432,Posting date unavailable,,unknown,-6,**[Zettabyte Space](https://www.dreamworkhq.com/c/zettabyte.space?utm_source=github&utm_campaign=gh-tech-internships)**,[Software Engineering Intern (Summer 2026)](https://www.dreamworkhq.com/job/9140bc7a-eed8-4da3-8694-50a3d74767bd?utm_source=github&utm_campaign=gh-tech-internships),Software Engineer Intern,United States (Hybrid),United States,Hybrid,,https://www.dreamworkhq.com/job/9140bc7a-eed8-4da3-8694-50a3d74767bd?utm_source=github&utm_campaign=gh-tech-internships,https://www.dreamworkhq.com/job/9140bc7a-eed8-4da3-8694-50a3d74767bd,9140bc7a-eed8-4da3-8694-50a3d74767bd,,Dreamwork Tech Internships 2027,Unverified,Not applied,0,0,0,,2026-07-18T23:04:31+00:00,2026-07-20T16:31:26+00:00,0,,Aggregator URL only
404,Posting date unavailable,,unknown,-6,**[Tesla](https://www.dreamworkhq.com/c/tesla.com?utm_source=github&utm_campaign=gh-tech-internships)**,"[Internship, Power Electronics Firmware Engineer, Energy Engineering (Fa…](https://www.dreamworkhq.com/job/12564371-fdf3-4133-ba86-ba6140155b4e?utm_source=github&utm_campaign=gh-tech-internships)",Firmware Intern,"Palo Alto, California",,Onsite,,https://www.dreamworkhq.com/job/12564371-fdf3-4133-ba86-ba6140155b4e?utm_source=github&utm_campaign=gh-tech-internships,https://www.dreamworkhq.com/job/12564371-fdf3-4133-ba86-ba6140155b4e,12564371,,Dreamwork Tech Internships 2027,Unverified,Not applied,0,0,0,,2026-07-18T23:04:31+00:00,2026-07-20T16:31:26+00:00,0,,Aggregator URL only
437,Posting date unavailable,,unknown,-6,**[Aechelontechnology](https://www.dreamworkhq.com/c/aechelon.com?utm_source=github&utm_campaign=gh-tech-internships)**,[RTK - Junior Software Engineer - Internship](https://www.dreamworkhq.com/job/a5388a8b-ee26-471c-bbc1-ef218469df0b?utm_source=github&utm_campaign=gh-tech-internships),Software Engineer Intern,"Farmer's Branch, Texas",,Onsite,,https://www.dreamworkhq.com/job/a5388a8b-ee26-471c-bbc1-ef218469df0b?utm_source=github&utm_campaign=gh-tech-internships,https://www.dreamworkhq.com/job/a5388a8b-ee26-471c-bbc1-ef218469df0b,a5388a8b-ee26-471c-bbc1-ef218469df0b,,Dreamwork Tech Internships 2027,Unverified,Not applied,0,0,0,,2026-07-18T23:04:31+00:00,2026-07-20T16:31:26+00:00,0,,Aggregator URL only
438,Posting date unavailable,,unknown,-6,**[Aechelontechnology](https://www.dreamworkhq.com/c/aechelon.com?utm_source=github&utm_campaign=gh-tech-internships)**,[Junior Software Engineer - Internship](https://www.dreamworkhq.com/job/83958151-4d64-42e5-82b9-17db1293d894?utm_source=github&utm_campaign=gh-tech-internships),Software Engineer Intern,"Overland Park, KS",,Onsite,,https://www.dreamworkhq.com/job/83958151-4d64-42e5-82b9-17db1293d894?utm_source=github&utm_campaign=gh-tech-internships,https://www.dreamworkhq.com/job/83958151-4d64-42e5-82b9-17db1293d894,83958151,,Dreamwork Tech Internships 2027,Unverified,Not applied,0,0,0,,2026-07-18T23:04:31+00:00,2026-07-20T16:31:26+00:00,0,,Aggregator URL only
464,Posting date unavailable,,unknown,-6,**[Cadence Design Systems](https://www.dreamworkhq.com/c/cadence.com?utm_source=github&utm_campaign=gh-tech-internships)**,[Software Engineering Intern](https://www.dreamworkhq.com/job/1e8115fd-ecab-4a7b-924f-675bfa7c615d?utm_source=github&utm_campaign=gh-tech-internships),Software Engineer Intern,PITTSBURGH 03,,Onsite,,https://www.dreamworkhq.com/job/1e8115fd-ecab-4a7b-924f-675bfa7c615d?utm_source=github&utm_campaign=gh-tech-internships,https://www.dreamworkhq.com/job/1e8115fd-ecab-4a7b-924f-675bfa7c615d,1e8115fd-ecab-4a7b-924f-675bfa7c615d,,Dreamwork Tech Internships 2027,Unverified,Not applied,0,0,0,,2026-07-18T23:04:31+00:00,2026-07-20T16:31:26+00:00,0,,Aggregator URL only
465,Posting date unavailable,,unknown,-6,**[Cadence Design Systems](https://www.dreamworkhq.com/c/cadence.com?utm_source=github&utm_campaign=gh-tech-internships)**,[Software Intern](https://www.dreamworkhq.com/job/d93fc0d8-0462-46e0-a803-29b83ff0abe0?utm_source=github&utm_campaign=gh-tech-internships),Software Engineer Intern,SAN JOSE,,Onsite,,https://www.dreamworkhq.com/job/d93fc0d8-0462-46e0-a803-29b83ff0abe0?utm_source=github&utm_campaign=gh-tech-internships,https://www.dreamworkhq.com/job/d93fc0d8-0462-46e0-a803-29b83ff0abe0,d93fc0d8-0462-46e0-a803-29b83ff0abe0,,Dreamwork Tech Internships 2027,Unverified,Not applied,0,0,0,,2026-07-18T23:04:31+00:00,2026-07-19T01:48:15+00:00,0,,Aggregator URL only
423,Posting date unavailable,,unknown,-6,**[Centerfield](https://www.dreamworkhq.com/c/centerfield.com?utm_source=github&utm_campaign=gh-tech-internships)**,[Software Engineer Intern](https://www.dreamworkhq.com/job/a79e67ba-bd35-4a92-8f20-b086a2b3e14d?utm_source=github&utm_campaign=gh-tech-internships),Software Engineer Intern,"Los Angeles, California (Hybrid)",,Hybrid,,https://www.dreamworkhq.com/job/a79e67ba-bd35-4a92-8f20-b086a2b3e14d?utm_source=github&utm_campaign=gh-tech-internships,https://www.dreamworkhq.com/job/a79e67ba-bd35-4a92-8f20-b086a2b3e14d,a79e67ba-bd35-4a92-8f20-b086a2b3e14d,,Dreamwork Tech Internships 2027,Unverified,Not applied,0,0,0,,2026-07-18T23:04:31+00:00,2026-07-20T16:31:26+00:00,0,,Aggregator URL only
425,Posting date unavailable,,unknown,-6,**[Clarityinnovates](https://www.dreamworkhq.com/c/clarityinnovates.com?utm_source=github&utm_campaign=gh-tech-internships)**,[Junior Software Engineer Internship](https://www.dreamworkhq.com/job/bcf01455-6d49-486e-bb17-07ed7fd0d3b1?utm_source=github&utm_campaign=gh-tech-internships),Software Engineer Intern,"Herndon, VA",,Onsite,,https://www.dreamworkhq.com/job/bcf01455-6d49-486e-bb17-07ed7fd0d3b1?utm_source=github&utm_campaign=gh-tech-internships,https://www.dreamworkhq.com/job/bcf01455-6d49-486e-bb17-07ed7fd0d3b1,bcf01455-6d49-486e-bb17-07ed7fd0d3b1,,Dreamwork Tech Internships 2027,Unverified,Not applied,0,0,0,,2026-07-18T23:04:31+00:00,2026-07-20T16:31:26+00:00,0,,Aggregator URL only
400,Posting date unavailable,,unknown,-6,**[Georgia Tech Research Institute](https://www.dreamworkhq.com/c/gatech.edu?utm_source=github&utm_campaign=gh-tech-internships)**,[Autonomy Software Engineering and Systems Engineering Intern - Fall 202…](https://www.dreamworkhq.com/job/4c559c57-c216-41d7-a9f1-c6bc23f6752e?utm_source=github&utm_campaign=gh-tech-internships),Software Engineer Intern,"Atlanta, GA",,Onsite,,https://www.dreamworkhq.com/job/4c559c57-c216-41d7-a9f1-c6bc23f6752e?utm_source=github&utm_campaign=gh-tech-internships,https://www.dreamworkhq.com/job/4c559c57-c216-41d7-a9f1-c6bc23f6752e,4c559c57-c216-41d7-a9f1-c6bc23f6752e,,Dreamwork Tech Internships 2027,Unverified,Not applied,0,0,0,,2026-07-18T23:04:31+00:00,2026-07-20T16:31:26+00:00,0,,Aggregator URL only
434,Posting date unavailable,,unknown,-6,**[Ginkgobioworks](https://www.dreamworkhq.com/c/ginkgo.bio?utm_source=github&utm_campaign=gh-tech-internships)**,"[Software Intern, Autonomous Lab](https://www.dreamworkhq.com/job/65bf5cbb-0618-4b87-8087-232faa5b06fc?utm_source=github&utm_campaign=gh-tech-internships)",Software Engineer Intern,"Emeryville, California",,Onsite,,https://www.dreamworkhq.com/job/65bf5cbb-0618-4b87-8087-232faa5b06fc?utm_source=github&utm_campaign=gh-tech-internships,https://www.dreamworkhq.com/job/65bf5cbb-0618-4b87-8087-232faa5b06fc,65bf5cbb-0618-4b87-8087-232faa5b06fc,,Dreamwork Tech Internships 2027,Unverified,Not applied,0,0,0,,2026-07-18T23:04:31+00:00,2026-07-20T16:31:26+00:00,0,,Aggregator URL only
455,Posting date unavailable,,unknown,-6,**[KLA](https://www.dreamworkhq.com/c/kla.com?utm_source=github&utm_campaign=gh-tech-internships)**,[Software Engineering Intern](https://www.dreamworkhq.com/job/285ac5e2-fd60-498d-a5fa-601492cbdb46?utm_source=github&utm_campaign=gh-tech-internships),Software Engineer Intern,"Ann Arbor, MI",,Onsite,,https://www.dreamworkhq.com/job/285ac5e2-fd60-498d-a5fa-601492cbdb46?utm_source=github&utm_campaign=gh-tech-internships,https://www.dreamworkhq.com/job/285ac5e2-fd60-498d-a5fa-601492cbdb46,285ac5e2-fd60-498d-a5fa-601492cbdb46,,Dreamwork Tech Internships 2027,Unverified,Not applied,0,0,0,,2026-07-18T23:04:31+00:00,2026-07-20T16:31:26+00:00,0,,Aggregator URL only
415,Posting date unavailable,,unknown,-6,**[Sonyglobal](https://www.dreamworkhq.com/c/sony.com?utm_source=github&utm_campaign=gh-tech-internships)**,[Software Engineer Intern](https://www.dreamworkhq.com/job/1659b342-afa8-4092-a0ac-50b2b7400eac?utm_source=github&utm_campaign=gh-tech-internships),Software Engineer Intern,San Diego (Hybrid),,Hybrid,,https://www.dreamworkhq.com/job/1659b342-afa8-4092-a0ac-50b2b7400eac?utm_source=github&utm_campaign=gh-tech-internships,https://www.dreamworkhq.com/job/1659b342-afa8-4092-a0ac-50b2b7400eac,1659b342-afa8-4092-a0ac-50b2b7400eac,,Dreamwork Tech Internships 2027,Unverified,Not applied,0,0,0,,2026-07-18T23:04:31+00:00,2026-07-20T16:31:26+00:00,0,,Aggregator URL only
475,Posting date unavailable,,unknown,-8,**[Zscaler](https://www.dreamworkhq.com/c/zscaler.com?utm_source=github&utm_campaign=gh-tech-internships)**,[Site Reliability Engineer-SkillBridge Intern](https://www.dreamworkhq.com/job/291c8072-7444-4a7f-b502-80815bc7ed7c?utm_source=github&utm_campaign=gh-tech-internships),SRE Intern,Remote (Remote - USA),United States,Remote,,https://www.dreamworkhq.com/job/291c8072-7444-4a7f-b502-80815bc7ed7c?utm_source=github&utm_campaign=gh-tech-internships,https://www.dreamworkhq.com/job/291c8072-7444-4a7f-b502-80815bc7ed7c,291c8072-7444-4a7f-b502-80815bc7ed7c,,Dreamwork Tech Internships 2027,Unverified,Not applied,0,0,0,,2026-07-18T23:04:31+00:00,2026-07-20T16:31:26+00:00,0,,Aggregator URL only
476,Posting date unavailable,,unknown,-8,**[Zscaler](https://www.dreamworkhq.com/c/zscaler.com?utm_source=github&utm_campaign=gh-tech-internships)**,[Site Reliability Engineer Federal- SkillBridge Intern](https://www.dreamworkhq.com/job/7e31edee-6ca9-4cc6-8c6a-667349d213fa?utm_source=github&utm_campaign=gh-tech-internships),SRE Intern,"Remote (Remote - Virginia, USA)",United States,Remote,,https://www.dreamworkhq.com/job/7e31edee-6ca9-4cc6-8c6a-667349d213fa?utm_source=github&utm_campaign=gh-tech-internships,https://www.dreamworkhq.com/job/7e31edee-6ca9-4cc6-8c6a-667349d213fa,7e31edee-6ca9-4cc6-8c6a-667349d213fa,,Dreamwork Tech Internships 2027,Unverified,Not applied,0,0,0,,2026-07-18T23:04:31+00:00,2026-07-20T16:31:26+00:00,0,,Aggregator URL only
479,Posting date unavailable,,unknown,-8,**[Atlassian](https://www.dreamworkhq.com/c/atlassian.com?utm_source=github&utm_campaign=gh-tech-internships)**,"[Security Engineer Intern, 2026 Summer U.S.](https://www.dreamworkhq.com/job/6b7db28d-ee0f-4f91-a83b-d6bd6f304820?utm_source=github&utm_campaign=gh-tech-internships)",Security Engineering Intern,"Seattle, WA",United States,Onsite,,https://www.dreamworkhq.com/job/6b7db28d-ee0f-4f91-a83b-d6bd6f304820?utm_source=github&utm_campaign=gh-tech-internships,https://www.dreamworkhq.com/job/6b7db28d-ee0f-4f91-a83b-d6bd6f304820,6b7db28d-ee0f-4f91-a83b-d6bd6f304820,,Dreamwork Tech Internships 2027,Unverified,Not applied,0,0,0,,2026-07-18T23:04:31+00:00,2026-07-20T16:31:26+00:00,0,,Aggregator URL only
402,Posting date unavailable,,unknown,-8,**[Copart](https://www.dreamworkhq.com/c/copart.com?utm_source=github&utm_campaign=gh-tech-internships)**,[DevOps Engineering Intern](https://www.dreamworkhq.com/job/7c1b11b9-561b-4cb3-897e-7fb7f50e07f0?utm_source=github&utm_campaign=gh-tech-internships),DevOps Intern,"Dallas, TX - Headquarters",United States,Onsite,,https://www.dreamworkhq.com/job/7c1b11b9-561b-4cb3-897e-7fb7f50e07f0?utm_source=github&utm_campaign=gh-tech-internships,https://www.dreamworkhq.com/job/7c1b11b9-561b-4cb3-897e-7fb7f50e07f0,7c1b11b9-561b-4cb3-897e-7fb7f50e07f0,,Dreamwork Tech Internships 2027,Unverified,Not applied,0,0,0,,2026-07-18T23:04:31+00:00,2026-07-20T16:31:26+00:00,0,,Aggregator URL only
408,Posting date unavailable,,unknown,-8,**[Cummins Re Power ...](https://www.dreamworkhq.com/c/cumminsrepower.com?utm_source=github&utm_campaign=gh-tech-internships)**,[Co-Op Student](https://www.dreamworkhq.com/job/e1f849f8-ff23-4da1-9350-9edfe6e44589?utm_source=github&utm_campaign=gh-tech-internships),Software Developer Co-op,"Stoughton, WI, United States",United States,Onsite,,https://www.dreamworkhq.com/job/e1f849f8-ff23-4da1-9350-9edfe6e44589?utm_source=github&utm_campaign=gh-tech-internships,https://www.dreamworkhq.com/job/e1f849f8-ff23-4da1-9350-9edfe6e44589,e1f849f8-ff23-4da1-9350-9edfe6e44589,,Dreamwork Tech Internships 2027,Unverified,Not applied,0,0,0,,2026-07-18T23:04:31+00:00,2026-07-20T16:31:26+00:00,0,,Aggregator URL only
416,Posting date unavailable,,unknown,-8,**[Generac](https://www.dreamworkhq.com/c/generac.com?utm_source=github&utm_campaign=gh-tech-internships)**,[Intern Firmware Engineering](https://www.dreamworkhq.com/job/0b760e67-cdd1-4155-b3a8-29607f59acb5?utm_source=github&utm_campaign=gh-tech-internships),Firmware Intern,"Reno, NV - USA",United States,Onsite,,https://www.dreamworkhq.com/job/0b760e67-cdd1-4155-b3a8-29607f59acb5?utm_source=github&utm_campaign=gh-tech-internships,https://www.dreamworkhq.com/job/0b760e67-cdd1-4155-b3a8-29607f59acb5,0b760e67-cdd1-4155-b3a8-29607f59acb5,,Dreamwork Tech Internships 2027,Unverified,Not applied,0,0,0,,2026-07-18T23:04:31+00:00,2026-07-20T16:31:26+00:00,0,,Aggregator URL only
391,Posting date unavailable,,unknown,-8,**[Midmark Corporation Opportuniti…](https://www.dreamworkhq.com/c/midmark.com?utm_source=github&utm_campaign=gh-tech-internships)**,[Firmware Engineering Co-op - Spring 2027](https://www.dreamworkhq.com/job/d907c2cf-ac2d-4cd6-adc1-6bdcdb011846?utm_source=github&utm_campaign=gh-tech-internships),Firmware Intern,"Versailles, OH, United States",United States,Onsite,Spring 2027,https://www.dreamworkhq.com/job/d907c2cf-ac2d-4cd6-adc1-6bdcdb011846?utm_source=github&utm_campaign=gh-tech-internships,https://www.dreamworkhq.com/job/d907c2cf-ac2d-4cd6-adc1-6bdcdb011846,d907c2cf-ac2d-4cd6-adc1-6bdcdb011846,,Dreamwork Tech Internships 2027,Unverified,Not applied,0,0,0,,2026-07-18T23:04:31+00:00,2026-07-20T16:31:26+00:00,0,,Aggregator URL only
417,Posting date unavailable,,unknown,-8,**[Midmark Corporation Opportuniti…](https://www.dreamworkhq.com/c/midmark.com?utm_source=github&utm_campaign=gh-tech-internships)**,[IT Software Development Co-op - Spring 2027](https://www.dreamworkhq.com/job/a980e8dc-f297-4afe-bc56-8d7caf568595?utm_source=github&utm_campaign=gh-tech-internships),Software Developer Co-op,"Versailles, OH, United States",United States,Onsite,Spring 2027,https://www.dreamworkhq.com/job/a980e8dc-f297-4afe-bc56-8d7caf568595?utm_source=github&utm_campaign=gh-tech-internships,https://www.dreamworkhq.com/job/a980e8dc-f297-4afe-bc56-8d7caf568595,a980e8dc-f297-4afe-bc56-8d7caf568595,,Dreamwork Tech Internships 2027,Unverified,Not applied,0,0,0,,2026-07-18T23:04:31+00:00,2026-07-20T16:31:26+00:00,0,,Aggregator URL only
466,Posting date unavailable,,unknown,-8,**[Motorola Solutions](https://www.dreamworkhq.com/c/motorolasolutions.com?utm_source=github&utm_campaign=gh-tech-internships)**,"[Intern - Embedded Software, System, and Test Engineer - 2026](https://www.dreamworkhq.com/job/1ec6c549-24a3-40ec-b69e-87844c34838d?utm_source=github&utm_campaign=gh-tech-internships)",Embedded Software Intern,"Irvine, CA",United States,Onsite,,https://www.dreamworkhq.com/job/1ec6c549-24a3-40ec-b69e-87844c34838d?utm_source=github&utm_campaign=gh-tech-internships,https://www.dreamworkhq.com/job/1ec6c549-24a3-40ec-b69e-87844c34838d,1ec6c549-24a3-40ec-b69e-87844c34838d,,Dreamwork Tech Internships 2027,Unverified,Not applied,0,0,0,,2026-07-18T23:04:31+00:00,2026-07-19T01:48:15+00:00,0,,Aggregator URL only
461,Posting date unavailable,,unknown,-8,**[Neuralink](https://www.dreamworkhq.com/c/neuralink.com?utm_source=github&utm_campaign=gh-tech-internships)**,"[Firmware Engineer Intern, Robotics and Surgery Engineering](https://www.dreamworkhq.com/job/eb7a4f82-ac0b-4362-aa3c-8493399f543b?utm_source=github&utm_campaign=gh-tech-internships)",Firmware Intern,"South San Francisco, California, United Sta…",United States,Onsite,,https://www.dreamworkhq.com/job/eb7a4f82-ac0b-4362-aa3c-8493399f543b?utm_source=github&utm_campaign=gh-tech-internships,https://www.dreamworkhq.com/job/eb7a4f82-ac0b-4362-aa3c-8493399f543b,eb7a4f82-ac0b-4362-aa3c-8493399f543b,,Dreamwork Tech Internships 2027,Unverified,Not applied,0,0,0,,2026-07-18T23:04:31+00:00,2026-07-20T16:31:26+00:00,0,,Aggregator URL only
480,Posting date unavailable,,unknown,-8,**[Notable](https://www.dreamworkhq.com/c/notable.com?utm_source=github&utm_campaign=gh-tech-internships)**,[Security Engineer Intern](https://www.dreamworkhq.com/job/fb94335b-a176-4069-897c-3d75ffab59fb?utm_source=github&utm_campaign=gh-tech-internships),Security Engineering Intern,"San Mateo, CA (Hybrid)",United States,Hybrid,,https://www.dreamworkhq.com/job/fb94335b-a176-4069-897c-3d75ffab59fb?utm_source=github&utm_campaign=gh-tech-internships,https://www.dreamworkhq.com/job/fb94335b-a176-4069-897c-3d75ffab59fb,fb94335b-a176-4069-897c-3d75ffab59fb,,Dreamwork Tech Internships 2027,Unverified,Not applied,0,0,0,,2026-07-18T23:04:31+00:00,2026-07-20T16:31:26+00:00,0,,Aggregator URL only
378,Posting date unavailable,,unknown,-8,GE Aerospace,"Engines Engineering Co-op, Computer/Software Engineering (Spring 2027, Returning Students)",Software Developer Co-op,"Cincinnati, OH / Lynn, MA",United States,Onsite,Spring 2027,https://careers.geaerospace.com/global/en/job/GAOGAYGLOBALR5030073EXTERNALENGLOBAL/Engines-Engineering-Co-op-Computer-or-Software-Engineering-US-Spring-2027-Returning-Students,https://careers.geaerospace.com/global/en/job/GAOGAYGLOBALR5030073EXTERNALENGLOBAL/Engines-Engineering-Co-op-Computer-or-Software-Engineering-US-Spring-2027-Returning-Students,,,sndsh404 Summer2027,Unverified,Not applied,1,0,0,U.S. citizenship required,2026-07-18T23:04:31+00:00,2026-07-20T16:31:26+00:00,0,,Official verification failed (HTTP 410); Verification failed HTTP 410
429,Posting date unavailable,,unknown,-8,**[Fluxergy 2](https://www.dreamworkhq.com/c/fluxergy.com?utm_source=github&utm_campaign=gh-tech-internships)**,[Firmware Engineer Intern](https://www.dreamworkhq.com/job/607ddc9d-5e46-4aae-9913-3d0f1b309323?utm_source=github&utm_campaign=gh-tech-internships),Firmware Intern,"Irvine, California",,Onsite,,https://www.dreamworkhq.com/job/607ddc9d-5e46-4aae-9913-3d0f1b309323?utm_source=github&utm_campaign=gh-tech-internships,https://www.dreamworkhq.com/job/607ddc9d-5e46-4aae-9913-3d0f1b309323,607ddc9d-5e46-4aae-9913-3d0f1b309323,,Dreamwork Tech Internships 2027,Unverified,Not applied,0,0,0,,2026-07-18T23:04:31+00:00,2026-07-20T16:31:26+00:00,0,,Aggregator URL only
481,Posting date unavailable,,unknown,-8,**[Snap](https://www.dreamworkhq.com/c/snap.com?utm_source=github&utm_campaign=gh-tech-internships)**,"[Security Engineer Intern, Summer 2026](https://www.dreamworkhq.com/job/a61296db-20d0-4fe1-8107-4092805779ca?utm_source=github&utm_campaign=gh-tech-internships)",Security Engineering Intern,"Los Angeles, California",,Onsite,,https://www.dreamworkhq.com/job/a61296db-20d0-4fe1-8107-4092805779ca?utm_source=github&utm_campaign=gh-tech-internships,https://www.dreamworkhq.com/job/a61296db-20d0-4fe1-8107-4092805779ca,a61296db-20d0-4fe1-8107-4092805779ca,,Dreamwork Tech Internships 2027,Unverified,Not applied,0,0,0,,2026-07-18T23:04:31+00:00,2026-07-20T16:31:26+00:00,0,,Aggregator URL only
